pkg	kind	name	receiver	versions	overloads	simplest_sig
kotlin	object	_Assertions	-	-	1	internal object _Assertions {
kotlin	val	_v1	-	-	1	val _v1 = _value
kotlin	val	_v2	-	-	1	val _v2 = _value
kotlin	val	A	-	-	2	public val first: A,
kotlin	fun	addSuppressed	Throwable	1.1,1.4	2	public expect fun Throwable.addSuppressed(exception: Throwable)
kotlin	fun	also	T	1.1	1	public inline fun <T> T.also(block: (T) -> Unit): T {
kotlin	fun	and	-	1.2	11	public infix fun and(other: Int): Int
kotlin	interface	Annotation	-	-	2	public expect interface Annotation
kotlin	class	Any	-	-	2	public actual open class Any {
kotlin	var	Any	-	-	4	private var value: Any? = value
kotlin	val	Any	-	-	2	internal val value: Any?
kotlin	fun	apply	T	-	1	public inline fun <T> T.apply(block: T.() -> Unit): T {
kotlin	class	ArithmeticException	-	1.3	1	public expect open class ArithmeticException : RuntimeException {
kotlin	typealias	ArithmeticException	-	1.3	1	@SinceKotlin("1.3") public actual typealias ArithmeticException = java.lang.ArithmeticException
kotlin	class	Array	-	-	2	public expect class Array<T> {
kotlin	val	Array	-	-	3	val data1: Array<String> = [],
kotlin	fun	arrayOf	-	-	2	public expect inline fun <reified T> arrayOf(vararg elements: T): Array<T>
kotlin	fun	arrayOfNulls	-	-	2	public expect fun <reified T> arrayOfNulls(size: Int): Array<T?>
kotlin	fun	assert	-	-	2	public inline fun assert(value: Boolean) {
kotlin	class	AssertionError	-	-	1	public expect open class AssertionError : Error {
kotlin	typealias	AssertionError	-	1.1	1	@SinceKotlin("1.1") public actual typealias AssertionError = java.lang.AssertionError
kotlin	interface	AutoCloseable	-	2.0	1	public expect interface AutoCloseable {
kotlin	fun	AutoCloseable	-	2.0	2	public expect inline fun AutoCloseable(crossinline closeAction: () -> Unit): AutoCloseable
kotlin	typealias	AutoCloseable	-	2.0	1	public actual typealias AutoCloseable = java.lang.AutoCloseable
kotlin	val	B	-	-	2	public val second: B
kotlin	class	Boolean	-	-	2	public expect class Boolean : Comparable<Boolean> {
kotlin	val	Boolean	-	1.2	2	internal val ENABLED: Boolean = javaClass.desiredAssertionStatus()
kotlin	class	BooleanArray	-	-	2	public expect class BooleanArray
kotlin	fun	booleanArrayOf	-	-	2	public expect fun booleanArrayOf(vararg elements: Boolean): BooleanArray
kotlin	class	BuilderInference	-	1.3	1	public annotation class BuilderInference
kotlin	class	Byte	-	-	2	public expect class Byte : Number, Comparable<Byte> {
kotlin	val	Byte	-	-	4	public const val MAX_VALUE: Byte = 127
kotlin	class	ByteArray	-	-	2	public expect class ByteArray
kotlin	fun	byteArrayOf	-	-	2	public expect fun byteArrayOf(vararg elements: Byte): ByteArray
kotlin	val	C	-	-	1	public val third: C
kotlin	fun	callRecursive	-	-	2	public abstract suspend fun callRecursive(value: T): R
kotlin	class	Char	-	-	2	public expect class Char : Comparable<Char> {
kotlin	val	Char	-	1.3	16	public const val MIN_VALUE: Char = '\u0000'
kotlin	fun	Char	-	1.5	3	public inline fun Char(code: Int): Char {
kotlin	class	CharArray	-	-	2	public expect class CharArray
kotlin	fun	charArrayOf	-	-	2	public expect fun charArrayOf(vararg elements: Char): CharArray
kotlin	interface	CharSequence	-	-	2	public expect interface CharSequence {
kotlin	fun	check	-	-	2	public inline fun check(value: Boolean): Unit {
kotlin	fun	checkNotNull	-	-	2	public inline fun <T : Any> checkNotNull(value: T?): T {
kotlin	class	ClassCastException	-	-	1	public expect open class ClassCastException : RuntimeException {
kotlin	typealias	ClassCastException	-	1.1	1	@SinceKotlin("1.1") public actual typealias ClassCastException = java.lang.ClassCastException
kotlin	fun	clone	-	-	1	protected final fun clone(): Any
kotlin	fun	close	-	-	1	public fun close(): Unit
kotlin	fun	closeFinally	AutoCloseable	1.2	1	internal fun AutoCloseable?.closeFinally(cause: Throwable?): Unit = when {
kotlin	interface	Comparable	-	-	2	public expect interface Comparable<in T> {
kotlin	fun	Comparator	-	-	1	public expect fun interface Comparator<T> {
kotlin	typealias	Comparator	-	1.1	1	@SinceKotlin("1.1") public actual typealias Comparator<T> = java.util.Comparator<T>
kotlin	fun	compare	-	-	1	public fun compare(a: T, b: T): Int
kotlin	fun	compareTo	-	1.6	75	public operator fun compareTo(other: T): Int
kotlin	class	ConcurrentModificationException	-	-	1	public expect open class ConcurrentModificationException : RuntimeException {
kotlin	typealias	ConcurrentModificationException	-	1.3	1	@SinceKotlin("1.3") public actual typealias ConcurrentModificationException = java.util.ConcurrentModificationException
kotlin	class	ConsistentCopyVisibility	-	2.0	1	public annotation class ConsistentCopyVisibility
kotlin	val	cont	-	-	1	val cont = this.cont
kotlin	fun	context	-	2.2	22	public inline fun <T, R> context(with: T, block: context(T) () -> R): R {
kotlin	class	ContextFunctionTypeParams	-	1.7	1	public annotation class ContextFunctionTypeParams(val count: Int)
kotlin	fun	contextOf	-	2.2	1	public inline fun <A> contextOf(): @NoInfer A = context
kotlin	fun	countLeadingZeroBits	UInt	1.4,1.5	10	public expect fun Int.countLeadingZeroBits(): Int
kotlin	fun	countOneBits	UInt	1.4,1.5	10	public expect fun Int.countOneBits(): Int
kotlin	fun	countTrailingZeroBits	UInt	1.4,1.5	10	public expect fun Int.countTrailingZeroBits(): Int
kotlin	fun	createFailure	-	1.3	1	internal fun createFailure(exception: Throwable): Any =
kotlin	fun	crossFunctionCompletion	-	-	1	private fun crossFunctionCompletion(
kotlin	val	currentFunction	-	-	1	val currentFunction = this.function
kotlin	fun	dec	-	1.2	20	public operator fun dec(): Int
kotlin	class	DeepRecursiveFunction	-	1.7	1	public class DeepRecursiveFunction<T, R>(
kotlin	typealias	DeepRecursiveFunctionBlock	-	-	1	private typealias DeepRecursiveFunctionBlock = suspend DeepRecursiveScope<*, *>.(Any?) -> Any?
kotlin	var	DeepRecursiveFunctionBlock	-	-	1	private var function: DeepRecursiveFunctionBlock = block as DeepRecursiveFunctionBlock
kotlin	class	DeepRecursiveScope	-	1.7	1	public sealed class DeepRecursiveScope<T, R> {
kotlin	class	DeepRecursiveScopeImpl	-	-	1	private class DeepRecursiveScopeImpl<T, R>(
kotlin	class	Deprecated	-	-	1	public annotation class Deprecated(
kotlin	class	DeprecatedSinceKotlin	-	1.4	1	public annotation class DeprecatedSinceKotlin(
kotlin	val	DeprecationLevel	-	-	1	val level: DeprecationLevel = DeprecationLevel.WARNING
kotlin	class	DeprecationLevel	-	-	1	public enum class DeprecationLevel {
kotlin	fun	div	-	-	90	public operator fun div(other: Int): Int
kotlin	val	dividend	-	-	2	val dividend = v1.toLong()
kotlin	val	divisor	-	-	2	val divisor = v2.toLong()
kotlin	class	Double	-	-	2	public expect class Double : Number, Comparable<Double> {
kotlin	val	Double	-	-	10	public const val NaN: Double = -(0.0/0.0)
kotlin	class	DoubleArray	-	-	2	public expect class DoubleArray
kotlin	fun	doubleArrayOf	-	-	2	public expect fun doubleArrayOf(vararg elements: Double): DoubleArray
kotlin	fun	doubleToUInt	-	-	2	internal expect fun doubleToUInt(value: Double): UInt
kotlin	fun	doubleToULong	-	-	2	internal expect fun doubleToULong(value: Double): ULong
kotlin	class	DslMarker	-	1.1	1	public annotation class DslMarker
kotlin	fun	emptyArray	-	-	2	public expect fun <reified T> emptyArray(): Array<T>
kotlin	class	Enum	-	-	2	public expect abstract class Enum<E : Enum<E>>(name: String, ordinal: Int): Comparable<E> {
kotlin	fun	enumValueOf	-	1.1	2	public expect inline fun <reified T : Enum<T>> enumValueOf(name: String): T
kotlin	fun	enumValues	-	1.1	2	public expect inline fun <reified T : Enum<T>> enumValues(): Array<T>
kotlin	fun	equals	-	-	2	public open operator fun equals(other: Any?): Boolean
kotlin	fun	error	-	-	1	public inline fun error(message: Any): Nothing = throw IllegalStateException(message.toString())
kotlin	class	Error	-	-	1	public expect open class Error : Throwable {
kotlin	typealias	Error	-	1.1	1	@SinceKotlin("1.1") public actual typealias Error = java.lang.Error
kotlin	class	Exception	-	-	1	public expect open class Exception : Throwable {
kotlin	typealias	Exception	-	1.1	1	@SinceKotlin("1.1") public actual typealias Exception = java.lang.Exception
kotlin	fun	exceptionOrNull	-	-	1	public fun exceptionOrNull(): Throwable? =
kotlin	class	ExperimentalMultiplatform	-	-	1	public annotation class ExperimentalMultiplatform
kotlin	class	ExperimentalStdlibApi	-	1.3	1	public annotation class ExperimentalStdlibApi
kotlin	class	ExperimentalSubclassOptIn	-	1.8	1	public annotation class ExperimentalSubclassOptIn
kotlin	class	ExperimentalUnsignedTypes	-	-	1	public annotation class ExperimentalUnsignedTypes
kotlin	class	ExposedCopyVisibility	-	2.0	1	public annotation class ExposedCopyVisibility
kotlin	class	ExtensionFunctionType	-	-	1	public annotation class ExtensionFunctionType
kotlin	fun	failure	-	-	1	public inline fun <T> failure(exception: Throwable): Result<T> =
kotlin	class	Failure	-	-	1	internal class Failure(
kotlin	class	Float	-	-	2	public expect class Float : Number, Comparable<Float> {
kotlin	val	Float	-	-	10	public const val NaN: Float = -(0.0F/0.0F)
kotlin	class	FloatArray	-	-	2	public expect class FloatArray
kotlin	fun	floatArrayOf	-	-	2	public expect fun floatArrayOf(vararg elements: Float): FloatArray
kotlin	fun	floatToUInt	-	-	2	internal expect fun floatToUInt(value: Float): UInt
kotlin	fun	floatToULong	-	-	2	internal expect fun floatToULong(value: Float): ULong
kotlin	fun	floorDiv	-	1.5	32	public inline fun Int.floorDiv(other: Int): Int {
kotlin	fun	fold	-	1.3	1	public inline fun <R, T> Result<T>.fold(
kotlin	fun	fromBits	Double.Companion	1.2	4	public expect fun Float.Companion.fromBits(bits: Int): Float
kotlin	val	function	-	-	1	val function = block as DeepRecursiveFunctionBlock
kotlin	interface	Function	-	-	1	public interface Function<out R>
kotlin	fun	get	-	-	25	public operator fun get(index: Int): T
kotlin	val	get	-	1.5	3	public inline val Char.code: Int get() = this.toInt()
kotlin	fun	getOrDefault	-	1.3	1	public inline fun <R, T : R> Result<T>.getOrDefault(defaultValue: R): R {
kotlin	fun	getOrElse	-	1.3	1	public inline fun <R, T : R> Result<T>.getOrElse(onFailure: (exception: Throwable) -> R): R {
kotlin	fun	getOrNull	-	-	1	public inline fun getOrNull(): T? =
kotlin	fun	getOrThrow	-	1.3	1	public inline fun <T> Result<T>.getOrThrow(): T {
kotlin	fun	getValue	-	1.4	3	public inline operator fun <V> KProperty0<V>.getValue(thisRef: Any?, property: KProperty<*>): V {
kotlin	fun	hashCode	-	1.3	3	public open fun hashCode(): Int
kotlin	class	IgnorableReturnValue	-	2.2	1	public annotation class IgnorableReturnValue
kotlin	class	IllegalArgumentException	-	-	1	public expect open class IllegalArgumentException : RuntimeException {
kotlin	typealias	IllegalArgumentException	-	1.1	1	@SinceKotlin("1.1") public actual typealias IllegalArgumentException = java.lang.IllegalArgumentException
kotlin	class	IllegalStateException	-	-	1	public expect open class IllegalStateException : RuntimeException {
kotlin	typealias	IllegalStateException	-	1.1	1	@SinceKotlin("1.1") public actual typealias IllegalStateException = java.lang.IllegalStateException
kotlin	fun	inc	-	1.2	20	public operator fun inc(): Int
kotlin	var	index	-	-	4	private var index = 0
kotlin	class	IndexOutOfBoundsException	-	-	1	public expect open class IndexOutOfBoundsException : RuntimeException {
kotlin	typealias	IndexOutOfBoundsException	-	1.1	1	@SinceKotlin("1.1") public actual typealias IndexOutOfBoundsException = java.lang.IndexOutOfBoundsException
kotlin	class	InitializedLazyImpl	-	-	1	internal class InitializedLazyImpl<out T>(override val value: T) : Lazy<T>, Serializable {
kotlin	val	initializerValue	-	-	1	val initializerValue = initializer
kotlin	val	Int	-	1.1,1.3,1.4	65	val kind: Int = 1,
kotlin	class	Int	-	-	2	public expect class Int : Number, Comparable<Int> {
kotlin	class	IntArray	-	-	2	public expect class IntArray
kotlin	val	IntArray	-	-	2	val metadataVersion: IntArray = [],
kotlin	fun	intArrayOf	-	-	2	public expect fun intArrayOf(vararg elements: Int): IntArray
kotlin	fun	inv	-	1.2	9	public fun inv(): Int
kotlin	fun	invoke	-	1.7	2	public operator fun <T, R> DeepRecursiveFunction<T, R>.invoke(value: T): R =
kotlin	fun	isAtLeast	-	-	2	public fun isAtLeast(major: Int, minor: Int): Boolean =
kotlin	fun	isFinite	Double	-	4	public expect fun Float.isFinite(): Boolean
kotlin	fun	isInfinite	Double	-	4	public expect fun Float.isInfinite(): Boolean
kotlin	fun	isInitialized	-	-	1	public fun isInitialized(): Boolean
kotlin	fun	isNaN	Double	-	4	public expect fun Float.isNaN(): Boolean
kotlin	fun	iterator	-	-	18	public operator fun iterator(): Iterator<T>
kotlin	class	Iterator	-	-	4	private class Iterator(private val array: IntArray) : kotlin.collections.Iterator<UInt> {
kotlin	class	KotlinNothingValueException	-	1.4	1	internal class KotlinNothingValueException : RuntimeException {
kotlin	class	KotlinNullPointerException	-	-	1	public open class KotlinNullPointerException : NullPointerException {
kotlin	class	KotlinVersion	-	1.1	1	public class KotlinVersion(public val major: Int, public val minor: Int, public val patch: Int) : Comparable<KotlinVersion> {
kotlin	val	KotlinVersion	-	-	1	public val CURRENT: KotlinVersion = KotlinVersionCurrentValue.get()
kotlin	object	KotlinVersionCurrentValue	-	-	1	private object KotlinVersionCurrentValue {
kotlin	fun	lazy	-	-	6	public expect fun <T> lazy(initializer: () -> T): Lazy<T>
kotlin	interface	Lazy	-	-	1	public interface Lazy<out T> {
kotlin	fun	lazyOf	-	-	1	public fun <T> lazyOf(value: T): Lazy<T> = InitializedLazyImpl(value)
kotlin	class	LazyThreadSafetyMode	-	-	1	public enum class LazyThreadSafetyMode {
kotlin	fun	let	T	-	1	public inline fun <T, R> T.let(block: (T) -> R): R {
kotlin	val	Level	-	-	1	val level: Level = Level.ERROR
kotlin	class	Level	-	-	1	public enum class Level {
kotlin	val	List	-	1.4	2	public expect val Throwable.suppressedExceptions: List<Throwable>
kotlin	val	lock	-	-	1	private val lock = lock ?: this
kotlin	val	lockLocal	-	-	1	val lockLocal = lock
kotlin	class	Long	-	-	2	public expect class Long : Number, Comparable<Long> {
kotlin	val	Long	-	-	4	public const val MAX_VALUE: Long = 9223372036854775807L
kotlin	class	LongArray	-	-	2	public expect class LongArray
kotlin	fun	longArrayOf	-	-	2	public expect fun longArrayOf(vararg elements: Long): LongArray
kotlin	fun	map	-	1.3	1	public inline fun <R, T> Result<T>.map(transform: (value: T) -> R): Result<R> {
kotlin	fun	mapCatching	-	1.3	1	public inline fun <R, T> Result<T>.mapCatching(transform: (value: T) -> R): Result<R> {
kotlin	val	message	-	-	5	val message = lazyMessage()
kotlin	class	Metadata	-	1.3	1	public annotation class Metadata(
kotlin	fun	minus	-	-	94	public operator fun minus(other: Int): Int
kotlin	fun	mod	-	1.5	36	public inline fun Int.mod(other: Int): Int {
kotlin	class	MustUseReturnValue	-	2.2	1	public annotation class MustUseReturnValue
kotlin	val	newValue	-	-	1	val newValue = initializerValue()
kotlin	class	NoSuchElementException	-	1.9	1	public expect open class NoSuchElementException : RuntimeException {
kotlin	typealias	NoSuchElementException	-	1.1	1	@SinceKotlin("1.1") public actual typealias NoSuchElementException = java.util.NoSuchElementException
kotlin	fun	not	-	-	2	public operator fun not(): Boolean
kotlin	class	Nothing	-	-	2	public expect class Nothing
kotlin	class	NotImplementedError	-	-	1	public class NotImplementedError(message: String = "An operation is not implemented.") : Error(message)
kotlin	class	NoWhenBranchMatchedException	-	-	2	public expect open class NoWhenBranchMatchedException : RuntimeException {
kotlin	class	NullPointerException	-	-	1	public expect open class NullPointerException : RuntimeException {
kotlin	typealias	NullPointerException	-	1.1	1	@SinceKotlin("1.1") public actual typealias NullPointerException = java.lang.NullPointerException
kotlin	class	Number	-	-	2	public actual abstract class Number {
kotlin	class	NumberFormatException	-	-	1	public expect open class NumberFormatException : IllegalArgumentException {
kotlin	typealias	NumberFormatException	-	1.1	1	@SinceKotlin("1.1") public actual typealias NumberFormatException = java.lang.NumberFormatException
kotlin	fun	onFailure	-	1.3	1	public inline fun <T> Result<T>.onFailure(action: (exception: Throwable) -> Unit): Result<T> {
kotlin	fun	onSuccess	-	1.3	1	public inline fun <T> Result<T>.onSuccess(action: (value: T) -> Unit): Result<T> {
kotlin	class	OptIn	-	1.3	1	public annotation class OptIn(
kotlin	class	OptionalExpectation	-	-	1	public annotation class OptionalExpectation
kotlin	fun	or	-	1.2	11	public infix fun or(other: Int): Int
kotlin	val	otherVersion	-	-	1	val otherVersion = (other as? KotlinVersion) ?: return false
kotlin	class	OverloadResolutionByLambdaReturnType	-	1.4	1	public annotation class OverloadResolutionByLambdaReturnType
kotlin	class	Pair	-	-	1	public data class Pair<out A, out B>(
kotlin	class	ParameterName	-	1.1	1	public annotation class ParameterName(val name: String)
kotlin	fun	plus	-	-	96	public operator fun plus(other: Int): Int
kotlin	fun	printStackTrace	Throwable	1.4	4	public expect fun Throwable.printStackTrace(): Unit
kotlin	class	PublishedApi	-	1.1	1	public annotation class PublishedApi
kotlin	val	pw	-	-	1	val pw = PrintWriter(sw)
kotlin	var	q	-	-	2	var q = this / other
kotlin	val	quotient	-	-	2	val quotient = ((dividend ushr 1) / divisor) shl 1
kotlin	var	quotient	-	-	1	var quotient = ((value ushr 1) / base) shl 1
kotlin	val	r	-	-	5	val r = try {
kotlin	val	R	-	-	1	internal val block: suspend DeepRecursiveScope<T, R>.(T) -> R
kotlin	fun	rangeTo	-	-	38	public operator fun rangeTo(other: Int): IntRange
kotlin	fun	rangeUntil	-	1.9	38	public operator fun rangeUntil(other: Int): IntRange
kotlin	fun	readObject	-	-	2	private fun readObject(input: ObjectInputStream): Unit = throwReadObjectNotSupported()
kotlin	fun	recover	-	1.3	1	public inline fun <R, T : R> Result<T>.recover(transform: (exception: Throwable) -> R): Result<R> {
kotlin	fun	recoverCatching	-	1.3	1	public inline fun <R, T : R> Result<T>.recoverCatching(transform: (exception: Throwable) -> R): Result<R> {
kotlin	fun	rem	-	1.1	90	public operator fun rem(other: Int): Int
kotlin	val	rem	-	-	2	val rem = dividend - quotient * divisor
kotlin	var	rem	-	-	1	var rem = value - quotient * base
kotlin	fun	repeat	-	-	1	public inline fun repeat(times: Int, action: (Int) -> Unit) {
kotlin	val	ReplaceWith	-	-	1	val replaceWith: ReplaceWith = ReplaceWith(""),
kotlin	class	ReplaceWith	-	-	1	public annotation class ReplaceWith(val expression: String, vararg val imports: String)
kotlin	fun	require	-	-	2	public inline fun require(value: Boolean): Unit {
kotlin	fun	requireNotNull	-	-	2	public inline fun <T : Any> requireNotNull(value: T?): T {
kotlin	class	RequiresOptIn	-	1.3	1	public annotation class RequiresOptIn(
kotlin	val	result	-	-	1	val result = this.result
kotlin	var	Result	-	-	1	private var result: Result<Any?> = UNDEFINED_RESULT
kotlin	class	Result	-	1.3	1	public value class Result<out T> @PublishedApi internal constructor(
kotlin	fun	rotateLeft	UInt	1.6	10	public fun Byte.rotateLeft(bitCount: Int): Byte =
kotlin	fun	rotateRight	UInt	1.6	10	public fun Byte.rotateRight(bitCount: Int): Byte =
kotlin	fun	run	-	-	2	public inline fun <R> run(block: () -> R): R {
kotlin	fun	runCallLoop	-	-	1	fun runCallLoop(): R {
kotlin	fun	runCatching	-	1.3	2	public inline fun <R> runCatching(block: () -> R): Result<R> {
kotlin	class	RuntimeException	-	-	1	public expect open class RuntimeException : Exception {
kotlin	typealias	RuntimeException	-	1.1	1	@SinceKotlin("1.1") public actual typealias RuntimeException = java.lang.RuntimeException
kotlin	class	SafePublicationLazyImpl	-	-	1	private class SafePublicationLazyImpl<out T>(initializer: () -> T) : Lazy<T>, Serializable {
kotlin	fun	set	-	-	22	public operator fun set(index: Int, value: UInt) {
kotlin	fun	setValue	-	1.4	2	public inline operator fun <V> KMutableProperty0<V>.setValue(thisRef: Any?, property: KProperty<*>, value: V) {
kotlin	fun	shl	-	1.2	7	public infix fun shl(bitCount: Int): Int
kotlin	class	Short	-	-	2	public expect class Short : Number, Comparable<Short> {
kotlin	val	Short	-	-	4	public const val MAX_VALUE: Short = 32767
kotlin	class	ShortArray	-	-	2	public expect class ShortArray
kotlin	fun	shortArrayOf	-	-	2	public expect fun shortArrayOf(vararg elements: Short): ShortArray
kotlin	fun	shr	-	1.2	7	public infix fun shr(bitCount: Int): Int
kotlin	class	SinceKotlin	-	-	1	public annotation class SinceKotlin(val version: String)
kotlin	fun	stackTraceToString	Throwable	1.4	2	public expect fun Throwable.stackTraceToString(): String
kotlin	val	String	-	1.2	10	val message: String,
kotlin	class	String	-	-	2	public expect class String : Comparable<String>, CharSequence {
kotlin	class	SubclassOptInRequired	-	2.1	1	public annotation class SubclassOptInRequired(
kotlin	fun	subSequence	-	-	2	public fun subSequence(startIndex: Int, endIndex: Int): CharSequence
kotlin	fun	success	-	-	1	public inline fun <T> success(value: T): Result<T> =
kotlin	class	Suppress	-	-	1	public annotation class Suppress(vararg val names: String)
kotlin	fun	suspend	-	1.2	1	public inline fun <R> suspend(noinline block: suspend () -> R): suspend () -> R = block
kotlin	val	sw	-	-	1	val sw = StringWriter()
kotlin	fun	synchronized	-	-	1	public inline fun <R> synchronized(lock: Any, block: () -> R): R {
kotlin	class	SynchronizedLazyImpl	-	-	1	private class SynchronizedLazyImpl<out T>(initializer: () -> T, lock: Any? = null) : Lazy<T>, Serializable {
kotlin	val	T	-	-	1	public val value: T
kotlin	fun	takeHighestOneBit	UInt	1.4,1.5	10	public expect fun Int.takeHighestOneBit(): Int
kotlin	fun	takeIf	T	1.1	1	public inline fun <T> T.takeIf(predicate: (T) -> Boolean): T? {
kotlin	fun	takeLowestOneBit	UInt	1.4,1.5	10	public expect fun Int.takeLowestOneBit(): Int
kotlin	fun	takeUnless	T	1.1	1	public inline fun <T> T.takeUnless(predicate: (T) -> Boolean): T? {
kotlin	class	Throwable	-	-	2	public expect open class Throwable {
kotlin	val	Throwable	-	-	2	val exception: Throwable
kotlin	var	Throwable	-	-	1	var exception: Throwable? = null
kotlin	fun	throwOnFailure	-	1.3	1	internal fun Result<*>.throwOnFailure() {
kotlin	class	Throws	-	1.4	1	public expect annotation class Throws(vararg val exceptionClasses: KClass<out Throwable>)
kotlin	typealias	Throws	-	1.4	1	public actual typealias Throws = kotlin.jvm.Throws
kotlin	fun	times	-	-	90	public operator fun times(other: Int): Int
kotlin	fun	to	A	-	1	public infix fun <A, B> A.to(that: B): Pair<A, B> = Pair(this, that)
kotlin	fun	toBigDecimal	Int	1.2	10	public inline fun BigInteger.toBigDecimal(): BigDecimal = BigDecimal(this)
kotlin	fun	toBigInteger	Int	1.2	2	public inline fun Long.toBigInteger(): BigInteger = BigInteger.valueOf(this)
kotlin	fun	toBits	Double	1.2	4	public expect fun Float.toBits(): Int
kotlin	fun	toByte	-	-	8	public fun toByte(): Byte
kotlin	fun	toChar	-	-	3	public fun toChar(): Char
kotlin	fun	TODO	-	-	2	public inline fun TODO(): Nothing = throw NotImplementedError()
kotlin	fun	toDouble	-	-	8	public fun toDouble(): Double
kotlin	fun	toFloat	-	-	8	public fun toFloat(): Float
kotlin	fun	toInt	-	-	8	public fun toInt(): Int
kotlin	fun	toList	-	-	2	public fun <T> Pair<T, T>.toList(): List<T> = listOf(first, second)
kotlin	fun	toLong	-	-	8	public fun toLong(): Long
kotlin	fun	toRawBits	Double	1.2	4	public expect fun Float.toRawBits(): Int
kotlin	fun	toShort	-	-	8	public fun toShort(): Short
kotlin	fun	toString	-	-	4	public open fun toString(): String
kotlin	fun	toUByte	-	1.5	8	public inline fun toUByte(): UByte = this
kotlin	fun	toUInt	-	1.5	10	public inline fun toUInt(): UInt = this
kotlin	fun	toULong	-	1.5	10	public inline fun toULong(): ULong = this
kotlin	fun	toUShort	-	1.5	8	public inline fun toUShort(): UShort = this
kotlin	class	Triple	-	-	1	public data class Triple<out A, out B, out C>(
kotlin	class	TypeCastException	-	-	1	public open class TypeCastException : ClassCastException {
kotlin	val	typedValue	-	-	1	val typedValue = initializer!!()
kotlin	class	UByte	-	1.5	1	public value class UByte @kotlin.internal.IntrinsicConstEvaluation @PublishedApi internal constructor(@PublishedApi internal val data: Byte) : Comparable<UByte> {
kotlin	val	UByte	-	-	2	public const val MIN_VALUE: UByte = UByte(0)
kotlin	class	UByteArray	-	1.3	1	public value class UByteArray
kotlin	fun	UByteArray	-	1.3	1	public inline fun UByteArray(size: Int, init: (Int) -> UByte): UByteArray {
kotlin	fun	ubyteArrayOf	-	1.3	1	public inline fun ubyteArrayOf(vararg elements: UByte): UByteArray = elements
kotlin	class	UInt	-	1.5	1	public value class UInt @kotlin.internal.IntrinsicConstEvaluation @PublishedApi internal constructor(@PublishedApi internal val data: Int) : Comparable<UInt> {
kotlin	val	UInt	-	-	2	public const val MIN_VALUE: UInt = UInt(0)
kotlin	class	UIntArray	-	1.3	1	public value class UIntArray
kotlin	fun	UIntArray	-	1.3	1	public inline fun UIntArray(size: Int, init: (Int) -> UInt): UIntArray {
kotlin	fun	uintArrayOf	-	1.3	1	public inline fun uintArrayOf(vararg elements: UInt): UIntArray = elements
kotlin	fun	uintCompare	-	-	2	internal expect fun uintCompare(v1: Int, v2: Int): Int
kotlin	fun	uintDivide	-	-	2	internal expect fun uintDivide(v1: UInt, v2: UInt): UInt
kotlin	fun	uintRemainder	-	-	2	internal expect fun uintRemainder(v1: UInt, v2: UInt): UInt
kotlin	fun	uintToDouble	-	-	2	internal expect fun uintToDouble(value: Int): Double
kotlin	fun	uintToFloat	-	-	2	internal expect fun uintToFloat(value: Int): Float
kotlin	fun	uintToLong	-	-	2	internal expect fun uintToLong(value: Int): Long
kotlin	fun	uintToString	-	-	4	internal expect fun uintToString(value: Int): String
kotlin	fun	uintToULong	-	-	2	internal expect fun uintToULong(value: Int): ULong
kotlin	class	ULong	-	1.5	1	public value class ULong @kotlin.internal.IntrinsicConstEvaluation @PublishedApi internal constructor(@PublishedApi internal val data: Long) : Comparable<ULong> {
kotlin	val	ULong	-	-	2	public const val MIN_VALUE: ULong = ULong(0)
kotlin	class	ULongArray	-	1.3	1	public value class ULongArray
kotlin	fun	ULongArray	-	1.3	1	public inline fun ULongArray(size: Int, init: (Int) -> ULong): ULongArray {
kotlin	fun	ulongArrayOf	-	1.3	1	public inline fun ulongArrayOf(vararg elements: ULong): ULongArray = elements
kotlin	fun	ulongCompare	-	-	2	internal expect fun ulongCompare(v1: Long, v2: Long): Int
kotlin	fun	ulongDivide	-	-	2	internal expect fun ulongDivide(v1: ULong, v2: ULong): ULong
kotlin	fun	ulongRemainder	-	-	2	internal expect fun ulongRemainder(v1: ULong, v2: ULong): ULong
kotlin	fun	ulongToDouble	-	-	2	internal expect fun ulongToDouble(value: Long): Double
kotlin	fun	ulongToFloat	-	-	2	internal expect fun ulongToFloat(value: Long): Float
kotlin	fun	ulongToString	-	-	4	internal expect fun ulongToString(value: Long): String
kotlin	fun	unaryMinus	-	-	14	public operator fun unaryMinus(): Int
kotlin	fun	unaryPlus	-	-	12	public operator fun unaryPlus(): Int
kotlin	val	UNDEFINED_RESULT	-	-	1	private val UNDEFINED_RESULT = Result.success(COROUTINE_SUSPENDED)
kotlin	object	UNINITIALIZED_VALUE	-	-	1	internal object UNINITIALIZED_VALUE
kotlin	class	UninitializedPropertyAccessException	-	-	2	public expect class UninitializedPropertyAccessException : RuntimeException {
kotlin	object	Unit	-	-	2	public expect object Unit
kotlin	class	UnsafeLazyImpl	-	-	1	internal class UnsafeLazyImpl<out T>(initializer: () -> T) : Lazy<T>, Serializable {
kotlin	class	UnsafeVariance	-	-	1	public annotation class UnsafeVariance
kotlin	class	UnsupportedOperationException	-	-	1	public expect open class UnsupportedOperationException : RuntimeException {
kotlin	typealias	UnsupportedOperationException	-	1.1	1	@SinceKotlin("1.1") public actual typealias UnsupportedOperationException = java.lang.UnsupportedOperationException
kotlin	fun	use	T	1.2,2.0	2	public expect inline fun <T : AutoCloseable?, R> T.use(block: (T) -> R): R {
kotlin	class	UShort	-	1.5	1	public value class UShort @kotlin.internal.IntrinsicConstEvaluation @PublishedApi internal constructor(@PublishedApi internal val data: Short) : Comparable<UShort> {
kotlin	val	UShort	-	-	2	public const val MIN_VALUE: UShort = UShort(0)
kotlin	class	UShortArray	-	1.3	1	public value class UShortArray
kotlin	fun	UShortArray	-	1.3	1	public inline fun UShortArray(size: Int, init: (Int) -> UShort): UShortArray {
kotlin	fun	ushortArrayOf	-	1.3	1	public inline fun ushortArrayOf(vararg elements: UShort): UShortArray = elements
kotlin	fun	ushr	-	-	4	public infix fun ushr(bitCount: Int): Int
kotlin	val	value	-	-	1	val value = _value
kotlin	val	valueUpdater	-	-	1	private val valueUpdater = java.util.concurrent.atomic.AtomicReferenceFieldUpdater.newUpdater(
kotlin	val	version	-	-	1	private val version = versionOf(major, minor, patch)
kotlin	fun	versionOf	-	-	1	private fun versionOf(major: Int, minor: Int, patch: Int): Int {
kotlin	class	WasExperimental	-	-	1	internal annotation class WasExperimental(
kotlin	fun	with	-	-	1	public inline fun <T, R> with(receiver: T, block: T.() -> R): R {
kotlin	fun	writeReplace	-	-	3	private fun writeReplace(): Any = InitializedLazyImpl(value)
kotlin	fun	xor	-	1.2	11	public infix fun xor(other: Int): Int
kotlin.annotation	class	AnnotationRetention	-	-	1	public enum class AnnotationRetention {
kotlin.annotation	class	AnnotationTarget	-	-	1	public enum class AnnotationTarget {
kotlin.annotation	class	MustBeDocumented	-	-	1	public annotation class MustBeDocumented
kotlin.annotation	class	Repeatable	-	-	1	public annotation class Repeatable
kotlin.annotation	class	Retention	-	-	1	public annotation class Retention(val value: AnnotationRetention = AnnotationRetention.RUNTIME)
kotlin.annotation	class	Target	-	-	1	public annotation class Target(vararg val allowedTargets: AnnotationTarget)
kotlin.collections	class	AbstractCollection	-	1.1	1	public abstract class AbstractCollection<out E> protected constructor() : Collection<E> {
kotlin.collections	class	AbstractIterator	-	-	1	public abstract class AbstractIterator<T> : Iterator<T> {
kotlin.collections	class	AbstractList	-	1.1	1	public abstract class AbstractList<out E> protected constructor() : AbstractCollection<E>(), List<E> {
kotlin.collections	class	AbstractMap	-	1.1	1	public abstract class AbstractMap<K, out V> protected constructor() : Map<K, V> {
kotlin.collections	class	AbstractMutableCollection	-	1.1,1.3	2	public expect abstract class AbstractMutableCollection<E> : MutableCollection<E> {
kotlin.collections	class	AbstractMutableList	-	1.1	2	public expect abstract class AbstractMutableList<E> : MutableList<E> {
kotlin.collections	class	AbstractMutableMap	-	1.1,1.3	2	public expect abstract class AbstractMutableMap<K, V> : MutableMap<K, V> {
kotlin.collections	class	AbstractMutableSet	-	1.1,1.3	2	public expect abstract class AbstractMutableSet<E> : MutableSet<E> {
kotlin.collections	class	AbstractSet	-	1.1	1	public abstract class AbstractSet<out E> protected constructor() : AbstractCollection<E>(), Set<E> {
kotlin.collections	var	accumulator	-	-	204	var accumulator = initial
kotlin.collections	val	accumulator	-	-	1	val accumulator = destination[key]
kotlin.collections	fun	add	-	-	7	fun add(element: T) {
kotlin.collections	fun	addAll	-	-	7	public fun addAll(elements: Collection<E>): Boolean
kotlin.collections	fun	addFirst	-	-	1	public fun addFirst(element: E) {
kotlin.collections	fun	addLast	-	-	1	public fun addLast(element: E) {
kotlin.collections	fun	aggregate	-	1.1	1	public inline fun <T, K, R> Grouping<T, K>.aggregate(
kotlin.collections	fun	aggregateTo	-	1.1	1	public inline fun <T, K, R, M : MutableMap<in K, R>> Grouping<T, K>.aggregateTo(
kotlin.collections	fun	all	-	1.3	15	public inline fun IntArray.all(predicate: (Int) -> Boolean): Boolean {
kotlin.collections	val	answer	-	-	1	val answer = defaultValue()
kotlin.collections	fun	any	-	1.3	30	public fun IntArray.any(): Boolean {
kotlin.collections	var	Array	-	-	1	private var elementData: Array<Any?>
kotlin.collections	val	Array	-	-	1	val result: Array<T?> =
kotlin.collections	class	ArrayAsCollection	-	-	1	private class ArrayAsCollection<T>(val values: Array<out T>, val isVarargs: Boolean) : Collection<T> {
kotlin.collections	class	ArrayDeque	-	1.4	1	public class ArrayDeque<E> : AbstractMutableList<E> {
kotlin.collections	val	ArrayList	-	-	1	val list: ArrayList<T>
kotlin.collections	class	ArrayList	-	-	1	public expect class ArrayList<E> : MutableList<E>, RandomAccess {
kotlin.collections	typealias	ArrayList	-	1.1	1	@SinceKotlin("1.1") public actual typealias ArrayList<E> = java.util.ArrayList<E>
kotlin.collections	fun	arrayListOf	-	1.1	2	public fun <T> arrayListOf(vararg elements: T): ArrayList<T> =
kotlin.collections	fun	arrayOfNulls	-	-	2	internal expect fun <T> arrayOfNulls(reference: Array<T>, size: Int): Array<T>
kotlin.collections	val	arraySize	-	-	23	val arraySize = size
kotlin.collections	fun	asArrayList	-	-	2	internal expect inline fun <T> Array<out T>.asArrayList(): ArrayList<T>
kotlin.collections	fun	asByteArray	UByteArray	1.3	1	public inline fun UByteArray.asByteArray(): ByteArray {
kotlin.collections	fun	asCollection	-	-	1	internal fun <T> Array<out T>.asCollection(isVarargs: Boolean = false): Collection<T> = ArrayAsCollection(this, isVarargs = isVarargs)
kotlin.collections	fun	asIntArray	UIntArray	1.3	1	public inline fun UIntArray.asIntArray(): IntArray {
kotlin.collections	fun	asIterable	-	-	11	public fun IntArray.asIterable(): Iterable<Int> {
kotlin.collections	fun	asList	-	1.3	26	public expect fun IntArray.asList(): List<Int>
kotlin.collections	fun	asLongArray	ULongArray	1.3	1	public inline fun ULongArray.asLongArray(): LongArray {
kotlin.collections	fun	asReversed	-	-	2	public fun <T> List<T>.asReversed(): List<T> = ReversedListReadOnly(this)
kotlin.collections	fun	asSequence	-	-	11	public fun IntArray.asSequence(): Sequence<Int> {
kotlin.collections	fun	asShortArray	UShortArray	1.3	1	public inline fun UShortArray.asShortArray(): ShortArray {
kotlin.collections	fun	associate	-	-	10	public inline fun <K, V> IntArray.associate(transform: (Int) -> Pair<K, V>): Map<K, V> {
kotlin.collections	fun	associateBy	-	-	20	public inline fun <K> IntArray.associateBy(keySelector: (Int) -> K): Map<K, Int> {
kotlin.collections	fun	associateByTo	-	-	20	public inline fun <K, M : MutableMap<in K, in Int>> IntArray.associateByTo(destination: M, keySelector: (Int) -> K): M {
kotlin.collections	fun	associateTo	-	-	10	public inline fun <K, V, M : MutableMap<in K, in V>> IntArray.associateTo(destination: M, transform: (Int) -> Pair<K, V>): M {
kotlin.collections	fun	associateWith	-	1.3,1.4	14	public inline fun <V> IntArray.associateWith(valueSelector: (Int) -> V): Map<Int, V> {
kotlin.collections	fun	associateWithTo	-	1.3,1.4	14	public inline fun <V, M : MutableMap<in Int, in V>> IntArray.associateWithTo(destination: M, valueSelector: (Int) -> V): M {
kotlin.collections	fun	asUByteArray	ByteArray	1.3	1	public inline fun ByteArray.asUByteArray(): UByteArray {
kotlin.collections	fun	asUIntArray	IntArray	1.3	1	public inline fun IntArray.asUIntArray(): UIntArray {
kotlin.collections	fun	asULongArray	LongArray	1.3	1	public inline fun LongArray.asULongArray(): ULongArray {
kotlin.collections	fun	asUShortArray	ShortArray	1.3	1	public inline fun ShortArray.asUShortArray(): UShortArray {
kotlin.collections	fun	average	-	-	18	public fun IntArray.average(): Double {
kotlin.collections	var	BigDecimal	java.math	-	14	var sum: java.math.BigDecimal = 0.toBigDecimal()
kotlin.collections	var	BigInteger	java.math	-	14	var sum: java.math.BigInteger = 0.toBigInteger()
kotlin.collections	fun	binarySearch	-	1.3	16	public fun IntArray.binarySearch(element: Int, fromIndex: Int = 0, toIndex: Int = size): Int {
kotlin.collections	fun	binarySearchBy	-	-	1	public inline fun <T, K : Comparable<K>> List<T>.binarySearchBy(
kotlin.collections	var	Boolean	-	-	4	var single: Boolean? = null
kotlin.collections	class	BooleanIterator	-	-	1	public abstract class BooleanIterator : Iterator<Boolean> {
kotlin.collections	var	buffer	-	-	2	var buffer = ArrayList<T>(bufferInitialCapacity)
kotlin.collections	val	bufferInitialCapacity	-	-	1	val bufferInitialCapacity = size.coerceAtMost(1024)
kotlin.collections	fun	build	-	1.3	3	internal fun <E> build(builder: MutableSet<E>): Set<E> {
kotlin.collections	fun	buildList	-	1.6	2	public inline fun <E> buildList(@BuilderInference builderAction: MutableList<E>.() -> Unit): List<E> {
kotlin.collections	fun	buildListInternal	-	1.3	4	internal expect inline fun <E> buildListInternal(builderAction: MutableList<E>.() -> Unit): List<E>
kotlin.collections	fun	buildMap	-	1.6	2	public inline fun <K, V> buildMap(@BuilderInference builderAction: MutableMap<K, V>.() -> Unit): Map<K, V> {
kotlin.collections	fun	buildMapInternal	-	1.3	4	internal expect inline fun <K, V> buildMapInternal(builderAction: MutableMap<K, V>.() -> Unit): Map<K, V>
kotlin.collections	fun	buildSet	-	1.6	2	public inline fun <E> buildSet(@BuilderInference builderAction: MutableSet<E>.() -> Unit): Set<E> {
kotlin.collections	fun	buildSetInternal	-	1.3	4	internal expect inline fun <E> buildSetInternal(builderAction: MutableSet<E>.() -> Unit): Set<E>
kotlin.collections	var	Byte	-	-	2	var single: Byte? = null
kotlin.collections	class	ByteIterator	-	-	1	public abstract class ByteIterator : Iterator<Byte> {
kotlin.collections	val	capacity	-	-	31	private val capacity = buffer.size
kotlin.collections	var	Char	-	-	2	var single: Char? = null
kotlin.collections	class	CharIterator	-	-	1	public abstract class CharIterator : Iterator<Char> {
kotlin.collections	fun	checkBoundsIndexes	-	-	1	internal fun checkBoundsIndexes(startIndex: Int, endIndex: Int, size: Int) {
kotlin.collections	fun	checkCountOverflow	-	1.3	2	internal expect fun checkCountOverflow(count: Int): Int
kotlin.collections	fun	checkElementIndex	-	-	1	internal fun checkElementIndex(index: Int, size: Int) {
kotlin.collections	fun	checkIndexOverflow	-	1.3	2	internal expect fun checkIndexOverflow(index: Int): Int
kotlin.collections	fun	checkPositionIndex	-	-	1	internal fun checkPositionIndex(index: Int, size: Int) {
kotlin.collections	fun	checkRangeIndexes	-	-	1	internal fun checkRangeIndexes(fromIndex: Int, toIndex: Int, size: Int) {
kotlin.collections	fun	checkWindowSizeStep	-	-	1	internal fun checkWindowSizeStep(size: Int, step: Int) {
kotlin.collections	fun	chunked	-	1.2	2	public fun <T> Iterable<T>.chunked(size: Int): List<List<T>> {
kotlin.collections	fun	clear	-	-	4	public fun clear(): Unit
kotlin.collections	val	cmp	-	-	7	val cmp = comparison(midVal)
kotlin.collections	interface	Collection	-	-	2	public expect interface Collection<out E> : Iterable<E> {
kotlin.collections	val	Collection	-	-	2	public val values: Collection<V>
kotlin.collections	fun	collectionSizeOrDefault	-	-	1	internal fun <T> Iterable<T>.collectionSizeOrDefault(default: Int): Int = if (this is Collection<*>) this.size else default
kotlin.collections	fun	collectionSizeOrNull	-	-	1	internal fun <T> Iterable<T>.collectionSizeOrNull(): Int? = if (this is Collection<*>) this.size else null
kotlin.collections	fun	collectionToArray	-	-	4	internal expect fun collectionToArray(collection: Collection<*>): Array<Any?>
kotlin.collections	fun	collectionToArrayCommonImpl	-	-	2	internal fun collectionToArrayCommonImpl(collection: Collection<*>): Array<Any?> {
kotlin.collections	fun	component1	-	1.3	15	public inline operator fun IntArray.component1(): Int {
kotlin.collections	fun	component2	-	1.3	15	public inline operator fun IntArray.component2(): Int {
kotlin.collections	fun	component3	-	1.3	14	public inline operator fun IntArray.component3(): Int {
kotlin.collections	fun	component4	-	1.3	14	public inline operator fun IntArray.component4(): Int {
kotlin.collections	fun	component5	-	1.3	14	public inline operator fun IntArray.component5(): Int {
kotlin.collections	fun	computeNext	-	-	1	protected abstract fun computeNext(): Unit
kotlin.collections	fun	contains	-	-	13	public operator fun IntArray.contains(element: Int): Boolean {
kotlin.collections	fun	containsAll	-	-	3	public fun containsAll(elements: Collection<@UnsafeVariance E>): Boolean
kotlin.collections	fun	containsEntry	-	-	1	internal fun containsEntry(entry: Map.Entry<*, *>?): Boolean {
kotlin.collections	fun	containsKey	-	-	3	public fun containsKey(key: K): Boolean
kotlin.collections	fun	containsValue	-	-	3	public fun containsValue(value: @UnsafeVariance V): Boolean
kotlin.collections	fun	contentDeepEquals	-	1.1,1.4	4	public expect infix fun <T> Array<out T>.contentDeepEquals(other: Array<out T>): Boolean
kotlin.collections	fun	contentDeepEqualsImpl	-	1.3	1	internal fun <T> Array<out T>?.contentDeepEqualsImpl(other: Array<out T>?): Boolean {
kotlin.collections	fun	contentDeepHashCode	-	1.1,1.4	4	public expect fun <T> Array<out T>.contentDeepHashCode(): Int
kotlin.collections	fun	contentDeepHashCodeImpl	-	1.3	1	internal fun <T> Array<out T>?.contentDeepHashCodeImpl(): Int =
kotlin.collections	fun	contentDeepToString	-	1.1,1.4	4	public expect fun <T> Array<out T>.contentDeepToString(): String
kotlin.collections	fun	contentDeepToStringImpl	-	1.3	1	internal fun <T> Array<out T>?.contentDeepToStringImpl(): String {
kotlin.collections	fun	contentDeepToStringInternal	-	-	1	private fun <T> Array<out T>.contentDeepToStringInternal(result: StringBuilder, processed: MutableList<Array<*>>) {
kotlin.collections	fun	contentEquals	-	1.4	22	public infix fun UIntArray?.contentEquals(other: UIntArray?): Boolean {
kotlin.collections	fun	contentHashCode	-	1.4	22	public fun UIntArray?.contentHashCode(): Int {
kotlin.collections	fun	contentToString	-	1.4	22	public fun UIntArray?.contentToString(): String {
kotlin.collections	fun	convertToListIfNotCollection	-	-	1	internal fun <T> Iterable<T>.convertToListIfNotCollection(): Collection<T> =
kotlin.collections	val	copy	-	-	13	val copy = this[i]
kotlin.collections	fun	copyCollectionElements	-	-	1	private fun copyCollectionElements(internalIndex: Int, elements: Collection<E>) {
kotlin.collections	var	copyCount	-	-	2	var copyCount = fromIndex
kotlin.collections	fun	copyElements	-	-	1	private fun copyElements(newCapacity: Int) {
kotlin.collections	var	copyFromIndex	-	-	2	var copyFromIndex = internalIndex(toIndex)
kotlin.collections	fun	copyInto	-	1.3	22	public expect fun IntArray.copyInto(destination: IntArray, destinationOffset: Int = 0, startIndex: Int = 0, endIndex: Int = size): IntArray
kotlin.collections	fun	copyOf	-	1.3	44	public expect fun IntArray.copyOf(): IntArray
kotlin.collections	fun	copyOfRange	-	1.3	22	public expect fun IntArray.copyOfRange(fromIndex: Int, toIndex: Int): IntArray
kotlin.collections	fun	copyOfRangeImpl	-	1.3	9	internal fun IntArray.copyOfRangeImpl(fromIndex: Int, toIndex: Int): IntArray {
kotlin.collections	fun	copyOfRangeToIndexCheck	-	1.3	1	internal fun copyOfRangeToIndexCheck(toIndex: Int, size: Int) {
kotlin.collections	fun	copyToArrayOfAny	-	-	2	internal expect fun <T> Array<out T>.copyToArrayOfAny(isVarargs: Boolean): Array<out Any?>
kotlin.collections	var	copyToIndex	-	-	2	var copyToIndex = internalIndex(fromIndex)
kotlin.collections	var	count	-	-	44	var count = 0
kotlin.collections	fun	count	-	1.3	27	public inline fun IntArray.count(): Int {
kotlin.collections	fun	createListBuilder	-	1.3	2	internal fun <E> createListBuilder(): MutableList<E> {
kotlin.collections	fun	createMapBuilder	-	1.3	2	internal fun <K, V> createMapBuilder(): MutableMap<K, V> {
kotlin.collections	fun	createSetBuilder	-	1.3	2	internal fun <E> createSetBuilder(): MutableSet<E> {
kotlin.collections	var	current	-	-	1	var current = iterator.next()
kotlin.collections	fun	decremented	-	-	1	private fun decremented(index: Int): Int = if (index == 0) elementData.lastIndex else index - 1
kotlin.collections	val	decrementedHead	-	-	1	val decrementedHead = decremented(head)
kotlin.collections	val	decrementedInternalIndex	-	-	1	val decrementedInternalIndex = decremented(internalIndex)
kotlin.collections	val	defaultMinCapacity	-	-	1	private const val defaultMinCapacity = 10
kotlin.collections	val	delegateIterator	-	-	2	val delegateIterator = delegate.listIterator(reversePositionIndex(index))
kotlin.collections	val	dest	-	-	1	val dest = (if (array.size >= size) array else arrayOfNulls(array, size)) as Array<Any?>
kotlin.collections	val	destination	-	-	2	val destination = arrayOfNulls<Any>(collection.size)
kotlin.collections	fun	distinct	-	-	10	public fun IntArray.distinct(): List<Int> {
kotlin.collections	fun	distinctBy	-	-	10	public inline fun <K> IntArray.distinctBy(selector: (Int) -> K): List<Int> {
kotlin.collections	fun	done	-	-	1	protected fun done() {
kotlin.collections	var	Double	-	-	51	var sum: Double = 0.0
kotlin.collections	class	DoubleIterator	-	-	1	public abstract class DoubleIterator : Iterator<Double> {
kotlin.collections	fun	drop	-	1.3	14	public fun IntArray.drop(n: Int): List<Int> {
kotlin.collections	fun	dropLast	-	1.3	14	public fun IntArray.dropLast(n: Int): List<Int> {
kotlin.collections	fun	dropLastWhile	-	1.3	14	public inline fun <T> List<T>.dropLastWhile(predicate: (T) -> Boolean): List<T> {
kotlin.collections	fun	dropWhile	-	1.3	14	public inline fun IntArray.dropWhile(predicate: (Int) -> Boolean): List<Int> {
kotlin.collections	val	e	-	-	180	val e = this[i]
kotlin.collections	fun	eachCount	-	1.1	2	public expect fun <T, K> Grouping<T, K>.eachCount(): Map<K, Int>
kotlin.collections	fun	eachCountTo	-	1.1	1	public fun <T, K, M : MutableMap<in K, Int>> Grouping<T, K>.eachCountTo(destination: M): M =
kotlin.collections	fun	eachSumOf	-	-	1	public inline fun <T, K> Grouping<T, K>.eachSumOf(valueSelector: (T) -> Int): Map<K, Int> =
kotlin.collections	fun	eachSumOfTo	-	1.1	1	public inline fun <T, K, M : MutableMap<in K, Int>> Grouping<T, K>.eachSumOfTo(destination: M, valueSelector: (T) -> Int): M =
kotlin.collections	val	element	-	-	38	val element = this[i]
kotlin.collections	fun	elementAt	-	1.3	28	public expect fun IntArray.elementAt(index: Int): Int
kotlin.collections	fun	elementAtOrElse	-	1.3	15	public fun <T> Iterable<T>.elementAtOrElse(index: Int, defaultValue: (Int) -> T): T {
kotlin.collections	fun	elementAtOrNull	-	1.3	15	public fun <T> Iterable<T>.elementAtOrNull(index: Int): T? {
kotlin.collections	val	elementsSize	-	-	1	val elementsSize = elements.size
kotlin.collections	val	elementsToShift	-	-	1	val elementsToShift = internalIndex - head
kotlin.collections	val	elemOther	-	-	1	val elemOther = otherIterator.next()
kotlin.collections	val	emptyElementData	-	-	1	private val emptyElementData = emptyArray<Any?>()
kotlin.collections	object	EmptyIterator	-	-	1	internal object EmptyIterator : ListIterator<Nothing> {
kotlin.collections	fun	emptyList	-	-	1	public fun <T> emptyList(): List<T> = EmptyList
kotlin.collections	object	EmptyList	-	-	1	internal object EmptyList : List<Nothing>, Serializable, RandomAccess {
kotlin.collections	fun	emptyMap	-	-	1	public fun <K, V> emptyMap(): Map<K, V> = @Suppress("UNCHECKED_CAST") (EmptyMap as Map<K, V>)
kotlin.collections	object	EmptyMap	-	-	1	private object EmptyMap : Map<Any?, Nothing>, Serializable {
kotlin.collections	fun	emptySet	-	-	1	public fun <T> emptySet(): Set<T> = EmptySet
kotlin.collections	object	EmptySet	-	-	1	internal object EmptySet : Set<Nothing>, Serializable {
kotlin.collections	val	end	-	-	1	val end = start.forward(n)
kotlin.collections	fun	ensureCapacity	-	-	2	public fun ensureCapacity(minCapacity: Int)
kotlin.collections	interface	Entry	-	-	2	public interface Entry<out K, out V> {
kotlin.collections	fun	entryEquals	-	-	1	internal fun entryEquals(e: Map.Entry<*, *>, other: Any?): Boolean {
kotlin.collections	fun	entryHashCode	-	-	1	internal fun entryHashCode(e: Map.Entry<*, *>): Int = with(e) { (key?.hashCode() ?: 0) xor (value?.hashCode() ?: 0) }
kotlin.collections	val	entryIterator	-	-	2	val entryIterator = entries.iterator()
kotlin.collections	fun	entryToString	-	-	1	internal fun entryToString(e: Map.Entry<*, *>): String = with(e) { "$key=$value" }
kotlin.collections	val	estimatedSize	-	-	2	val estimatedSize = collectionSizeOrDefault(9)
kotlin.collections	fun	expanded	-	-	1	fun expanded(maxCapacity: Int): RingBuffer<T> {
kotlin.collections	val	expectedSize	-	-	2	val expectedSize = size - iterator.nextIndex()
kotlin.collections	fun	fill	-	1.2,1.3	24	public expect fun <T> MutableList<T>.fill(value: T): Unit
kotlin.collections	fun	filter	-	1.3	15	public inline fun IntArray.filter(predicate: (Int) -> Boolean): List<Int> {
kotlin.collections	fun	filterIndexed	-	1.3	14	public inline fun IntArray.filterIndexed(predicate: (index: Int, Int) -> Boolean): List<Int> {
kotlin.collections	fun	filterIndexedTo	-	1.3	14	public inline fun <C : MutableCollection<in Int>> IntArray.filterIndexedTo(destination: C, predicate: (index: Int, Int) -> Boolean): C {
kotlin.collections	fun	filterInPlace	-	-	3	private inline fun filterInPlace(predicate: (E) -> Boolean): Boolean {
kotlin.collections	fun	filterIsInstance	-	-	4	public fun <R> Array<*>.filterIsInstance(klass: Class<R>): List<R> {
kotlin.collections	fun	filterIsInstanceTo	-	-	4	public inline fun <reified R, C : MutableCollection<in R>> Array<*>.filterIsInstanceTo(destination: C): C {
kotlin.collections	fun	filterKeys	-	-	1	public inline fun <K, V> Map<out K, V>.filterKeys(predicate: (K) -> Boolean): Map<K, V> {
kotlin.collections	fun	filterNot	-	1.3	15	public inline fun IntArray.filterNot(predicate: (Int) -> Boolean): List<Int> {
kotlin.collections	fun	filterNotNull	-	-	2	public fun <T : Any> Iterable<T?>.filterNotNull(): List<T> {
kotlin.collections	fun	filterNotNullTo	-	-	2	public fun <C : MutableCollection<in T>, T : Any> Iterable<T?>.filterNotNullTo(destination: C): C {
kotlin.collections	fun	filterNotTo	-	1.3	15	public inline fun <C : MutableCollection<in Int>> IntArray.filterNotTo(destination: C, predicate: (Int) -> Boolean): C {
kotlin.collections	fun	filterTo	-	1.3	15	public inline fun <C : MutableCollection<in Int>> IntArray.filterTo(destination: C, predicate: (Int) -> Boolean): C {
kotlin.collections	fun	filterValues	-	-	1	public inline fun <K, V> Map<out K, V>.filterValues(predicate: (V) -> Boolean): Map<K, V> {
kotlin.collections	fun	find	-	1.3	14	public inline fun IntArray.find(predicate: (Int) -> Boolean): Int? {
kotlin.collections	fun	findLast	-	1.3	15	public inline fun <T> List<T>.findLast(predicate: (T) -> Boolean): T? {
kotlin.collections	fun	first	-	1.3	30	public fun IntArray.first(): Int {
kotlin.collections	val	first	-	-	12	val first = iterator()
kotlin.collections	fun	firstNotNullOf	-	1.5	3	public inline fun <T, R : Any> Iterable<T>.firstNotNullOf(transform: (T) -> R?): R {
kotlin.collections	fun	firstNotNullOfOrNull	-	1.5	3	public inline fun <T, R : Any> Iterable<T>.firstNotNullOfOrNull(transform: (T) -> R?): R? {
kotlin.collections	fun	firstOrNull	-	1.3	30	public fun IntArray.firstOrNull(): Int? {
kotlin.collections	fun	flatMap	-	1.3,1.4	18	public inline fun <R> IntArray.flatMap(transform: (Int) -> Iterable<R>): List<R> {
kotlin.collections	fun	flatMapIndexed	-	1.4	16	public inline fun <R> IntArray.flatMapIndexed(transform: (index: Int, Int) -> Iterable<R>): List<R> {
kotlin.collections	fun	flatMapIndexedTo	-	1.4	16	public inline fun <R, C : MutableCollection<in R>> IntArray.flatMapIndexedTo(destination: C, transform: (index: Int, Int) -> Iterable<R>): C {
kotlin.collections	fun	flatMapTo	-	1.3,1.4	18	public inline fun <R, C : MutableCollection<in R>> IntArray.flatMapTo(destination: C, transform: (Int) -> Iterable<R>): C {
kotlin.collections	fun	flatten	-	-	2	public fun <T> Iterable<Iterable<T>>.flatten(): List<T> {
kotlin.collections	var	Float	-	-	5	var sum: Float = 0.0f
kotlin.collections	class	FloatIterator	-	-	1	public abstract class FloatIterator : Iterator<Float> {
kotlin.collections	fun	fold	-	1.1,1.3	16	public inline fun <T, K, R> Grouping<T, K>.fold(
kotlin.collections	fun	foldIndexed	-	1.3	14	public inline fun <R> IntArray.foldIndexed(initial: R, operation: (index: Int, acc: R, Int) -> R): R {
kotlin.collections	fun	foldRight	-	1.3	14	public inline fun <R> IntArray.foldRight(initial: R, operation: (Int, acc: R) -> R): R {
kotlin.collections	fun	foldRightIndexed	-	1.3	14	public inline fun <R> IntArray.foldRightIndexed(initial: R, operation: (index: Int, Int, acc: R) -> R): R {
kotlin.collections	fun	foldTo	-	1.1	2	public inline fun <T, K, R, M : MutableMap<in K, R>> Grouping<T, K>.foldTo(
kotlin.collections	fun	forEach	-	1.3	16	public inline fun IntArray.forEach(action: (Int) -> Unit): Unit {
kotlin.collections	fun	forEachIndexed	-	1.3	14	public inline fun IntArray.forEachIndexed(action: (index: Int, Int) -> Unit): Unit {
kotlin.collections	fun	forward	Int	-	1	private inline fun Int.forward(n: Int): Int = (this + n) % capacity
kotlin.collections	var	found	-	-	29	var found = false
kotlin.collections	val	gap	-	-	1	val gap = step - size
kotlin.collections	fun	get	-	-	5	public operator fun get(key: K): V?
kotlin.collections	fun	getOrDefault	-	1.1,1.2	2	public fun getOrDefault(key: K, defaultValue: @UnsafeVariance V): V {
kotlin.collections	fun	getOrElse	-	1.3	15	public inline fun <K, V> Map<K, V>.getOrElse(key: K, defaultValue: () -> V): V {
kotlin.collections	fun	getOrElseNullable	-	-	1	internal inline fun <K, V> Map<K, V>.getOrElseNullable(key: K, defaultValue: () -> V): V {
kotlin.collections	fun	getOrImplicitDefault	-	-	2	public fun getOrImplicitDefault(key: K): V
kotlin.collections	fun	getOrNull	-	1.3	14	public fun IntArray.getOrNull(index: Int): Int? {
kotlin.collections	fun	getOrPut	-	-	2	public inline fun <K, V> MutableMap<K, V>.getOrPut(key: K, defaultValue: () -> V): V {
kotlin.collections	fun	getValue	-	1.1	3	public fun <K, V> Map<K, V>.getValue(key: K): V = getOrImplicitDefault(key)
kotlin.collections	fun	groupBy	-	1.3	28	public inline fun <K> IntArray.groupBy(keySelector: (Int) -> K): Map<K, List<Int>> {
kotlin.collections	fun	groupByTo	-	1.3	28	public inline fun <K, M : MutableMap<in K, MutableList<Int>>> IntArray.groupByTo(destination: M, keySelector: (Int) -> K): M {
kotlin.collections	interface	Grouping	-	1.1	1	public interface Grouping<T, out K> {
kotlin.collections	fun	groupingBy	-	1.1	2	public inline fun <T, K> Iterable<T>.groupingBy(crossinline keySelector: (T) -> K): Grouping<T, K> {
kotlin.collections	var	hashCode	-	-	2	var hashCode = 1
kotlin.collections	class	HashMap	-	-	1	public expect class HashMap<K, V> : MutableMap<K, V> {
kotlin.collections	typealias	HashMap	-	1.1	1	@SinceKotlin("1.1") public actual typealias HashMap<K, V> = java.util.HashMap<K, V>
kotlin.collections	fun	hashMapOf	-	1.1	2	public inline fun <K, V> hashMapOf(): HashMap<K, V> = HashMap<K, V>()
kotlin.collections	class	HashSet	-	-	1	public expect class HashSet<E> : MutableSet<E> {
kotlin.collections	typealias	HashSet	-	1.1	1	@SinceKotlin("1.1") public actual typealias HashSet<E> = java.util.HashSet<E>
kotlin.collections	fun	hashSetOf	-	1.1	2	public inline fun <T> hashSetOf(): HashSet<T> = HashSet()
kotlin.collections	fun	hasNext	-	-	2	public operator fun hasNext(): Boolean
kotlin.collections	fun	hasPrevious	-	-	2	public fun hasPrevious(): Boolean
kotlin.collections	val	head	-	-	1	val head = if (isEmpty() || head < tail) head else head - elementData.size
kotlin.collections	var	high	-	-	7	var high = toIndex - 1
kotlin.collections	var	i	-	-	18	var i = 0
kotlin.collections	var	idx	-	-	1	var idx = startIndex
kotlin.collections	fun	ifEmpty	C	1.3	3	public inline fun <C, R> C.ifEmpty(defaultValue: () -> R): R where C : Array<*>, C : R {
kotlin.collections	fun	implFindEntry	-	-	1	private fun implFindEntry(key: K): Map.Entry<K, V>? = entries.firstOrNull { it.key == key }
kotlin.collections	fun	incremented	-	-	1	private fun incremented(index: Int): Int = if (index == elementData.lastIndex) 0 else index + 1
kotlin.collections	var	index	-	-	177	var index = 0
kotlin.collections	val	index	-	-	17	val index = size
kotlin.collections	class	IndexedValue	-	-	1	public data class IndexedValue<out T>(public val index: Int, public val value: T)
kotlin.collections	class	IndexingIterable	-	-	1	internal class IndexingIterable<out T>(private val iteratorFactory: () -> Iterator<T>) : Iterable<IndexedValue<T>> {
kotlin.collections	class	IndexingIterator	-	-	1	internal class IndexingIterator<out T>(private val iterator: Iterator<T>) : Iterator<IndexedValue<T>> {
kotlin.collections	fun	indexOf	-	1.3	17	public fun IntArray.indexOf(element: Int): Int {
kotlin.collections	fun	indexOfFirst	-	1.3	15	public inline fun IntArray.indexOfFirst(predicate: (Int) -> Boolean): Int {
kotlin.collections	fun	indexOfLast	-	1.3	15	public inline fun IntArray.indexOfLast(predicate: (Int) -> Boolean): Int {
kotlin.collections	var	Int	-	2.0	60	var sum: Int = 0
kotlin.collections	val	Int	-	1.3	23	public val size: Int
kotlin.collections	fun	internalGet	-	-	1	private inline fun internalGet(internalIndex: Int): E {
kotlin.collections	fun	internalIndex	-	-	1	private inline fun internalIndex(index: Int): Int = positiveMod(head + index)
kotlin.collections	val	internalIndex	-	-	4	val internalIndex = internalIndex(index)
kotlin.collections	val	internalLastIndex	-	-	2	val internalLastIndex = internalIndex(lastIndex)
kotlin.collections	fun	internalStructure	-	-	1	internal fun internalStructure(structure: (head: Int, elements: Array<Any?>) -> Unit) {
kotlin.collections	fun	intersect	-	-	10	public infix fun IntArray.intersect(other: Iterable<Int>): Set<Int> {
kotlin.collections	class	IntIterator	-	-	1	public abstract class IntIterator : Iterator<Int> {
kotlin.collections	val	IntRange	-	1.3	14	public val IntArray.indices: IntRange
kotlin.collections	fun	isEmpty	-	-	13	public fun isEmpty(): Boolean
kotlin.collections	fun	isFull	-	-	1	fun isFull() = size == capacity
kotlin.collections	fun	isNotEmpty	-	-	11	public inline fun IntArray.isNotEmpty(): Boolean {
kotlin.collections	fun	isNullOrEmpty	-	1.3	3	public inline fun Array<*>?.isNullOrEmpty(): Boolean {
kotlin.collections	fun	Iterable	-	-	1	public inline fun <T> Iterable(crossinline iterator: () -> Iterator<T>): Iterable<T> = object : Iterable<T> {
kotlin.collections	interface	Iterable	-	-	2	public expect interface Iterable<out T> {
kotlin.collections	val	iterator	-	-	66	val iterator = iterator()
kotlin.collections	fun	iterator	-	-	6	public operator fun iterator(): Iterator<T>
kotlin.collections	interface	Iterator	-	-	2	public expect interface Iterator<out T> {
kotlin.collections	val	j	-	-	14	val j = random.nextInt(i + 1)
kotlin.collections	var	j	-	-	4	var j = right
kotlin.collections	fun	joinTo	-	-	10	public fun <A : Appendable> IntArray.joinTo(buffer: A, separator: CharSequence = ", ", prefix: CharSequence = "", postfix: CharSequence = "", limit: Int = -1, truncated: CharSequence = "...", transform: ((Int) -> CharSequence)? = null): A {
kotlin.collections	fun	joinToString	-	-	10	public fun IntArray.joinToString(separator: CharSequence = ", ", prefix: CharSequence = "", postfix: CharSequence = "", limit: Int = -1, truncated: CharSequence = "...", transform: ((Int) -> CharSequence)? = null): String {
kotlin.collections	val	K	-	-	2	public val key: K
kotlin.collections	val	key	-	-	40	val key = keyOf(e)
kotlin.collections	fun	keyOf	-	-	1	public fun keyOf(element: T): K
kotlin.collections	fun	last	-	1.3	31	public fun IntArray.last(): Int {
kotlin.collections	var	last	-	-	2	var last = iterator.next()
kotlin.collections	val	lastIndex	-	-	61	val lastIndex = lastIndex
kotlin.collections	var	lastIndex	-	-	2	var lastIndex = -1
kotlin.collections	fun	lastIndexOf	-	1.3	17	public fun IntArray.lastIndexOf(element: Int): Int {
kotlin.collections	fun	lastOrNull	-	1.3	31	public fun IntArray.lastOrNull(): Int? {
kotlin.collections	val	length	-	-	2	val length = toIndex - fromIndex
kotlin.collections	class	LinkedHashMap	-	-	1	public expect class LinkedHashMap<K, V> : MutableMap<K, V> {
kotlin.collections	typealias	LinkedHashMap	-	1.1	1	@SinceKotlin("1.1") public actual typealias LinkedHashMap<K, V> = java.util.LinkedHashMap<K, V>
kotlin.collections	class	LinkedHashSet	-	-	1	public expect class LinkedHashSet<E> : MutableSet<E> {
kotlin.collections	typealias	LinkedHashSet	-	1.1	1	@SinceKotlin("1.1") public actual typealias LinkedHashSet<E> = java.util.LinkedHashSet<E>
kotlin.collections	fun	linkedMapOf	-	1.1	2	public inline fun <K, V> linkedMapOf(): LinkedHashMap<K, V> = LinkedHashMap<K, V>()
kotlin.collections	fun	linkedSetOf	-	1.1	2	public inline fun <T> linkedSetOf(): LinkedHashSet<T> = LinkedHashSet()
kotlin.collections	val	list	-	-	207	val list = ArrayList<T>()
kotlin.collections	fun	List	-	1.1	1	public inline fun <T> List(size: Int, init: (index: Int) -> T): List<T> = MutableList(size, init)
kotlin.collections	interface	List	-	-	2	public expect interface List<out E> : Collection<E> {
kotlin.collections	fun	listIterator	-	-	4	public fun listIterator(): ListIterator<E>
kotlin.collections	interface	ListIterator	-	-	2	public expect interface ListIterator<out T> : Iterator<T> {
kotlin.collections	fun	listOf	-	1.9	4	public expect fun <T> listOf(element: T): List<T>
kotlin.collections	fun	listOfNotNull	-	-	2	public fun <T : Any> listOfNotNull(vararg elements: T?): List<T> = elements.filterNotNull()
kotlin.collections	val	listR	-	-	2	val listR = ArrayList<R>(size)
kotlin.collections	val	listT	-	-	2	val listT = ArrayList<T>(size)
kotlin.collections	var	Long	-	-	19	var sum: Long = 0L
kotlin.collections	val	Long	-	-	3	private const val serialVersionUID: Long = 8246714829545688274
kotlin.collections	class	LongIterator	-	-	1	public abstract class LongIterator : Iterator<Long> {
kotlin.collections	var	low	-	-	7	var low = fromIndex
kotlin.collections	fun	map	-	1.3	15	public inline fun <R> IntArray.map(transform: (Int) -> R): List<R> {
kotlin.collections	val	Map	-	-	1	public val map: Map<K, V>
kotlin.collections	interface	Map	-	-	2	public expect interface Map<K, out V> {
kotlin.collections	fun	mapCapacity	-	-	2	internal expect fun mapCapacity(expectedSize: Int): Int
kotlin.collections	fun	mapIndexed	-	1.3	14	public inline fun <R> IntArray.mapIndexed(transform: (index: Int, Int) -> R): List<R> {
kotlin.collections	fun	mapIndexedNotNull	-	-	2	public inline fun <T, R : Any> Iterable<T>.mapIndexedNotNull(transform: (index: Int, T) -> R?): List<R> {
kotlin.collections	fun	mapIndexedNotNullTo	-	-	2	public inline fun <T, R : Any, C : MutableCollection<in R>> Iterable<T>.mapIndexedNotNullTo(destination: C, transform: (index: Int, T) -> R?): C {
kotlin.collections	fun	mapIndexedTo	-	1.3	14	public inline fun <R, C : MutableCollection<in R>> IntArray.mapIndexedTo(destination: C, transform: (index: Int, Int) -> R): C {
kotlin.collections	fun	mapKeys	-	-	1	public inline fun <K, V, R> Map<out K, V>.mapKeys(transform: (Map.Entry<K, V>) -> R): Map<R, V> {
kotlin.collections	fun	mapKeysTo	-	-	1	public inline fun <K, V, R, M : MutableMap<in R, in V>> Map<out K, V>.mapKeysTo(destination: M, transform: (Map.Entry<K, V>) -> R): M {
kotlin.collections	fun	mapNotNull	-	-	3	public inline fun <T, R : Any> Iterable<T>.mapNotNull(transform: (T) -> R?): List<R> {
kotlin.collections	fun	mapNotNullTo	-	-	3	public inline fun <T, R : Any, C : MutableCollection<in R>> Iterable<T>.mapNotNullTo(destination: C, transform: (T) -> R?): C {
kotlin.collections	fun	mapOf	-	1.9	4	public inline fun <K, V> mapOf(): Map<K, V> = emptyMap()
kotlin.collections	fun	mapTo	-	1.3	15	public inline fun <R, C : MutableCollection<in R>> IntArray.mapTo(destination: C, transform: (Int) -> R): C {
kotlin.collections	fun	mapValues	-	-	1	public inline fun <K, V, R> Map<out K, V>.mapValues(transform: (Map.Entry<K, V>) -> R): Map<K, R> {
kotlin.collections	fun	mapValuesInPlace	-	-	1	internal inline fun <K, V, R> MutableMap<K, V>.mapValuesInPlace(f: (Map.Entry<K, V>) -> R): MutableMap<K, R> {
kotlin.collections	fun	mapValuesTo	-	-	1	public inline fun <K, V, R, M : MutableMap<in K, in R>> Map<out K, V>.mapValuesTo(destination: M, transform: (Map.Entry<K, V>) -> R): M {
kotlin.collections	interface	MapWithDefault	-	-	1	private interface MapWithDefault<K, out V> : Map<K, V> {
kotlin.collections	class	MapWithDefaultImpl	-	-	1	private class MapWithDefaultImpl<K, out V>(public override val map: Map<K, V>, private val default: (key: K) -> V) : MapWithDefault<K, V> {
kotlin.collections	fun	max	-	1.1,1.3,1.7	34	public fun IntArray.max(): Int {
kotlin.collections	var	max	-	-	62	var max = this[0]
kotlin.collections	val	maxArraySize	-	-	1	private const val maxArraySize = Int.MAX_VALUE - 8
kotlin.collections	fun	maxBy	-	1.3,1.7	30	public inline fun <R : Comparable<R>> IntArray.maxBy(selector: (Int) -> R): Int {
kotlin.collections	fun	maxByOrNull	-	1.4	15	public inline fun <R : Comparable<R>> IntArray.maxByOrNull(selector: (Int) -> R): Int? {
kotlin.collections	var	maxElem	-	-	28	var maxElem = this[0]
kotlin.collections	fun	maxOf	-	1.4	45	public inline fun IntArray.maxOf(selector: (Int) -> Float): Float {
kotlin.collections	fun	maxOfOrNull	-	1.4	45	public inline fun IntArray.maxOfOrNull(selector: (Int) -> Float): Float? {
kotlin.collections	fun	maxOfWith	-	1.4	15	public inline fun <R> IntArray.maxOfWith(comparator: Comparator<in R>, selector: (Int) -> R): R {
kotlin.collections	fun	maxOfWithOrNull	-	1.4	15	public inline fun <R> IntArray.maxOfWithOrNull(comparator: Comparator<in R>, selector: (Int) -> R): R? {
kotlin.collections	fun	maxOrNull	-	1.4	17	public fun IntArray.maxOrNull(): Int? {
kotlin.collections	var	maxValue	-	-	140	var maxValue = selector(maxElem)
kotlin.collections	fun	maxWith	-	1.3,1.7	30	public fun IntArray.maxWith(comparator: Comparator<in Int>): Int {
kotlin.collections	fun	maxWithOrNull	-	1.4	15	public fun IntArray.maxWithOrNull(comparator: Comparator<in Int>): Int? {
kotlin.collections	val	mid	-	-	7	val mid = (low + high).ushr(1)
kotlin.collections	val	midPoint	-	-	18	val midPoint = (size / 2) - 1
kotlin.collections	val	midVal	-	-	7	val midVal = get(mid)
kotlin.collections	fun	min	-	1.1,1.3,1.7	34	public fun IntArray.min(): Int {
kotlin.collections	var	min	-	-	62	var min = this[0]
kotlin.collections	fun	minBy	-	1.3,1.7	30	public inline fun <R : Comparable<R>> IntArray.minBy(selector: (Int) -> R): Int {
kotlin.collections	fun	minByOrNull	-	1.4	15	public inline fun <R : Comparable<R>> IntArray.minByOrNull(selector: (Int) -> R): Int? {
kotlin.collections	var	minElem	-	-	28	var minElem = this[0]
kotlin.collections	fun	minOf	-	1.4	45	public inline fun IntArray.minOf(selector: (Int) -> Float): Float {
kotlin.collections	fun	minOfOrNull	-	1.4	45	public inline fun IntArray.minOfOrNull(selector: (Int) -> Float): Float? {
kotlin.collections	fun	minOfWith	-	1.4	15	public inline fun <R> IntArray.minOfWith(comparator: Comparator<in R>, selector: (Int) -> R): R {
kotlin.collections	fun	minOfWithOrNull	-	1.4	15	public inline fun <R> IntArray.minOfWithOrNull(comparator: Comparator<in R>, selector: (Int) -> R): R? {
kotlin.collections	fun	minOrNull	-	1.4	17	public fun IntArray.minOrNull(): Int? {
kotlin.collections	fun	minus	-	1.1	12	public operator fun <T> Set<T>.minus(element: T): Set<T> {
kotlin.collections	fun	minusAssign	-	1.1	8	public inline operator fun <K, V> MutableMap<K, V>.minusAssign(key: K) {
kotlin.collections	fun	minusElement	-	-	2	public inline fun <T> Set<T>.minusElement(element: T): Set<T> {
kotlin.collections	var	minValue	-	-	140	var minValue = selector(minElem)
kotlin.collections	fun	minWith	-	1.3,1.7	30	public fun IntArray.minWith(comparator: Comparator<in Int>): Int {
kotlin.collections	fun	minWithOrNull	-	1.4	15	public fun IntArray.minWithOrNull(comparator: Comparator<in Int>): Int? {
kotlin.collections	var	modified	-	-	1	var modified = false
kotlin.collections	fun	move	-	-	1	fun move(fromIndex: Int, toIndex: Int) {
kotlin.collections	class	MovingSubList	-	-	1	internal class MovingSubList<out E>(private val list: List<E>) : AbstractList<E>(), RandomAccess {
kotlin.collections	interface	MutableCollection	-	-	2	public expect interface MutableCollection<E> : Collection<E>, MutableIterable<E> {
kotlin.collections	interface	MutableEntry	-	-	2	public interface MutableEntry<K, V> : Map.Entry<K, V> {
kotlin.collections	interface	MutableIterable	-	-	2	public expect interface MutableIterable<out T> : Iterable<T> {
kotlin.collections	interface	MutableIterator	-	-	2	public expect interface MutableIterator<out T> : Iterator<T> {
kotlin.collections	fun	MutableList	-	1.1	1	public inline fun <T> MutableList(size: Int, init: (index: Int) -> T): MutableList<T> {
kotlin.collections	interface	MutableList	-	-	2	public expect interface MutableList<E> : List<E>, MutableCollection<E> {
kotlin.collections	interface	MutableListIterator	-	-	2	public expect interface MutableListIterator<T> : ListIterator<T>, MutableIterator<T> {
kotlin.collections	fun	mutableListOf	-	1.1	2	public fun <T> mutableListOf(vararg elements: T): MutableList<T> =
kotlin.collections	interface	MutableMap	-	-	2	public expect interface MutableMap<K, V> : Map<K, V> {
kotlin.collections	fun	mutableMapOf	-	1.1	2	public inline fun <K, V> mutableMapOf(): MutableMap<K, V> = LinkedHashMap()
kotlin.collections	interface	MutableMapWithDefault	-	-	1	private interface MutableMapWithDefault<K, V> : MutableMap<K, V>, MapWithDefault<K, V> {
kotlin.collections	class	MutableMapWithDefaultImpl	-	-	1	private class MutableMapWithDefaultImpl<K, V>(public override val map: MutableMap<K, V>, private val default: (key: K) -> V) : MutableMapWithDefault<K, V> {
kotlin.collections	interface	MutableSet	-	-	2	public expect interface MutableSet<E> : Set<E>, MutableCollection<E> {
kotlin.collections	fun	mutableSetOf	-	1.1	2	public inline fun <T> mutableSetOf(): MutableSet<T> = LinkedHashSet()
kotlin.collections	fun	negativeMod	-	-	1	private fun negativeMod(index: Int): Int = if (index < 0) index + elementData.size else index
kotlin.collections	val	newBuffer	-	-	1	val newBuffer = if (startIndex == 0) buffer.copyOf(newCapacity) else toArray(arrayOfNulls(newCapacity))
kotlin.collections	fun	newCapacity	-	-	1	internal fun newCapacity(oldCapacity: Int, minCapacity: Int): Int {
kotlin.collections	var	newCapacity	-	-	1	var newCapacity = oldCapacity + (oldCapacity shr 1)
kotlin.collections	val	newCapacity	-	-	2	val newCapacity = AbstractList.newCapacity(elementData.size, minCapacity)
kotlin.collections	val	newElements	-	-	1	val newElements = arrayOfNulls<Any?>(newCapacity)
kotlin.collections	val	newHead	-	-	1	val newHead = positiveMod(head + length)
kotlin.collections	var	newTail	-	-	1	var newTail = head
kotlin.collections	val	next	-	-	1	val next = iterator.next()
kotlin.collections	fun	next	-	-	2	public operator fun next(): T
kotlin.collections	fun	nextBoolean	-	-	1	public abstract fun nextBoolean(): Boolean
kotlin.collections	fun	nextByte	-	-	1	public abstract fun nextByte(): Byte
kotlin.collections	fun	nextChar	-	-	1	public abstract fun nextChar(): Char
kotlin.collections	fun	nextDouble	-	-	1	public abstract fun nextDouble(): Double
kotlin.collections	fun	nextFloat	-	-	1	public abstract fun nextFloat(): Float
kotlin.collections	fun	nextIndex	-	-	2	public fun nextIndex(): Int
kotlin.collections	fun	nextInt	-	-	1	public abstract fun nextInt(): Int
kotlin.collections	fun	nextLong	-	-	1	public abstract fun nextLong(): Long
kotlin.collections	fun	nextShort	-	-	1	public abstract fun nextShort(): Short
kotlin.collections	fun	none	-	1.3	30	public fun IntArray.none(): Boolean {
kotlin.collections	fun	nullifyNonEmpty	-	-	1	private fun nullifyNonEmpty(internalFromIndex: Int, internalToIndex: Int) {
kotlin.collections	val	oldElement	-	-	1	val oldElement = internalGet(internalIndex)
kotlin.collections	fun	onEach	-	1.1,1.4	15	public inline fun IntArray.onEach(action: (Int) -> Unit): IntArray {
kotlin.collections	fun	onEachIndexed	-	1.4	15	public inline fun IntArray.onEachIndexed(action: (index: Int, Int) -> Unit): IntArray {
kotlin.collections	fun	optimizeReadOnlyList	-	-	1	internal fun <T> List<T>.optimizeReadOnlyList() = when (size) {
kotlin.collections	fun	optimizeReadOnlyMap	-	-	1	internal fun <K, V> Map<K, V>.optimizeReadOnlyMap() = when (size) {
kotlin.collections	fun	optimizeReadOnlySet	-	-	1	internal fun <T> Set<T>.optimizeReadOnlySet() = when (size) {
kotlin.collections	fun	orderedEquals	-	-	1	internal fun orderedEquals(c: Collection<*>, other: Collection<*>): Boolean {
kotlin.collections	fun	orderedHashCode	-	-	1	internal fun orderedHashCode(c: Collection<*>): Int {
kotlin.collections	fun	orEmpty	-	-	6	public inline fun <T> Set<T>?.orEmpty(): Set<T> = this ?: emptySet()
kotlin.collections	val	other	-	-	3	val other = elements.toList()
kotlin.collections	val	otherIterator	-	-	1	val otherIterator = other.iterator()
kotlin.collections	val	ourValue	-	-	1	val ourValue = get(key)
kotlin.collections	fun	partition	-	-	14	private fun partition(
kotlin.collections	val	pivot	-	-	4	val pivot = array[(left + right) / 2]
kotlin.collections	fun	plus	-	1.3	83	public operator fun <T> Set<T>.plus(element: T): Set<T> {
kotlin.collections	fun	plusAssign	-	-	9	public inline operator fun <T> MutableCollection<in T>.plusAssign(element: T) {
kotlin.collections	fun	plusElement	-	-	5	public inline fun <T> Set<T>.plusElement(element: T): Set<T> {
kotlin.collections	fun	positiveMod	-	-	1	private fun positiveMod(index: Int): Int = if (index >= elementData.size) index - elementData.size else index
kotlin.collections	fun	previous	-	-	2	public fun previous(): T
kotlin.collections	fun	previousIndex	-	-	2	public fun previousIndex(): Int
kotlin.collections	fun	put	-	-	2	public fun put(key: K, value: V): V?
kotlin.collections	fun	putAll	-	-	5	public fun putAll(from: Map<out K, V>): Unit
kotlin.collections	fun	quickSort	-	-	4	private fun quickSort(
kotlin.collections	fun	random	-	1.3	28	public inline fun IntArray.random(): Int {
kotlin.collections	interface	RandomAccess	-	-	1	public expect interface RandomAccess
kotlin.collections	typealias	RandomAccess	-	1.1	1	@SinceKotlin("1.1") public actual typealias RandomAccess = java.util.RandomAccess
kotlin.collections	fun	randomOrNull	-	1.4	28	public inline fun IntArray.randomOrNull(): Int? {
kotlin.collections	fun	rangeCheck	-	-	1	private fun rangeCheck(size: Int, fromIndex: Int, toIndex: Int) {
kotlin.collections	fun	readResolve	-	-	3	private fun readResolve(): Any = EmptyMap
kotlin.collections	fun	reduce	-	1.1,1.3	15	public inline fun <S, T : S, K> Grouping<T, K>.reduce(
kotlin.collections	fun	reduceIndexed	-	1.3	14	public inline fun IntArray.reduceIndexed(operation: (index: Int, acc: Int, Int) -> Int): Int {
kotlin.collections	fun	reduceIndexedOrNull	-	1.4	14	public inline fun IntArray.reduceIndexedOrNull(operation: (index: Int, acc: Int, Int) -> Int): Int? {
kotlin.collections	fun	reduceOrNull	-	1.4	14	public inline fun IntArray.reduceOrNull(operation: (acc: Int, Int) -> Int): Int? {
kotlin.collections	fun	reduceRight	-	1.3	14	public inline fun IntArray.reduceRight(operation: (Int, acc: Int) -> Int): Int {
kotlin.collections	fun	reduceRightIndexed	-	1.3	14	public inline fun IntArray.reduceRightIndexed(operation: (index: Int, Int, acc: Int) -> Int): Int {
kotlin.collections	fun	reduceRightIndexedOrNull	-	1.4	14	public inline fun IntArray.reduceRightIndexedOrNull(operation: (index: Int, Int, acc: Int) -> Int): Int? {
kotlin.collections	fun	reduceRightOrNull	-	1.4	14	public inline fun IntArray.reduceRightOrNull(operation: (Int, acc: Int) -> Int): Int? {
kotlin.collections	fun	reduceTo	-	1.1	1	public inline fun <S, T : S, K, M : MutableMap<in K, S>> Grouping<T, K>.reduceTo(
kotlin.collections	fun	registerModification	-	-	1	private fun registerModification() {
kotlin.collections	fun	remove	-	1.1,1.2	11	public fun remove(): Unit
kotlin.collections	fun	removeAll	-	-	8	public fun removeAll(elements: Collection<E>): Boolean
kotlin.collections	fun	removeAt	-	-	2	public fun removeAt(index: Int): E
kotlin.collections	var	removed	-	-	2	var removed = false
kotlin.collections	fun	removeFirst	-	1.4	3	fun removeFirst(n: Int) {
kotlin.collections	fun	removeFirstOrNull	-	1.4	2	public fun removeFirstOrNull(): E? = if (isEmpty()) null else removeFirst()
kotlin.collections	fun	removeLast	-	1.4	2	public fun removeLast(): E {
kotlin.collections	fun	removeLastOrNull	-	1.4	2	public fun removeLastOrNull(): E? = if (isEmpty()) null else removeLast()
kotlin.collections	fun	removeRange	-	2.0	1	protected open fun removeRange(fromIndex: Int, toIndex: Int): Unit
kotlin.collections	fun	removeRangeShiftPreceding	-	-	1	private fun removeRangeShiftPreceding(fromIndex: Int, toIndex: Int) {
kotlin.collections	fun	removeRangeShiftSucceeding	-	-	1	private fun removeRangeShiftSucceeding(fromIndex: Int, toIndex: Int) {
kotlin.collections	fun	requireNoNulls	-	-	3	public fun <T : Any> List<T?>.requireNoNulls(): List<T> {
kotlin.collections	val	result	-	-	171	val result = isNotEmpty()
kotlin.collections	var	result	-	-	1	var result = false
kotlin.collections	val	resultCapacity	-	-	2	val resultCapacity = thisSize / step + if (thisSize % step == 0) 0 else 1
kotlin.collections	val	resultSize	-	-	1	val resultSize = size - n
kotlin.collections	fun	retainAll	-	-	8	public fun retainAll(elements: Collection<E>): Boolean
kotlin.collections	fun	retainNothing	-	-	1	private fun MutableCollection<*>.retainNothing(): Boolean {
kotlin.collections	fun	reverse	-	1.3,1.4	28	public fun IntArray.reverse(): Unit {
kotlin.collections	fun	reversed	-	1.3	14	public fun IntArray.reversed(): List<Int> {
kotlin.collections	fun	reversedArray	-	1.3	13	public fun IntArray.reversedArray(): IntArray {
kotlin.collections	class	ReversedList	-	-	1	private class ReversedList<T>(private val delegate: MutableList<T>) : AbstractMutableList<T>() {
kotlin.collections	class	ReversedListReadOnly	-	-	1	private open class ReversedListReadOnly<out T>(private val delegate: List<T>) : AbstractList<T>() {
kotlin.collections	fun	reverseElementIndex	-	-	1	private fun List<*>.reverseElementIndex(index: Int) =
kotlin.collections	var	reverseIndex	-	-	18	var reverseIndex = lastIndex
kotlin.collections	fun	reverseIteratorIndex	-	-	1	private fun List<*>.reverseIteratorIndex(index: Int) = lastIndex - index
kotlin.collections	fun	reversePositionIndex	-	-	1	private fun List<*>.reversePositionIndex(index: Int) =
kotlin.collections	class	RingBuffer	-	-	1	private class RingBuffer<T>(private val buffer: Array<Any?>, filledSize: Int) : AbstractList<T>(), RandomAccess {
kotlin.collections	fun	runningFold	-	1.4	14	public inline fun <R> IntArray.runningFold(initial: R, operation: (acc: R, Int) -> R): List<R> {
kotlin.collections	fun	runningFoldIndexed	-	1.4	14	public inline fun <R> IntArray.runningFoldIndexed(initial: R, operation: (index: Int, acc: R, Int) -> R): List<R> {
kotlin.collections	fun	runningReduce	-	1.4	14	public inline fun IntArray.runningReduce(operation: (acc: Int, Int) -> Int): List<Int> {
kotlin.collections	fun	runningReduceIndexed	-	1.4	14	public inline fun IntArray.runningReduceIndexed(operation: (index: Int, acc: Int, Int) -> Int): List<Int> {
kotlin.collections	var	S	-	-	20	var accumulator: S = this[0]
kotlin.collections	fun	scan	-	1.4	14	public inline fun <R> IntArray.scan(initial: R, operation: (acc: R, Int) -> R): List<R> {
kotlin.collections	fun	scanIndexed	-	1.4	14	public inline fun <R> IntArray.scanIndexed(initial: R, operation: (index: Int, acc: R, Int) -> R): List<R> {
kotlin.collections	val	second	-	-	11	val second = ArrayList<T>()
kotlin.collections	val	segmentLength	-	-	2	val segmentLength = minOf(copyCount, copyFromIndex + 1, copyToIndex + 1)
kotlin.collections	val	set	-	-	40	val set = HashSet<K>()
kotlin.collections	fun	set	-	-	5	public fun set(element: T): Unit
kotlin.collections	interface	Set	-	-	2	public expect interface Set<out E> : Collection<E> {
kotlin.collections	val	Set	-	-	2	public val keys: Set<K>
kotlin.collections	fun	setEquals	-	-	1	internal fun setEquals(c: Set<*>, other: Set<*>): Boolean {
kotlin.collections	fun	setNext	-	-	1	protected fun setNext(value: T): Unit {
kotlin.collections	fun	setOf	-	1.9	4	public expect fun <T> setOf(element: T): Set<T>
kotlin.collections	fun	setOfNotNull	-	1.4	2	public fun <T : Any> setOfNotNull(vararg elements: T?): Set<T> {
kotlin.collections	fun	setValue	-	-	3	public fun setValue(newValue: V): V
kotlin.collections	var	shiftedHead	-	-	1	var shiftedHead = head - elementsSize
kotlin.collections	val	shiftedInternalIndex	-	-	1	val shiftedInternalIndex = internalIndex + elementsSize
kotlin.collections	val	shiftToBack	-	-	1	val shiftToBack = elementData.size - shiftedHead
kotlin.collections	val	shiftToFront	-	-	1	val shiftToFront = tail + elementsSize - elementData.size
kotlin.collections	var	Short	-	-	2	var single: Short? = null
kotlin.collections	class	ShortIterator	-	-	1	public abstract class ShortIterator : Iterator<Short> {
kotlin.collections	fun	shuffle	-	1.2,1.3,1.4	30	public fun IntArray.shuffle(): Unit {
kotlin.collections	fun	shuffled	-	1.2,1.3	4	public expect fun <T> Iterable<T>.shuffled(): List<T>
kotlin.collections	val	signedElement	-	-	4	val signedElement = element.toInt()
kotlin.collections	fun	single	-	1.3	29	public fun IntArray.single(): Int {
kotlin.collections	val	single	-	-	2	val single = iterator.next()
kotlin.collections	fun	singleOrNull	-	1.3	29	public fun IntArray.singleOrNull(): Int? {
kotlin.collections	val	size	-	-	54	val size = size
kotlin.collections	var	skip	-	-	1	var skip = 0
kotlin.collections	fun	slice	-	1.3	28	public fun IntArray.slice(indices: IntRange): List<Int> {
kotlin.collections	fun	sliceArray	-	1.3	26	public fun IntArray.sliceArray(indices: IntRange): IntArray {
kotlin.collections	fun	sort	IntArray	1.3,1.4	46	public fun UIntArray.sort(): Unit {
kotlin.collections	fun	sortArray	-	-	4	internal fun sortArray(array: UIntArray, fromIndex: Int, toIndex: Int) = quickSort(array, fromIndex, toIndex - 1)
kotlin.collections	fun	sortBy	-	-	2	public inline fun <T, R : Comparable<R>> Array<out T>.sortBy(crossinline selector: (T) -> R?): Unit {
kotlin.collections	fun	sortByDescending	-	-	2	public inline fun <T, R : Comparable<R>> Array<out T>.sortByDescending(crossinline selector: (T) -> R?): Unit {
kotlin.collections	fun	sortDescending	-	1.3,1.4	25	public fun IntArray.sortDescending(): Unit {
kotlin.collections	fun	sorted	-	1.3	13	public fun IntArray.sorted(): List<Int> {
kotlin.collections	fun	sortedArray	-	1.3	12	public fun IntArray.sortedArray(): IntArray {
kotlin.collections	fun	sortedArrayDescending	-	1.3	12	public fun IntArray.sortedArrayDescending(): IntArray {
kotlin.collections	fun	sortedArrayWith	-	-	1	public fun <T> Array<out T>.sortedArrayWith(comparator: Comparator<in T>): Array<out T> {
kotlin.collections	fun	sortedBy	-	-	10	public inline fun <R : Comparable<R>> IntArray.sortedBy(crossinline selector: (Int) -> R?): List<Int> {
kotlin.collections	fun	sortedByDescending	-	-	10	public inline fun <R : Comparable<R>> IntArray.sortedByDescending(crossinline selector: (Int) -> R?): List<Int> {
kotlin.collections	fun	sortedDescending	-	1.3	13	public fun IntArray.sortedDescending(): List<Int> {
kotlin.collections	fun	sortedMapOf	-	1.4	2	public fun <K : Comparable<K>, V> sortedMapOf(vararg pairs: Pair<K, V>): SortedMap<K, V> =
kotlin.collections	fun	sortedSetOf	-	-	2	public fun <T> sortedSetOf(vararg elements: T): java.util.TreeSet<T> = elements.toCollection(java.util.TreeSet<T>())
kotlin.collections	fun	sortedWith	-	-	10	public fun IntArray.sortedWith(comparator: Comparator<in Int>): List<Int> {
kotlin.collections	fun	sortWith	-	-	6	public expect fun <T> Array<out T>.sortWith(comparator: Comparator<in T>): Unit
kotlin.collections	fun	sourceIterator	-	-	1	public fun sourceIterator(): Iterator<T>
kotlin.collections	val	start	-	-	1	val start = startIndex
kotlin.collections	var	state	-	-	1	private var state = State.NOT_READY
kotlin.collections	object	State	-	-	1	private object State {
kotlin.collections	fun	subList	-	-	2	public fun subList(fromIndex: Int, toIndex: Int): List<E>
kotlin.collections	class	SubList	-	-	1	private class SubList<out E>(private val list: AbstractList<E>, private val fromIndex: Int, toIndex: Int) : AbstractList<E>(), RandomAccess {
kotlin.collections	fun	subtract	-	-	10	public infix fun IntArray.subtract(other: Iterable<Int>): Set<Int> {
kotlin.collections	fun	sum	-	1.3,1.5	30	public fun IntArray.sum(): Int {
kotlin.collections	fun	sumBy	-	1.3	14	public inline fun IntArray.sumBy(selector: (Int) -> Int): Int {
kotlin.collections	fun	sumByDouble	-	1.3	14	public inline fun IntArray.sumByDouble(selector: (Int) -> Double): Double {
kotlin.collections	fun	sumOf	-	1.4,1.5	98	public inline fun IntArray.sumOf(selector: (Int) -> Int): Int {
kotlin.collections	var	T	-	-	7	var last: T? = null
kotlin.collections	val	tail	-	-	9	val tail = internalIndex(size)
kotlin.collections	fun	take	-	1.3	14	public fun IntArray.take(n: Int): List<Int> {
kotlin.collections	fun	takeLast	-	1.3	14	public fun IntArray.takeLast(n: Int): List<Int> {
kotlin.collections	fun	takeLastWhile	-	1.3	14	public inline fun <T> List<T>.takeLastWhile(predicate: (T) -> Boolean): List<T> {
kotlin.collections	fun	takeWhile	-	1.3	14	public inline fun IntArray.takeWhile(predicate: (Int) -> Boolean): List<Int> {
kotlin.collections	var	targetIndex	-	-	9	var targetIndex = 0
kotlin.collections	fun	terminateCollectionToArray	-	-	2	internal expect fun <T> terminateCollectionToArray(collectionSize: Int, array: Array<T>): Array<T>
kotlin.collections	fun	testRemoveRange	-	-	1	internal fun testRemoveRange(fromIndex: Int, toIndex: Int) = removeRange(fromIndex, toIndex)
kotlin.collections	fun	testToArray	-	-	2	internal fun testToArray(): Array<Any?> = toArray()
kotlin.collections	val	thisCollection	-	-	1	val thisCollection = this as java.util.Collection<T>
kotlin.collections	val	thisSize	-	-	11	val thisSize = size
kotlin.collections	fun	throwCountOverflow	-	1.3	1	internal fun throwCountOverflow() { throw ArithmeticException("Count overflow has happened.") }
kotlin.collections	fun	throwIndexOverflow	-	1.3	1	internal fun throwIndexOverflow() { throw ArithmeticException("Index overflow has happened.") }
kotlin.collections	val	tmp	-	-	22	val tmp = array[i]
kotlin.collections	fun	toArray	-	-	3	protected open fun toArray(): Array<Any?> = collectionToArray(this)
kotlin.collections	fun	toBooleanArray	-	-	2	public fun Array<out Boolean>.toBooleanArray(): BooleanArray {
kotlin.collections	fun	toByteArray	-	1.3	3	public fun Array<out Byte>.toByteArray(): ByteArray {
kotlin.collections	fun	toCharArray	-	-	2	public fun Array<out Char>.toCharArray(): CharArray {
kotlin.collections	fun	toCollection	-	-	10	public fun <C : MutableCollection<in Int>> IntArray.toCollection(destination: C): C {
kotlin.collections	fun	toDoubleArray	-	-	2	public fun Array<out Double>.toDoubleArray(): DoubleArray {
kotlin.collections	fun	toFloatArray	-	-	2	public fun Array<out Float>.toFloatArray(): FloatArray {
kotlin.collections	fun	toHashSet	-	-	10	public fun IntArray.toHashSet(): HashSet<Int> {
kotlin.collections	fun	toIntArray	-	1.3	3	public fun Array<out Int>.toIntArray(): IntArray {
kotlin.collections	fun	toList	-	-	12	public fun IntArray.toList(): List<Int> {
kotlin.collections	fun	toLongArray	-	1.3	3	public fun Array<out Long>.toLongArray(): LongArray {
kotlin.collections	fun	toMap	-	1.1	8	public fun <K, V> Iterable<Pair<K, V>>.toMap(): Map<K, V> {
kotlin.collections	fun	toMutableList	-	-	11	public fun IntArray.toMutableList(): MutableList<Int> {
kotlin.collections	fun	toMutableMap	-	1.1	1	public fun <K, V> Map<out K, V>.toMutableMap(): MutableMap<K, V> = LinkedHashMap(this)
kotlin.collections	fun	toMutableSet	-	-	10	public fun IntArray.toMutableSet(): MutableSet<Int> {
kotlin.collections	fun	toPair	-	-	1	public inline fun <K, V> Map.Entry<K, V>.toPair(): Pair<K, V> = Pair(key, value)
kotlin.collections	fun	toProperties	-	-	1	public inline fun Map<String, String>.toProperties(): Properties =
kotlin.collections	fun	toSet	-	-	10	public fun IntArray.toSet(): Set<Int> {
kotlin.collections	fun	toShortArray	-	1.3	3	public fun Array<out Short>.toShortArray(): ShortArray {
kotlin.collections	fun	toSingletonMap	-	-	2	internal expect fun <K, V> Map<out K, V>.toSingletonMap(): Map<K, V>
kotlin.collections	fun	toSingletonMapOrSelf	-	-	2	internal expect fun <K, V> Map<K, V>.toSingletonMapOrSelf(): Map<K, V>
kotlin.collections	fun	toSortedMap	-	-	2	public fun <K, V> Map<out K, V>.toSortedMap(comparator: Comparator<in K>): SortedMap<K, V> =
kotlin.collections	fun	toSortedSet	-	-	12	public fun IntArray.toSortedSet(): java.util.SortedSet<Int> {
kotlin.collections	fun	toString	-	-	3	private fun toString(o: Any?): String = if (o === this) "(this Map)" else o.toString()
kotlin.collections	fun	toTypedArray	ByteArray	1.3	22	public fun UIntArray.toTypedArray(): Array<UInt> {
kotlin.collections	fun	toUByteArray	-	1.3	3	public fun Array<out UByte>.toUByteArray(): UByteArray {
kotlin.collections	fun	toUIntArray	-	1.3	3	public fun Array<out UInt>.toUIntArray(): UIntArray {
kotlin.collections	fun	toULongArray	-	1.3	3	public fun Array<out ULong>.toULongArray(): ULongArray {
kotlin.collections	fun	toUShortArray	-	1.3	3	public fun Array<out UShort>.toUShortArray(): UShortArray {
kotlin.collections	fun	trimToSize	-	-	1	public fun trimToSize()
kotlin.collections	fun	tryToComputeNext	-	-	1	private fun tryToComputeNext(): Boolean {
kotlin.collections	var	UByte	-	-	2	var single: UByte? = null
kotlin.collections	var	UInt	-	-	26	var sum: UInt = 0u
kotlin.collections	var	ULong	-	-	18	var sum: ULong = 0uL
kotlin.collections	fun	union	-	-	10	public infix fun IntArray.union(other: Iterable<Int>): Set<Int> {
kotlin.collections	fun	unorderedHashCode	-	-	1	internal fun unorderedHashCode(c: Collection<*>): Int {
kotlin.collections	fun	unzip	-	-	2	public fun <T, R> Iterable<Pair<T, R>>.unzip(): Pair<List<T>, List<R>> {
kotlin.collections	var	UShort	-	-	2	var single: UShort? = null
kotlin.collections	val	v	-	-	280	val v = selector(e)
kotlin.collections	val	V	-	-	2	public val value: V
kotlin.collections	val	v1	-	-	1	val v1 = this[i]
kotlin.collections	val	v2	-	-	1	val v2 = other[i]
kotlin.collections	val	value	-	-	3	val value = get(key)
kotlin.collections	var	widx	-	-	1	var widx = 0
kotlin.collections	val	window	-	-	1	val window = MovingSubList(this)
kotlin.collections	fun	windowed	-	1.2	2	public fun <T> Iterable<T>.windowed(size: Int, step: Int = 1, partialWindows: Boolean = false): List<List<T>> {
kotlin.collections	fun	windowedIterator	-	-	1	internal fun <T> windowedIterator(iterator: Iterator<T>, size: Int, step: Int, partialWindows: Boolean, reuseBuffer: Boolean): Iterator<List<T>> {
kotlin.collections	fun	windowedSequence	-	-	1	internal fun <T> Sequence<T>.windowedSequence(size: Int, step: Int, partialWindows: Boolean, reuseBuffer: Boolean): Sequence<List<T>> {
kotlin.collections	val	windowSize	-	-	2	val windowSize = size.coerceAtMost(thisSize - index)
kotlin.collections	fun	withDefault	-	-	2	public fun <K, V> Map<K, V>.withDefault(defaultValue: (key: K) -> V): Map<K, V> =
kotlin.collections	fun	withIndex	-	1.3	15	public fun IntArray.withIndex(): Iterable<IndexedValue<Int>> {
kotlin.collections	var	yielding	-	-	14	var yielding = false
kotlin.collections	fun	zip	-	1.3	80	public infix fun IntArray.zip(other: IntArray): List<Pair<Int, Int>> {
kotlin.collections	fun	zipWithNext	-	1.2	2	public fun <T> Iterable<T>.zipWithNext(): List<Pair<T, T>> {
kotlin.collections.builders	class	AbstractMapBuilderEntrySet	-	-	1	internal abstract class AbstractMapBuilderEntrySet<E : Map.Entry<K, V>, K, V> : AbstractMutableSet<E>() {
kotlin.collections.builders	fun	addAllInternal	-	-	2	private fun addAllInternal(i: Int, elements: Collection<E>, n: Int) {
kotlin.collections.builders	fun	addAtInternal	-	-	2	private fun addAtInternal(i: Int, element: E) {
kotlin.collections.builders	fun	addKey	-	-	1	internal fun addKey(key: K): Int {
kotlin.collections.builders	fun	allocateValuesArray	-	-	1	private fun allocateValuesArray(): Array<V> {
kotlin.collections.builders	fun	arrayOfUninitializedElements	-	-	1	internal fun <E> arrayOfUninitializedElements(size: Int): Array<E> {
kotlin.collections.builders	var	backing	-	-	1	private var backing = arrayOfUninitializedElements<E>(initialCapacity)
kotlin.collections.builders	val	Boolean	-	-	1	private val isReadOnly: Boolean
kotlin.collections.builders	var	Boolean	-	-	1	internal var isReadOnly: Boolean = false
kotlin.collections.builders	fun	build	-	-	3	fun build(): Set<E> {
kotlin.collections.builders	class	BuilderSubList	-	-	1	class BuilderSubList<E>(
kotlin.collections.builders	fun	checkForComodification	-	-	5	private fun checkForComodification() {
kotlin.collections.builders	fun	checkIsMutable	-	-	3	private fun checkIsMutable() {
kotlin.collections.builders	fun	compact	-	-	1	private fun compact(updateHashArray: Boolean) {
kotlin.collections.builders	fun	computeHashSize	-	-	1	private fun computeHashSize(capacity: Int): Int = (capacity.coerceAtLeast(1) * 3).takeHighestOneBit()
kotlin.collections.builders	fun	computeShift	-	-	1	private fun computeShift(hashSize: Int): Int = hashSize.countLeadingZeroBits() + 1
kotlin.collections.builders	fun	containsAllEntries	-	-	1	internal fun containsAllEntries(m: Collection<*>): Boolean {
kotlin.collections.builders	fun	containsEntry	-	-	2	internal fun containsEntry(entry: Map.Entry<K, V>): Boolean {
kotlin.collections.builders	fun	contentEquals	-	-	3	private fun contentEquals(other: List<*>): Boolean {
kotlin.collections.builders	fun	copyOfUninitializedElements	-	-	1	internal fun <T> Array<T>.copyOfUninitializedElements(newSize: Int): Array<T> {
kotlin.collections.builders	val	cur	-	-	3	val cur = keysView
kotlin.collections.builders	val	curValuesArray	-	-	1	val curValuesArray = valuesArray
kotlin.collections.builders	val	Empty	-	-	3	private val Empty = SetBuilder(MapBuilder.Empty)
kotlin.collections.builders	fun	ensureCapacity	-	-	1	private fun ensureCapacity(minCapacity: Int) {
kotlin.collections.builders	fun	ensureCapacityInternal	-	-	1	private fun ensureCapacityInternal(minCapacity: Int) {
kotlin.collections.builders	fun	ensureExtraCapacity	-	-	2	private fun ensureExtraCapacity(n: Int) {
kotlin.collections.builders	fun	entriesIterator	-	-	1	internal fun entriesIterator() = EntriesItr(this)
kotlin.collections.builders	class	EntriesItr	-	-	1	internal class EntriesItr<K, V>(map: MapBuilder<K, V>) : Itr<K, V>(map),
kotlin.collections.builders	val	entry	-	-	1	val entry = it.next()
kotlin.collections.builders	class	EntryRef	-	-	1	internal class EntryRef<K, V>(
kotlin.collections.builders	var	expectedModCount	-	-	2	private var expectedModCount = list.modCount
kotlin.collections.builders	val	expectedModCount	-	-	1	private val expectedModCount = map.modCount
kotlin.collections.builders	fun	findKey	-	-	1	private fun findKey(key: K): Int {
kotlin.collections.builders	fun	findValue	-	-	1	private fun findValue(value: V): Int {
kotlin.collections.builders	val	flags	-	-	2	val flags = input.readByte().toInt()
kotlin.collections.builders	val	gaps	-	-	1	val gaps = length - size
kotlin.collections.builders	val	get	-	-	2	private val hashSize: Int get() = hashArray.size
kotlin.collections.builders	val	hash	-	-	2	val hash = presenceArray[i]
kotlin.collections.builders	fun	hash	-	-	1	private fun hash(key: K) = (key.hashCode() * MAGIC) ushr hashShift
kotlin.collections.builders	var	hash	-	-	4	var hash = hash(key)
kotlin.collections.builders	fun	hasNext	-	-	1	fun hasNext(): Boolean = index < map.length
kotlin.collections.builders	var	hole	-	-	1	var hole = removedHash
kotlin.collections.builders	var	i	-	-	12	var i = 0
kotlin.collections.builders	val	i	-	-	2	val i = indexOf(element)
kotlin.collections.builders	val	index	-	-	12	val index = addKey(key)
kotlin.collections.builders	var	index	-	-	1	internal var index = 0
kotlin.collections.builders	val	INITIAL_CAPACITY	-	-	1	private const val INITIAL_CAPACITY = 8
kotlin.collections.builders	val	INITIAL_MAX_PROBE_DISTANCE	-	-	1	private const val INITIAL_MAX_PROBE_DISTANCE = 2
kotlin.collections.builders	fun	initNext	-	-	1	internal fun initNext() {
kotlin.collections.builders	fun	insertAtInternal	-	-	1	private fun insertAtInternal(i: Int, n: Int) {
kotlin.collections.builders	var	Int	-	-	9	private var index: Int
kotlin.collections.builders	val	Int	-	-	5	private val tag: Int
kotlin.collections.builders	var	IntArray	-	-	2	private var hashArray: IntArray,
kotlin.collections.builders	var	isReadOnly	-	-	1	private var isReadOnly = false
kotlin.collections.builders	val	it	-	-	5	val it = m.iterator()
kotlin.collections.builders	class	Itr	-	-	3	private class Itr<E>(
kotlin.collections.builders	var	j	-	-	3	var j = 0
kotlin.collections.builders	val	key	-	-	2	val key = input.readObject()
kotlin.collections.builders	fun	keysIterator	-	-	1	internal fun keysIterator() = KeysItr(this)
kotlin.collections.builders	class	KeysItr	-	-	1	internal class KeysItr<K, V>(map: MapBuilder<K, V>) : Itr<K, V>(map), MutableIterator<K> {
kotlin.collections.builders	var	lastIndex	-	-	2	private var lastIndex = -1
kotlin.collections.builders	var	length	-	-	1	private var length = 0
kotlin.collections.builders	class	ListBuilder	-	-	1	internal class ListBuilder<E>(initialCapacity: Int = 10) : MutableList<E>, RandomAccess, AbstractMutableList<E>(), Serializable {
kotlin.collections.builders	val	ListBuilder	-	-	1	private val root: ListBuilder<E>
kotlin.collections.builders	val	Long	-	-	2	private const val serialVersionUID: Long = 0L
kotlin.collections.builders	val	MAGIC	-	-	1	private const val MAGIC = -1640531527
kotlin.collections.builders	var	Map	-	-	1	private var map: Map<*, *>
kotlin.collections.builders	class	MapBuilder	-	-	1	internal class MapBuilder<K, V> private constructor(
kotlin.collections.builders	val	MapBuilder	-	-	5	val backing: MapBuilder<*, V>
kotlin.collections.builders	class	MapBuilderEntries	-	-	1	internal class MapBuilderEntries<K, V> internal constructor(
kotlin.collections.builders	class	MapBuilderKeys	-	-	1	internal class MapBuilderKeys<E> internal constructor(
kotlin.collections.builders	class	MapBuilderValues	-	-	1	internal class MapBuilderValues<V> internal constructor(
kotlin.collections.builders	val	n	-	-	4	val n = elements.size
kotlin.collections.builders	val	new	-	-	3	val new = MapBuilderKeys(this)
kotlin.collections.builders	val	newHashSize	-	-	1	val newHashSize = computeHashSize(newSize)
kotlin.collections.builders	val	newSize	-	-	2	val newSize = AbstractList.newCapacity(backing.size, minCapacity)
kotlin.collections.builders	val	newValuesArray	-	-	1	val newValuesArray = arrayOfUninitializedElements<V>(capacity)
kotlin.collections.builders	fun	nextAppendString	-	-	1	fun nextAppendString(sb: StringBuilder) {
kotlin.collections.builders	val	nextElement	-	-	2	val nextElement = this[offset + i]
kotlin.collections.builders	fun	nextHashCode	-	-	1	internal fun nextHashCode(): Int {
kotlin.collections.builders	val	old	-	-	4	val old = backing[i]
kotlin.collections.builders	val	oldValue	-	-	4	val oldValue = valuesArray[index]
kotlin.collections.builders	val	other	-	-	1	val other = flags and 1.inv()
kotlin.collections.builders	val	otherHash	-	-	1	val otherHash = hash(keysArray[index - 1])
kotlin.collections.builders	var	patchAttemptsLeft	-	-	1	var patchAttemptsLeft = (maxProbeDistance * 2).coerceAtMost(hashSize / 2)
kotlin.collections.builders	var	probeDistance	-	-	2	var probeDistance = 0
kotlin.collections.builders	var	probesLeft	-	-	2	var probesLeft = maxProbeDistance
kotlin.collections.builders	fun	putAllEntries	-	-	1	private fun putAllEntries(from: Collection<Map.Entry<K, V>>): Boolean {
kotlin.collections.builders	fun	putEntry	-	-	1	private fun putEntry(entry: Map.Entry<K, V>): Boolean {
kotlin.collections.builders	val	putIndex	-	-	1	val putIndex = length++
kotlin.collections.builders	fun	putRehash	-	-	1	private fun putRehash(i: Int): Boolean {
kotlin.collections.builders	fun	readObject	-	-	3	private fun readObject(input: ObjectInputStream): Unit = throwReadObjectNotSupported()
kotlin.collections.builders	fun	readResolve	-	-	2	private fun readResolve(): Any = map
kotlin.collections.builders	fun	registerModification	-	-	3	private fun registerModification() {
kotlin.collections.builders	fun	rehash	-	-	1	private fun rehash(newHashSize: Int) {
kotlin.collections.builders	fun	remove	-	-	1	fun remove() {
kotlin.collections.builders	fun	removeAtInternal	-	-	2	private fun removeAtInternal(i: Int): E {
kotlin.collections.builders	val	removed	-	-	2	val removed =
kotlin.collections.builders	fun	removeEntry	-	-	1	internal fun removeEntry(entry: Map.Entry<K, V>): Boolean {
kotlin.collections.builders	fun	removeEntryAt	-	-	1	private fun removeEntryAt(index: Int) {
kotlin.collections.builders	fun	removeHashAt	-	-	1	private fun removeHashAt(removedHash: Int) {
kotlin.collections.builders	fun	removeKey	-	-	1	internal fun removeKey(key: K): Boolean {
kotlin.collections.builders	fun	removeRangeInternal	-	-	2	private fun removeRangeInternal(rangeOffset: Int, rangeLength: Int) {
kotlin.collections.builders	fun	removeValue	-	-	1	internal fun removeValue(element: V): Boolean {
kotlin.collections.builders	fun	resetAt	-	-	1	internal fun <E> Array<E>.resetAt(index: Int) {
kotlin.collections.builders	fun	resetRange	-	-	1	internal fun <E> Array<E>.resetRange(fromIndex: Int, toIndex: Int) {
kotlin.collections.builders	var	result	-	-	2	var result = 1
kotlin.collections.builders	val	result	-	-	4	val result = map.keysArray[lastIndex]
kotlin.collections.builders	fun	retainOrRemoveAllInternal	-	-	2	private fun retainOrRemoveAllInternal(rangeOffset: Int, rangeLength: Int, elements: Collection<E>, retain: Boolean): Int {
kotlin.collections.builders	val	sb	-	-	2	val sb = StringBuilder(2 + size * 3)
kotlin.collections.builders	class	SerializedCollection	-	-	1	internal class SerializedCollection(
kotlin.collections.builders	class	SerializedMap	-	-	1	private class SerializedMap(
kotlin.collections.builders	class	SetBuilder	-	-	1	internal class SetBuilder<E> internal constructor(
kotlin.collections.builders	fun	shouldCompact	-	-	1	private fun shouldCompact(extraCapacity: Int): Boolean {
kotlin.collections.builders	val	size	-	-	2	val size = input.readInt()
kotlin.collections.builders	val	spareCapacity	-	-	1	val spareCapacity = this.capacity - length
kotlin.collections.builders	fun	subarrayContentEquals	-	-	1	private fun <T> Array<T>.subarrayContentEquals(offset: Int, length: Int, other: List<*>): Boolean {
kotlin.collections.builders	fun	subarrayContentHashCode	-	-	1	private fun <T> Array<T>.subarrayContentHashCode(offset: Int, length: Int): Int {
kotlin.collections.builders	fun	subarrayContentToString	-	-	1	private fun <T> Array<out T>.subarrayContentToString(offset: Int, length: Int, thisCollection: Collection<T>): String {
kotlin.collections.builders	val	tag	-	-	1	val tag = flags and 1
kotlin.collections.builders	val	tentativeMaxProbeDistance	-	-	1	val tentativeMaxProbeDistance = (maxProbeDistance * 2).coerceAtMost(hashSize / 2)
kotlin.collections.builders	val	TOMBSTONE	-	-	1	private const val TOMBSTONE = -1
kotlin.collections.builders	var	updated	-	-	1	var updated = false
kotlin.collections.builders	val	value	-	-	2	val value = input.readObject()
kotlin.collections.builders	val	valuesArray	-	-	4	val valuesArray = valuesArray
kotlin.collections.builders	fun	valuesIterator	-	-	1	internal fun valuesIterator() = ValuesItr(this)
kotlin.collections.builders	class	ValuesItr	-	-	1	internal class ValuesItr<K, V>(map: MapBuilder<K, V>) : Itr<K, V>(map), MutableIterator<V> {
kotlin.collections.builders	fun	writeReplace	-	-	4	private fun writeReplace(): Any =
kotlin.comparisons	fun	compareBy	-	-	3	public fun <T> compareBy(vararg selectors: (T) -> Comparable<*>?): Comparator<T> {
kotlin.comparisons	fun	compareByDescending	-	-	2	public inline fun <T> compareByDescending(crossinline selector: (T) -> Comparable<*>?): Comparator<T> =
kotlin.comparisons	fun	compareValues	-	-	1	public fun <T : Comparable<*>> compareValues(a: T?, b: T?): Int {
kotlin.comparisons	fun	compareValuesBy	-	-	3	public inline fun <T> compareValuesBy(a: T, b: T, selector: (T) -> Comparable<*>?): Int {
kotlin.comparisons	fun	compareValuesByImpl	-	-	1	private fun <T> compareValuesByImpl(a: T, b: T, selectors: Array<out (T) -> Comparable<*>?>): Int {
kotlin.comparisons	val	diff	-	-	1	val diff = compareValues(v1, v2)
kotlin.comparisons	var	max	-	-	12	var max = a
kotlin.comparisons	fun	maxOf	-	1.1,1.4,1.5	57	public fun maxOf(a: UInt, b: UInt): UInt {
kotlin.comparisons	var	min	-	-	12	var min = a
kotlin.comparisons	fun	minOf	-	1.1,1.4,1.5	57	public fun minOf(a: UInt, b: UInt): UInt {
kotlin.comparisons	fun	naturalOrder	-	-	1	public fun <T : Comparable<T>> naturalOrder(): Comparator<T> = @Suppress("UNCHECKED_CAST") (NaturalOrderComparator as Comparator<T>)
kotlin.comparisons	object	NaturalOrderComparator	-	-	1	private object NaturalOrderComparator : Comparator<Comparable<Any>> {
kotlin.comparisons	fun	nullsFirst	-	-	2	public fun <T : Any> nullsFirst(comparator: Comparator<in T>): Comparator<T?> =
kotlin.comparisons	fun	nullsLast	-	-	2	public fun <T : Any> nullsLast(comparator: Comparator<in T>): Comparator<T?> =
kotlin.comparisons	val	previousCompare	-	-	7	val previousCompare = this@then.compare(a, b)
kotlin.comparisons	fun	reversed	-	-	4	fun reversed(): Comparator<T> = comparator
kotlin.comparisons	class	ReversedComparator	-	-	1	private class ReversedComparator<T>(public val comparator: Comparator<T>) : Comparator<T> {
kotlin.comparisons	fun	reverseOrder	-	-	1	public fun <T : Comparable<T>> reverseOrder(): Comparator<T> = @Suppress("UNCHECKED_CAST") (ReverseOrderComparator as Comparator<T>)
kotlin.comparisons	object	ReverseOrderComparator	-	-	1	private object ReverseOrderComparator : Comparator<Comparable<Any>> {
kotlin.comparisons	fun	then	-	-	1	public infix fun <T> Comparator<T>.then(comparator: Comparator<in T>): Comparator<T> =
kotlin.comparisons	fun	thenBy	-	-	2	public inline fun <T> Comparator<T>.thenBy(crossinline selector: (T) -> Comparable<*>?): Comparator<T> =
kotlin.comparisons	fun	thenByDescending	-	-	2	public inline fun <T> Comparator<T>.thenByDescending(crossinline selector: (T) -> Comparable<*>?): Comparator<T> =
kotlin.comparisons	fun	thenComparator	-	-	1	public inline fun <T> Comparator<T>.thenComparator(crossinline comparison: (a: T, b: T) -> Int): Comparator<T> =
kotlin.comparisons	fun	thenDescending	-	-	1	public infix fun <T> Comparator<T>.thenDescending(comparator: Comparator<in T>): Comparator<T> =
kotlin.comparisons	val	v1	-	-	1	val v1 = fn(a)
kotlin.comparisons	val	v2	-	-	1	val v2 = fn(b)
kotlin.concurrent	fun	fixedRateTimer	-	-	2	public inline fun fixedRateTimer(name: String? = null, daemon: Boolean = false, startAt: Date, period: Long, crossinline action: TimerTask.() -> Unit): Timer {
kotlin.concurrent	fun	getOrSet	-	-	1	public inline fun <T : Any> ThreadLocal<T>.getOrSet(default: () -> T): T {
kotlin.concurrent	fun	read	ReentrantReadWriteLock	-	1	public inline fun <T> ReentrantReadWriteLock.read(action: () -> T): T {
kotlin.concurrent	val	readCount	-	-	1	val readCount = if (writeHoldCount == 0) readHoldCount else 0
kotlin.concurrent	val	rl	-	-	2	val rl = readLock()
kotlin.concurrent	fun	schedule	Timer	-	4	public inline fun Timer.schedule(time: Date, crossinline action: TimerTask.() -> Unit): TimerTask {
kotlin.concurrent	fun	scheduleAtFixedRate	Timer	-	2	public inline fun Timer.scheduleAtFixedRate(time: Date, period: Long, crossinline action: TimerTask.() -> Unit): TimerTask {
kotlin.concurrent	val	task	-	-	6	val task = timerTask(action)
kotlin.concurrent	fun	thread	-	-	1	public fun thread(
kotlin.concurrent	val	thread	-	-	1	val thread = object : Thread() {
kotlin.concurrent	fun	timer	-	-	3	internal fun timer(name: String?, daemon: Boolean): Timer = if (name == null) Timer(daemon) else Timer(name, daemon)
kotlin.concurrent	val	timer	-	-	4	val timer = timer(name, daemon)
kotlin.concurrent	fun	timerTask	-	-	1	public inline fun timerTask(crossinline action: TimerTask.() -> Unit): TimerTask = object : TimerTask() {
kotlin.concurrent	class	Volatile	-	1.9	1	public expect annotation class Volatile()
kotlin.concurrent	typealias	Volatile	-	1.9	1	public actual typealias Volatile = kotlin.jvm.Volatile
kotlin.concurrent	fun	withLock	Lock	-	1	public inline fun <T> Lock.withLock(action: () -> T): T {
kotlin.concurrent	val	wl	-	-	1	val wl = writeLock()
kotlin.concurrent	fun	write	ReentrantReadWriteLock	-	1	public inline fun <T> ReentrantReadWriteLock.write(action: () -> T): T {
kotlin.concurrent.atomics	fun	addAndFetch	-	-	4	public fun addAndFetch(delta: Int): Int
kotlin.concurrent.atomics	fun	addAndFetchAt	-	-	4	public fun addAndFetchAt(index: Int, delta: Int): Int
kotlin.concurrent.atomics	fun	asJavaAtomic	AtomicInt	2.1	4	public fun AtomicLong.asJavaAtomic(): java.util.concurrent.atomic.AtomicLong = this as java.util.concurrent.atomic.AtomicLong
kotlin.concurrent.atomics	fun	asJavaAtomicArray	AtomicIntArray	2.1	3	public fun AtomicLongArray.asJavaAtomicArray(): java.util.concurrent.atomic.AtomicLongArray = this as java.util.concurrent.atomic.AtomicLongArray
kotlin.concurrent.atomics	fun	asKotlinAtomic	java.util.concurrent.atomic.AtomicInteger	2.1	4	public fun java.util.concurrent.atomic.AtomicLong.asKotlinAtomic(): AtomicLong = this as AtomicLong
kotlin.concurrent.atomics	fun	asKotlinAtomicArray	java.util.concurrent.atomic.AtomicIntegerArray	2.1	3	public fun java.util.concurrent.atomic.AtomicLongArray.asKotlinAtomicArray(): AtomicLongArray = this as AtomicLongArray
kotlin.concurrent.atomics	class	AtomicArray	-	2.1	2	public expect class AtomicArray<T> {
kotlin.concurrent.atomics	fun	AtomicArray	-	2.1	1	public inline fun <reified T> AtomicArray(size: Int, init: (Int) -> T): AtomicArray<T> =
kotlin.concurrent.atomics	class	AtomicBoolean	-	2.1	2	public expect class AtomicBoolean public constructor(value: Boolean) {
kotlin.concurrent.atomics	class	AtomicInt	-	2.1	2	public expect class AtomicInt public constructor(value: Int) {
kotlin.concurrent.atomics	class	AtomicIntArray	-	2.1	2	public expect class AtomicIntArray {
kotlin.concurrent.atomics	fun	AtomicIntArray	-	2.1	1	public inline fun AtomicIntArray(size: Int, init: (Int) -> Int): AtomicIntArray =
kotlin.concurrent.atomics	class	AtomicLong	-	2.1	2	public expect class AtomicLong public constructor(value: Long) {
kotlin.concurrent.atomics	class	AtomicLongArray	-	2.1	2	public expect class AtomicLongArray {
kotlin.concurrent.atomics	fun	AtomicLongArray	-	2.1	1	public inline fun AtomicLongArray(size: Int, init: (Int) -> Long): AtomicLongArray =
kotlin.concurrent.atomics	class	AtomicReference	-	2.1	2	public expect class AtomicReference<T> public constructor(value: T) {
kotlin.concurrent.atomics	fun	compareAndExchange	-	-	8	public fun compareAndExchange(expectedValue: T, newValue: T): T
kotlin.concurrent.atomics	fun	compareAndExchangeAt	-	-	6	public fun compareAndExchangeAt(index: Int, expectedValue: T, newValue: T): T
kotlin.concurrent.atomics	fun	compareAndSet	-	-	8	public fun compareAndSet(expectedValue: T, newValue: T): Boolean
kotlin.concurrent.atomics	fun	compareAndSetAt	-	-	6	public fun compareAndSetAt(index: Int, expectedValue: T, newValue: T): Boolean
kotlin.concurrent.atomics	fun	decrementAndFetch	AtomicInt	2.1	2	public fun AtomicInt.decrementAndFetch(): Int = this.addAndFetch(-1)
kotlin.concurrent.atomics	fun	decrementAndFetchAt	AtomicIntArray	2.1	2	public fun AtomicIntArray.decrementAndFetchAt(index: Int): Int = this.addAndFetchAt(index, -1)
kotlin.concurrent.atomics	fun	exchange	-	-	8	public fun exchange(newValue: T): T
kotlin.concurrent.atomics	fun	exchangeAt	-	-	6	public fun exchangeAt(index: Int, newValue: T): T
kotlin.concurrent.atomics	class	ExperimentalAtomicApi	-	2.1	1	public annotation class ExperimentalAtomicApi
kotlin.concurrent.atomics	fun	fetchAndAdd	-	-	4	public fun fetchAndAdd(delta: Int): Int
kotlin.concurrent.atomics	fun	fetchAndAddAt	-	-	4	public fun fetchAndAddAt(index: Int, delta: Int): Int
kotlin.concurrent.atomics	fun	fetchAndDecrement	AtomicInt	2.1	2	public fun AtomicInt.fetchAndDecrement(): Int = this.fetchAndAdd(-1)
kotlin.concurrent.atomics	fun	fetchAndDecrementAt	AtomicIntArray	2.1	2	public fun AtomicIntArray.fetchAndDecrementAt(index: Int): Int = this.fetchAndAddAt(index, -1)
kotlin.concurrent.atomics	fun	fetchAndIncrement	AtomicInt	2.1	2	public fun AtomicInt.fetchAndIncrement(): Int = this.fetchAndAdd(1)
kotlin.concurrent.atomics	fun	fetchAndIncrementAt	AtomicIntArray	2.1	2	public fun AtomicIntArray.fetchAndIncrementAt(index: Int): Int = this.fetchAndAddAt(index, 1)
kotlin.concurrent.atomics	fun	incrementAndFetch	AtomicInt	2.1	2	public fun AtomicInt.incrementAndFetch(): Int = this.addAndFetch(1)
kotlin.concurrent.atomics	fun	incrementAndFetchAt	AtomicIntArray	2.1	2	public fun AtomicIntArray.incrementAndFetchAt(index: Int): Int = this.addAndFetchAt(index, 1)
kotlin.concurrent.atomics	val	Int	-	-	6	public val size: Int
kotlin.concurrent.atomics	fun	load	-	-	8	public fun load(): T
kotlin.concurrent.atomics	fun	loadAt	-	-	6	public fun loadAt(index: Int): T
kotlin.concurrent.atomics	fun	minusAssign	AtomicInt	2.1	2	public operator fun AtomicInt.minusAssign(delta: Int): Unit { this.addAndFetch(-delta) }
kotlin.concurrent.atomics	fun	plusAssign	AtomicInt	2.1	2	public operator fun AtomicInt.plusAssign(delta: Int): Unit { this.addAndFetch(delta) }
kotlin.concurrent.atomics	fun	store	-	-	8	public fun store(newValue: T)
kotlin.concurrent.atomics	fun	storeAt	-	-	6	public fun storeAt(index: Int, newValue: T)
kotlin.concurrent.internal	fun	compareAndExchange	java.util.concurrent.atomic.AtomicInteger	2.1	7	internal fun java.util.concurrent.atomic.AtomicInteger.compareAndExchange(expected: Int, newValue: Int): Int {
kotlin.concurrent.internal	val	currentValue	-	-	7	val currentValue = get()
kotlin.contracts	fun	callsInPlace	-	-	1	@ContractsDsl public fun <R> callsInPlace(lambda: Function<R>, kind: InvocationKind = InvocationKind.UNKNOWN): CallsInPlace
kotlin.contracts	interface	CallsInPlace	-	1.3	1	public interface CallsInPlace : Effect
kotlin.contracts	interface	ConditionalEffect	-	1.3	1	public interface ConditionalEffect : Effect
kotlin.contracts	fun	contract	-	1.3	1	public inline fun contract(builder: ContractBuilder.() -> Unit) { }
kotlin.contracts	interface	ContractBuilder	-	1.3	1	public interface ContractBuilder {
kotlin.contracts	interface	Effect	-	1.3	1	public interface Effect
kotlin.contracts	class	ExperimentalContracts	-	1.3	1	public annotation class ExperimentalContracts
kotlin.contracts	fun	implies	-	-	1	public infix fun implies(booleanExpression: Boolean): ConditionalEffect
kotlin.contracts	class	InvocationKind	-	1.3	1	public enum class InvocationKind {
kotlin.contracts	fun	returns	-	-	2	@ContractsDsl public fun returns(): Returns
kotlin.contracts	interface	Returns	-	1.3	1	public interface Returns : SimpleEffect
kotlin.contracts	fun	returnsNotNull	-	-	1	@ContractsDsl public fun returnsNotNull(): ReturnsNotNull
kotlin.contracts	interface	ReturnsNotNull	-	1.3	1	public interface ReturnsNotNull : SimpleEffect
kotlin.contracts	interface	SimpleEffect	-	1.3	1	public interface SimpleEffect : Effect {
kotlin.coroutines	class	AbstractCoroutineContextElement	-	1.3	1	public abstract class AbstractCoroutineContextElement(public override val key: Key<*>) : Element
kotlin.coroutines	class	AbstractCoroutineContextKey	-	1.3	1	public abstract class AbstractCoroutineContextKey<B : Element, E : B>(
kotlin.coroutines	var	Any	-	-	1	private var result: Any? = initialResult
kotlin.coroutines	class	CombinedContext	-	1.3	1	internal class CombinedContext(
kotlin.coroutines	fun	contains	-	-	1	private fun contains(element: Element): Boolean =
kotlin.coroutines	fun	containsAll	-	-	1	private fun containsAll(context: CombinedContext): Boolean {
kotlin.coroutines	interface	Continuation	-	1.3	1	public interface Continuation<in T> {
kotlin.coroutines	fun	Continuation	-	1.3	1	public inline fun <T> Continuation(
kotlin.coroutines	interface	ContinuationInterceptor	-	1.3	1	public interface ContinuationInterceptor : CoroutineContext.Element {
kotlin.coroutines	val	CoroutineContext	-	1.3	3	private val left: CoroutineContext,
kotlin.coroutines	interface	CoroutineContext	-	1.3	1	public interface CoroutineContext {
kotlin.coroutines	var	cur	-	-	3	var cur = this
kotlin.coroutines	val	cur	-	-	1	val cur = this.result
kotlin.coroutines	val	E	-	-	1	private val safeCast: (element: Element) -> E?
kotlin.coroutines	interface	Element	-	-	1	public interface Element : CoroutineContext {
kotlin.coroutines	val	Element	-	-	1	private val element: Element
kotlin.coroutines	val	elements	-	-	1	val elements = arrayOfNulls<CoroutineContext>(n)
kotlin.coroutines	object	EmptyCoroutineContext	-	1.3	1	public object EmptyCoroutineContext : CoroutineContext, Serializable {
kotlin.coroutines	fun	fold	-	-	1	public fun <R> fold(initial: R, operation: (R, Element) -> R): R
kotlin.coroutines	fun	get	-	-	1	public operator fun <E : Element> get(key: Key<E>): E?
kotlin.coroutines	fun	getOrThrow	-	-	2	internal fun getOrThrow(): Any?
kotlin.coroutines	fun	getPolymorphicElement	Element	1.3	1	public fun <E : Element> Element.getPolymorphicElement(key: Key<E>): E? {
kotlin.coroutines	fun	hackToForceKotlinBuiltinsForKotlinCoroutinesPackage	-	-	1	private fun hackToForceKotlinBuiltinsForKotlinCoroutinesPackage() {}
kotlin.coroutines	var	index	-	-	1	var index = 0
kotlin.coroutines	fun	interceptContinuation	-	-	1	public fun <T> interceptContinuation(continuation: Continuation<T>): Continuation<T>
kotlin.coroutines	val	interceptor	-	-	1	val interceptor = removed[ContinuationInterceptor]
kotlin.coroutines	fun	isSubKey	-	-	1	internal fun isSubKey(key: Key<*>): Boolean = key === this || topmostKey === key
kotlin.coroutines	object	Key	-	-	1	public companion object Key : CoroutineContext.Key<ContinuationInterceptor>
kotlin.coroutines	interface	Key	-	-	1	public interface Key<E : Element>
kotlin.coroutines	val	Key	-	-	2	public val key: Key<*>
kotlin.coroutines	val	left	-	-	1	val left = removed.minusKey(ContinuationInterceptor)
kotlin.coroutines	val	Long	-	-	2	private const val serialVersionUID: Long = 0
kotlin.coroutines	fun	minusKey	-	-	1	public fun minusKey(key: Key<*>): CoroutineContext
kotlin.coroutines	fun	minusPolymorphicKey	Element	1.3	1	public fun Element.minusPolymorphicKey(key: Key<*>): CoroutineContext {
kotlin.coroutines	val	n	-	-	1	val n = size()
kotlin.coroutines	val	newLeft	-	-	1	val newLeft = left.minusKey(key)
kotlin.coroutines	val	next	-	-	2	val next = cur.left
kotlin.coroutines	fun	plus	-	-	1	public operator fun plus(context: CoroutineContext): CoroutineContext =
kotlin.coroutines	fun	readObject	-	-	1	private fun readObject(input: ReadObjectParameterType): Unit = throwReadObjectNotSupported()
kotlin.coroutines	fun	readResolve	-	-	2	private fun readResolve(): Any = EmptyCoroutineContext
kotlin.coroutines	fun	releaseInterceptedContinuation	-	-	1	public fun releaseInterceptedContinuation(continuation: Continuation<*>) {
kotlin.coroutines	val	removed	-	-	1	val removed = acc.minusKey(element.key)
kotlin.coroutines	class	RestrictsSuspension	-	1.3	1	public annotation class RestrictsSuspension
kotlin.coroutines	var	result	-	-	1	var result = this.result
kotlin.coroutines	val	RESULT	-	-	1	private val RESULT = AtomicReferenceFieldUpdater.newUpdater<SafeContinuation<*>, Any?>(
kotlin.coroutines	fun	resume	-	1.3	1	public inline fun <T> Continuation<T>.resume(value: T): Unit =
kotlin.coroutines	fun	resumeWith	-	-	1	public fun resumeWith(result: Result<T>)
kotlin.coroutines	fun	resumeWithException	-	1.3	1	public inline fun <T> Continuation<T>.resumeWithException(exception: Throwable): Unit =
kotlin.coroutines	val	safe	-	-	1	val safe = SafeContinuation(c.intercepted())
kotlin.coroutines	class	SafeContinuation	-	1.3	2	internal actual class SafeContinuation<in T>
kotlin.coroutines	class	Serialized	-	-	1	private class Serialized(val elements: Array<CoroutineContext>) : Serializable {
kotlin.coroutines	fun	size	-	-	1	private fun size(): Int {
kotlin.coroutines	var	size	-	-	1	var size = 2
kotlin.coroutines	fun	suspendCoroutine	-	1.3	1	public suspend inline fun <T> suspendCoroutine(crossinline block: (Continuation<T>) -> Unit): T {
kotlin.coroutines	fun	tryCast	-	-	1	internal fun tryCast(element: Element): E? = safeCast(element)
kotlin.coroutines	fun	writeReplace	-	-	1	private fun writeReplace(): Any {
kotlin.coroutines.cancellation	class	CancellationException	-	1.4	1	public expect open class CancellationException : IllegalStateException {
kotlin.coroutines.cancellation	fun	CancellationException	-	1.4	4	public expect fun CancellationException(cause: Throwable?): CancellationException
kotlin.coroutines.cancellation	typealias	CancellationException	-	1.4	1	public actual typealias CancellationException = java.util.concurrent.CancellationException
kotlin.coroutines.intrinsics	val	context	-	-	2	val context = completion.context
kotlin.coroutines.intrinsics	class	CoroutineSingletons	-	1.3	1	internal enum class CoroutineSingletons { COROUTINE_SUSPENDED, UNDECIDED, RESUMED }
kotlin.coroutines.intrinsics	fun	createCoroutineFromSuspendFunction	-	1.3	1	private inline fun <T> createCoroutineFromSuspendFunction(
kotlin.coroutines.intrinsics	fun	createSimpleCoroutineForSuspendFunction	-	-	1	private fun <T> createSimpleCoroutineForSuspendFunction(
kotlin.coroutines.intrinsics	val	get	-	1.3	1	public val COROUTINE_SUSPENDED: Any get() = CoroutineSingletons.COROUTINE_SUSPENDED
kotlin.coroutines.intrinsics	fun	intercepted	-	1.3	2	public expect fun <T> Continuation<T>.intercepted(): Continuation<T>
kotlin.coroutines.intrinsics	var	label	-	-	2	private var label = 0
kotlin.coroutines.intrinsics	val	newCompletion	-	-	3	val newCompletion = createSimpleCoroutineForSuspendFunction(probeCoroutineCreated(completion))
kotlin.coroutines.intrinsics	val	probeCompletion	-	-	2	val probeCompletion = probeCoroutineCreated(completion)
kotlin.coroutines.intrinsics	fun	suspendCoroutineUninterceptedOrReturn	-	1.3	1	public suspend inline fun <T> suspendCoroutineUninterceptedOrReturn(crossinline block: (Continuation<T>) -> Any?): T {
kotlin.coroutines.jvm.internal	val	Array	-	-	2	val spilled: Array<String> = [],
kotlin.coroutines.jvm.internal	fun	await	-	-	1	fun await() = synchronized(this) {
kotlin.coroutines.jvm.internal	class	BaseContinuationImpl	-	1.3	1	internal abstract class BaseContinuationImpl(
kotlin.coroutines.jvm.internal	fun	boxBoolean	-	1.3	1	internal fun boxBoolean(primitive: Boolean): java.lang.Boolean = java.lang.Boolean.valueOf(primitive) as java.lang.Boolean
kotlin.coroutines.jvm.internal	fun	boxByte	-	1.3	1	internal fun boxByte(primitive: Byte): java.lang.Byte = java.lang.Byte.valueOf(primitive) as java.lang.Byte
kotlin.coroutines.jvm.internal	fun	boxChar	-	1.3	1	internal fun boxChar(primitive: Char): java.lang.Character = java.lang.Character(primitive)
kotlin.coroutines.jvm.internal	fun	boxDouble	-	1.3	1	internal fun boxDouble(primitive: Double): java.lang.Double = java.lang.Double(primitive)
kotlin.coroutines.jvm.internal	fun	boxFloat	-	1.3	1	internal fun boxFloat(primitive: Float): java.lang.Float = java.lang.Float(primitive)
kotlin.coroutines.jvm.internal	fun	boxInt	-	1.3	1	internal fun boxInt(primitive: Int): java.lang.Integer = java.lang.Integer(primitive)
kotlin.coroutines.jvm.internal	fun	boxLong	-	1.3	1	internal fun boxLong(primitive: Long): java.lang.Long = java.lang.Long(primitive)
kotlin.coroutines.jvm.internal	fun	boxShort	-	1.3	1	internal fun boxShort(primitive: Short): java.lang.Short = java.lang.Short(primitive)
kotlin.coroutines.jvm.internal	fun	buildCache	-	-	1	private fun buildCache(continuation: BaseContinuationImpl): Cache {
kotlin.coroutines.jvm.internal	val	cache	-	-	1	val cache = this.cache ?: buildCache(continuation)
kotlin.coroutines.jvm.internal	class	Cache	-	-	1	private class Cache(
kotlin.coroutines.jvm.internal	var	Cache	-	-	1	private var cache: Cache? = null
kotlin.coroutines.jvm.internal	fun	checkContinuation	-	-	1	internal inline fun checkContinuation() {}
kotlin.coroutines.jvm.internal	fun	checkCOROUTINE_SUSPENDED	-	-	1	internal inline fun checkCOROUTINE_SUSPENDED() {}
kotlin.coroutines.jvm.internal	fun	checkDebugMetadataVersion	-	-	1	private fun checkDebugMetadataVersion(expected: Int, actual: Int) {
kotlin.coroutines.jvm.internal	fun	checkResult	-	-	1	internal inline fun checkResult() {}
kotlin.coroutines.jvm.internal	object	CompletedContinuation	-	-	1	internal object CompletedContinuation : Continuation<Any?> {
kotlin.coroutines.jvm.internal	val	completion	-	-	1	val completion = completion!!
kotlin.coroutines.jvm.internal	class	ContinuationImpl	-	1.3	1	internal abstract class ContinuationImpl(
kotlin.coroutines.jvm.internal	val	CoroutineContext	-	-	1	private val _context: CoroutineContext?
kotlin.coroutines.jvm.internal	val	COROUTINES_DEBUG_METADATA_VERSION	-	-	1	private const val COROUTINES_DEBUG_METADATA_VERSION = 1
kotlin.coroutines.jvm.internal	interface	CoroutineStackFrame	-	1.3	1	public interface CoroutineStackFrame {
kotlin.coroutines.jvm.internal	val	CoroutineStackFrame	-	-	1	public val callerFrame: CoroutineStackFrame?
kotlin.coroutines.jvm.internal	fun	create	-	-	2	public open fun create(completion: Continuation<*>): Continuation<Unit> {
kotlin.coroutines.jvm.internal	var	current	-	-	1	var current = this
kotlin.coroutines.jvm.internal	val	debugMetadata	-	-	2	val debugMetadata = getDebugMetadataAnnotation() ?: return null
kotlin.coroutines.jvm.internal	class	DebugMetadata	-	1.3	1	internal annotation class DebugMetadata(
kotlin.coroutines.jvm.internal	val	descriptor	-	-	1	val descriptor = cache.getDescriptorMethod?.invoke(module) ?: return null
kotlin.coroutines.jvm.internal	val	field	-	-	1	val field = javaClass.getDeclaredField("label")
kotlin.coroutines.jvm.internal	fun	getDebugMetadataAnnotation	BaseContinuationImpl	-	1	private fun BaseContinuationImpl.getDebugMetadataAnnotation(): DebugMetadata? =
kotlin.coroutines.jvm.internal	val	getDescriptorMethod	-	-	1	val getDescriptorMethod = methodClass.getDeclaredMethod("getDescriptor")
kotlin.coroutines.jvm.internal	fun	getLabel	BaseContinuationImpl	-	1	private fun BaseContinuationImpl.getLabel(): Int =
kotlin.coroutines.jvm.internal	val	getModuleMethod	-	-	1	val getModuleMethod = Class::class.java.getDeclaredMethod("getModule")
kotlin.coroutines.jvm.internal	fun	getModuleName	-	-	1	fun getModuleName(continuation: BaseContinuationImpl): String? {
kotlin.coroutines.jvm.internal	fun	getSpilledVariableFieldMapping	BaseContinuationImpl	1.3	1	internal fun BaseContinuationImpl.getSpilledVariableFieldMapping(): Array<String>? {
kotlin.coroutines.jvm.internal	fun	getStackTraceElement	-	-	1	public fun getStackTraceElement(): StackTraceElement?
kotlin.coroutines.jvm.internal	fun	getStackTraceElementImpl	BaseContinuationImpl	1.3	1	internal fun BaseContinuationImpl.getStackTraceElementImpl(): StackTraceElement? {
kotlin.coroutines.jvm.internal	val	Int	-	-	1	val version: Int = 1,
kotlin.coroutines.jvm.internal	val	IntArray	-	-	2	val lineNumbers: IntArray = [],
kotlin.coroutines.jvm.internal	fun	intercepted	-	-	1	public fun intercepted(): Continuation<Any?> =
kotlin.coroutines.jvm.internal	val	intercepted	-	-	1	val intercepted = intercepted
kotlin.coroutines.jvm.internal	fun	invokeSuspend	-	-	1	protected abstract fun invokeSuspend(result: Result<Any?>): Any?
kotlin.coroutines.jvm.internal	val	label	-	-	2	val label = getLabel()
kotlin.coroutines.jvm.internal	fun	lambdaArgumentsUnspilling	-	-	1	internal inline fun lambdaArgumentsUnspilling() {}
kotlin.coroutines.jvm.internal	val	lineNumber	-	-	1	val lineNumber = if (label < 0) -1 else debugMetadata.lineNumbers[label]
kotlin.coroutines.jvm.internal	val	Method	-	-	3	val nameMethod: Method?
kotlin.coroutines.jvm.internal	val	methodClass	-	-	1	val methodClass = continuation.javaClass.classLoader.loadClass("java.lang.Module")
kotlin.coroutines.jvm.internal	val	module	-	-	1	val module = cache.getModuleMethod?.invoke(continuation.javaClass) ?: return null
kotlin.coroutines.jvm.internal	val	moduleAndClass	-	-	1	val moduleAndClass = if (moduleName == null) debugMetadata.className else "$moduleName/${debugMetadata.className}"
kotlin.coroutines.jvm.internal	val	moduleDescriptorClass	-	-	1	val moduleDescriptorClass = continuation.javaClass.classLoader.loadClass("java.lang.module.ModuleDescriptor")
kotlin.coroutines.jvm.internal	val	moduleName	-	-	1	val moduleName = ModuleNameRetriever.getModuleName(this)
kotlin.coroutines.jvm.internal	object	ModuleNameRetriever	-	-	1	private object ModuleNameRetriever {
kotlin.coroutines.jvm.internal	val	nameMethod	-	-	1	val nameMethod = moduleDescriptorClass.getDeclaredMethod("name")
kotlin.coroutines.jvm.internal	val	notOnJava9	-	-	1	private val notOnJava9 = Cache(null, null, null)
kotlin.coroutines.jvm.internal	fun	nullOutSpilledVariable	-	-	1	internal fun nullOutSpilledVariable(value: Any?): Any? = null
kotlin.coroutines.jvm.internal	val	outcome	-	-	1	val outcome = invokeSuspend(param)
kotlin.coroutines.jvm.internal	var	param	-	-	1	var param = result
kotlin.coroutines.jvm.internal	fun	probeCoroutineCreated	-	1.3	1	internal fun <T> probeCoroutineCreated(completion: Continuation<T>): Continuation<T> {
kotlin.coroutines.jvm.internal	fun	probeCoroutineResumed	-	1.3	1	internal fun probeCoroutineResumed(frame: Continuation<*>) {
kotlin.coroutines.jvm.internal	fun	probeCoroutineSuspended	-	1.3	1	internal fun probeCoroutineSuspended(frame: Continuation<*>) {
kotlin.coroutines.jvm.internal	fun	releaseIntercepted	-	-	1	protected open fun releaseIntercepted() {
kotlin.coroutines.jvm.internal	val	res	-	-	1	val res = arrayListOf<String>()
kotlin.coroutines.jvm.internal	class	RestrictedContinuationImpl	-	1.3	1	internal abstract class RestrictedContinuationImpl(
kotlin.coroutines.jvm.internal	class	RestrictedSuspendLambda	-	1.3	1	internal abstract class RestrictedSuspendLambda(
kotlin.coroutines.jvm.internal	val	Result	-	-	1	val outcome: Result<Any?> =
kotlin.coroutines.jvm.internal	val	run	-	-	1	val run = RunSuspend()
kotlin.coroutines.jvm.internal	fun	runSuspend	-	1.3	1	internal fun runSuspend(block: suspend () -> Unit) {
kotlin.coroutines.jvm.internal	class	RunSuspend	-	-	1	private class RunSuspend : Continuation<Unit> {
kotlin.coroutines.jvm.internal	val	String	-	-	3	val className: String = ""
kotlin.coroutines.jvm.internal	interface	SuspendFunction	-	1.3	1	internal interface SuspendFunction
kotlin.coroutines.jvm.internal	class	SuspendLambda	-	1.3	1	internal abstract class SuspendLambda(
kotlin.coroutines.jvm.internal	fun	tableswitch	-	-	1	internal inline fun tableswitch() {}
kotlin.coroutines.jvm.internal	fun	unreachable	-	-	1	internal inline fun unreachable() {}
kotlin.enums	val	Class	-	-	1	private val c: Class<E> = entries.javaClass.componentType!! as Class<E>
kotlin.enums	fun	enumEntries	-	1.8,2.0	3	public inline fun <reified T : Enum<T>> enumEntries(): EnumEntries<T> = enumEntriesIntrinsic()
kotlin.enums	interface	EnumEntries	-	1.9	1	public sealed interface EnumEntries<E : Enum<E>> : List<E>
kotlin.enums	fun	enumEntriesIntrinsic	-	1.9	2	internal expect fun <T : Enum<T>> enumEntriesIntrinsic(): EnumEntries<T>
kotlin.enums	class	EnumEntriesList	-	1.8	1	private class EnumEntriesList<T : Enum<T>>(private val entries: Array<T>) : EnumEntries<T>, AbstractList<T>(), Serializable {
kotlin.enums	class	EnumEntriesSerializationProxy	-	-	2	internal expect class EnumEntriesSerializationProxy<E : Enum<E>>(entries: Array<E>)
kotlin.enums	val	Long	-	-	1	private const val serialVersionUID: Long = 0L
kotlin.enums	val	ordinal	-	-	1	val ordinal = element.ordinal
kotlin.enums	fun	readObject	-	-	1	private fun readObject(@Suppress("UNUSED_PARAMETER") input: ReadObjectParameterType): Unit = throwReadObjectNotSupported()
kotlin.enums	fun	readResolve	-	-	1	private fun readResolve(): Any {
kotlin.enums	val	target	-	-	2	val target = entries.getOrNull(ordinal)
kotlin.enums	fun	writeReplace	-	-	1	private fun writeReplace(): Any {
kotlin.experimental	fun	and	Byte	1.1	2	public inline infix fun Byte.and(other: Byte): Byte = (this.toInt() and other.toInt()).toByte()
kotlin.experimental	class	ExpectRefinement	-	2.2	1	public annotation class ExpectRefinement
kotlin.experimental	class	ExperimentalNativeApi	-	1.9	1	public annotation class ExperimentalNativeApi
kotlin.experimental	class	ExperimentalObjCName	-	1.8	1	public annotation class ExperimentalObjCName
kotlin.experimental	class	ExperimentalObjCRefinement	-	1.8	1	public annotation class ExperimentalObjCRefinement
kotlin.experimental	class	ExperimentalTypeInference	-	1.3	1	public annotation class ExperimentalTypeInference
kotlin.experimental	fun	inv	Byte	1.1	2	public inline fun Byte.inv(): Byte = (this.toInt().inv()).toByte()
kotlin.experimental	fun	or	Byte	1.1	2	public inline infix fun Byte.or(other: Byte): Byte = (this.toInt() or other.toInt()).toByte()
kotlin.experimental	fun	xor	Byte	1.1	2	public inline infix fun Byte.xor(other: Byte): Byte = (this.toInt() xor other.toInt()).toByte()
kotlin.internal	val	ac	-	-	2	val ac = a % c
kotlin.internal	class	AccessibleLateinitPropertyLiteral	-	1.2	1	internal annotation class AccessibleLateinitPropertyLiteral
kotlin.internal	class	ActualizeByJvmBuiltinProvider	-	-	1	internal expect annotation class ActualizeByJvmBuiltinProvider()
kotlin.internal	fun	addSuppressed	-	-	1	public open fun addSuppressed(cause: Throwable, exception: Throwable) {
kotlin.internal	fun	apiVersionIsAtLeast	-	1.2	1	internal fun apiVersionIsAtLeast(major: Int, minor: Int, patch: Int): Boolean =
kotlin.internal	val	baseTypeCL	-	-	1	val baseTypeCL = T::class.java.classLoader
kotlin.internal	val	bc	-	-	2	val bc = b % c
kotlin.internal	fun	castToBaseType	-	-	1	private inline fun <reified T : Any> castToBaseType(instance: Any): T {
kotlin.internal	class	ContractsDsl	-	1.2	1	internal annotation class ContractsDsl
kotlin.internal	fun	defaultPlatformRandom	-	-	1	public open fun defaultPlatformRandom(): Random = FallbackThreadLocalRandom()
kotlin.internal	val	DeprecationLevel	-	-	1	val level: DeprecationLevel = DeprecationLevel.ERROR,
kotlin.internal	fun	differenceModulo	-	-	4	private fun differenceModulo(a: Int, b: Int, c: Int): Int {
kotlin.internal	class	DynamicExtension	-	-	1	internal annotation class DynamicExtension
kotlin.internal	class	Exact	-	-	1	internal annotation class Exact
kotlin.internal	fun	getMatchResultNamedGroup	-	-	1	public open fun getMatchResultNamedGroup(matchResult: MatchResult, name: String): MatchGroup? {
kotlin.internal	fun	getProgressionLastElement	-	1.3	4	internal fun getProgressionLastElement(start: Int, end: Int, step: Int): Int = when {
kotlin.internal	fun	getSuppressed	-	-	1	public open fun getSuppressed(exception: Throwable): List<Throwable> {
kotlin.internal	fun	getSystemClock	-	-	1	public open fun getSystemClock(): Clock {
kotlin.internal	class	HidesMembers	-	-	1	internal annotation class HidesMembers
kotlin.internal	class	InlineOnly	-	-	1	internal annotation class InlineOnly
kotlin.internal	val	instanceCL	-	-	1	val instanceCL = instance.javaClass.classLoader
kotlin.internal	val	Int	-	-	1	val errorCode: Int = -1
kotlin.internal	class	IntrinsicConstEvaluation	-	1.7	1	internal annotation class IntrinsicConstEvaluation
kotlin.internal	class	JvmBuiltin	-	-	1	internal annotation class JvmBuiltin
kotlin.internal	class	LowPriorityInOverloadResolution	-	-	1	internal annotation class LowPriorityInOverloadResolution
kotlin.internal	val	Method	-	-	2	public val addSuppressed: Method?
kotlin.internal	fun	mod	-	-	2	private fun mod(a: Int, b: Int): Int {
kotlin.internal	val	mod	-	-	2	val mod = a % b
kotlin.internal	class	NoInfer	-	-	1	internal annotation class NoInfer
kotlin.internal	class	OnlyInputTypes	-	-	1	internal annotation class OnlyInputTypes
kotlin.internal	class	PlatformDependent	-	-	1	internal annotation class PlatformDependent
kotlin.internal	class	PlatformImplementations	-	-	1	internal open class PlatformImplementations {
kotlin.internal	val	PlatformImplementations	-	-	1	internal val IMPLEMENTATIONS: PlatformImplementations =
kotlin.internal	class	PureReifiable	-	-	1	internal annotation class PureReifiable
kotlin.internal	class	ReadObjectParameterType	-	-	1	internal expect class ReadObjectParameterType
kotlin.internal	typealias	ReadObjectParameterType	-	-	1	internal actual typealias ReadObjectParameterType = java.io.ObjectInputStream
kotlin.internal	object	ReflectThrowable	-	-	1	private object ReflectThrowable {
kotlin.internal	class	RequireKotlin	-	1.2	1	internal annotation class RequireKotlin(
kotlin.internal	val	RequireKotlinVersionKind	-	-	1	val versionKind: RequireKotlinVersionKind = RequireKotlinVersionKind.LANGUAGE_VERSION,
kotlin.internal	class	RequireKotlinVersionKind	-	1.2	1	internal enum class RequireKotlinVersionKind {
kotlin.internal	val	String	-	-	2	val version: String,
kotlin.internal	class	SuppressBytecodeGeneration	-	-	1	internal annotation class SuppressBytecodeGeneration
kotlin.internal	val	throwableClass	-	-	1	val throwableClass = Throwable::class.java
kotlin.internal	val	throwableMethods	-	-	1	val throwableMethods = throwableClass.methods
kotlin.internal	fun	throwReadObjectNotSupported	-	-	2	internal expect inline fun throwReadObjectNotSupported(): Nothing
kotlin.internal.jdk7	val	Int	-	-	1	public val sdkVersion: Int? = try {
kotlin.internal.jdk7	class	JDK7PlatformImplementations	-	-	1	internal open class JDK7PlatformImplementations : PlatformImplementations() {
kotlin.internal.jdk7	object	ReflectSdkVersion	-	-	1	private object ReflectSdkVersion {
kotlin.internal.jdk7	fun	sdkIsNullOrAtLeast	-	-	1	private fun sdkIsNullOrAtLeast(version: Int): Boolean = ReflectSdkVersion.sdkVersion == null || ReflectSdkVersion.sdkVersion >= version
kotlin.internal.jdk8	val	Int	-	-	1	public val sdkVersion: Int? = try {
kotlin.internal.jdk8	class	JDK8PlatformImplementations	-	-	1	internal open class JDK8PlatformImplementations : JDK7PlatformImplementations() {
kotlin.internal.jdk8	val	matcher	-	-	1	val matcher = matchResult as? Matcher ?: throw UnsupportedOperationException("Retrieving groups by name is not supported on this platform.")
kotlin.internal.jdk8	val	range	-	-	1	val range = matcher.start(name)..matcher.end(name) - 1
kotlin.internal.jdk8	object	ReflectSdkVersion	-	-	1	private object ReflectSdkVersion {
kotlin.internal.jdk8	fun	sdkIsNullOrAtLeast	-	-	1	private fun sdkIsNullOrAtLeast(version: Int): Boolean = ReflectSdkVersion.sdkVersion == null || ReflectSdkVersion.sdkVersion >= version
kotlin.io	class	AccessDeniedException	-	-	1	public class AccessDeniedException(
kotlin.io	val	answer	-	-	1	val answer = nextValue
kotlin.io	fun	appendBytes	File	-	1	public fun File.appendBytes(array: ByteArray): Unit = FileOutputStream(this, true).use { it.write(array) }
kotlin.io	fun	appendText	File	-	1	public fun File.appendText(text: String, charset: Charset = Charsets.UTF_8): Unit =
kotlin.io	val	arr	-	-	1	val arr = ByteArray(blockSize.coerceAtLeast(MINIMUM_BLOCK_SIZE))
kotlin.io	val	baseComponents	-	-	1	val baseComponents = base.toComponents().normalize()
kotlin.io	val	baseCount	-	-	1	val baseCount = baseComponents.size
kotlin.io	val	baseName	-	-	1	val baseName = this.toString()
kotlin.io	val	Boolean	-	-	1	public val File.isRooted: Boolean
kotlin.io	var	Boolean	-	-	1	private var visited: Boolean = false
kotlin.io	val	buffer	-	-	5	val buffer = StringWriter()
kotlin.io	fun	buffered	InputStream	-	4	public inline fun Reader.buffered(bufferSize: Int = DEFAULT_BUFFER_SIZE): BufferedReader =
kotlin.io	fun	bufferedReader	File	-	2	public inline fun InputStream.bufferedReader(charset: Charset = Charsets.UTF_8): BufferedReader = reader(charset).buffered()
kotlin.io	fun	bufferedWriter	File	-	2	public inline fun OutputStream.bufferedWriter(charset: Charset = Charsets.UTF_8): BufferedWriter = writer(charset).buffered()
kotlin.io	val	byteBuffer	-	-	1	val byteBuffer = byteBufferForEncoding(chunkSize, encoder)
kotlin.io	val	ByteBuffer	-	-	1	private val byteBuf: ByteBuffer = ByteBuffer.wrap(bytes)
kotlin.io	fun	byteBufferForEncoding	-	-	1	internal fun byteBufferForEncoding(chunkSize: Int, encoder: CharsetEncoder): ByteBuffer {
kotlin.io	fun	byteInputStream	String	-	1	public inline fun String.byteInputStream(charset: Charset = Charsets.UTF_8): ByteArrayInputStream = ByteArrayInputStream(toByteArray(charset))
kotlin.io	val	bytes	-	-	1	private val bytes = ByteArray(BUFFER_SIZE)
kotlin.io	var	bytes	-	-	1	var bytes = read(buffer)
kotlin.io	val	charBuffer	-	-	1	val charBuffer = CharBuffer.allocate(chunkSize)
kotlin.io	val	CharBuffer	-	-	1	private val charBuf: CharBuffer = CharBuffer.wrap(chars)
kotlin.io	val	chars	-	-	1	private val chars = CharArray(BUFFER_SIZE)
kotlin.io	var	chars	-	-	1	var chars = read(buffer)
kotlin.io	val	chunkSize	-	-	1	val chunkSize = DEFAULT_BUFFER_SIZE
kotlin.io	fun	closeFinally	Closeable	1.1	1	internal fun Closeable?.closeFinally(cause: Throwable?): Unit = when {
kotlin.io	val	CoderResult	-	-	1	val coderResult: CoderResult = decoder.decode(byteBuf, charBuf, endOfInput)
kotlin.io	fun	compactBytes	-	-	1	private fun compactBytes(): Int = with(byteBuf) {
kotlin.io	val	components	-	-	3	val components = toComponents()
kotlin.io	fun	constructMessage	-	-	1	private fun constructMessage(file: File, other: File?, reason: String?): String {
kotlin.io	val	copyLength	-	-	1	val copyLength = minOf(chunkSize - leftover, text.length - startIndex)
kotlin.io	fun	copyRecursively	File	-	1	public fun File.copyRecursively(
kotlin.io	fun	copyTo	File	-	3	public fun Reader.copyTo(out: Writer, bufferSize: Int = DEFAULT_BUFFER_SIZE): Long {
kotlin.io	fun	createTempDir	-	-	1	public fun createTempDir(prefix: String = "tmp", suffix: String? = null, directory: File? = null): File {
kotlin.io	fun	createTempFile	-	-	1	public fun createTempFile(prefix: String = "tmp", suffix: String? = null, directory: File? = null): File {
kotlin.io	fun	decode	-	-	1	private fun decode(endOfInput: Boolean): Int {
kotlin.io	fun	decodeEndOfInput	-	-	1	private fun decodeEndOfInput(nBytes: Int, nChars: Int): Int {
kotlin.io	fun	deleteRecursively	File	-	1	public fun File.deleteRecursively(): Boolean = walkBottomUp().fold(true, { res, it -> (it.delete() || !it.exists()) && res })
kotlin.io	val	dir	-	-	1	val dir = File.createTempFile(prefix, suffix, directory)
kotlin.io	var	directEOL	-	-	1	private var directEOL = false
kotlin.io	fun	directoryState	-	-	1	private fun directoryState(root: File): DirectoryState {
kotlin.io	class	DirectoryState	-	-	1	private abstract class DirectoryState(rootDir: File) : WalkState(rootDir) {
kotlin.io	var	done	-	-	1	private var done = false
kotlin.io	val	dstFile	-	-	1	val dstFile = File(target, relPath)
kotlin.io	val	encoder	-	-	1	val encoder = charset.newReplaceEncoder()
kotlin.io	val	endIndex	-	-	1	val endIndex = startIndex + copyLength
kotlin.io	fun	endsWith	File	-	2	public fun File.endsWith(other: File): Boolean {
kotlin.io	class	ExposingBufferByteArrayOutputStream	-	-	1	private class ExposingBufferByteArrayOutputStream(size: Int) : ByteArrayOutputStream(size) {
kotlin.io	val	extra	-	-	1	val extra = ExposingBufferByteArrayOutputStream(DEFAULT_BUFFER_SIZE + 1)
kotlin.io	val	extraByte	-	-	1	val extraByte = input.read()
kotlin.io	var	failed	-	-	1	private var failed = false
kotlin.io	val	file	-	-	1	val file = topState.step()
kotlin.io	val	File	-	-	4	public val file: File,
kotlin.io	class	FileAlreadyExistsException	-	-	1	public class FileAlreadyExistsException(
kotlin.io	var	fileIndex	-	-	2	private var fileIndex = 0
kotlin.io	class	FilePathComponents	-	-	1	internal data class FilePathComponents
kotlin.io	class	FileSystemException	-	-	1	open public class FileSystemException(
kotlin.io	class	FileTreeWalk	-	-	1	public class FileTreeWalk private constructor(
kotlin.io	class	FileWalkDirection	-	-	1	public enum class FileWalkDirection {
kotlin.io	val	FileWalkDirection	-	-	1	private val direction: FileWalkDirection = FileWalkDirection.TOP_DOWN,
kotlin.io	var	finished	-	-	1	var finished = false
kotlin.io	var	first	-	-	1	var first = indexOf(File.separatorChar, 0)
kotlin.io	fun	forEachBlock	File	-	2	public fun File.forEachBlock(blockSize: Int, action: (buffer: ByteArray, bytesRead: Int) -> Unit): Unit {
kotlin.io	fun	forEachLine	File	-	2	public fun Reader.forEachLine(action: (String) -> Unit): Unit = useLines { it.forEach(action) }
kotlin.io	val	get	-	-	4	val buffer: ByteArray get() = buf
kotlin.io	fun	getRootLength	String	-	1	private fun String.getRootLength(): Int {
kotlin.io	fun	gotoNext	-	-	1	private tailrec fun gotoNext(): File? {
kotlin.io	var	i	-	-	1	var i = 0
kotlin.io	fun	inputStream	File	-	3	public inline fun File.inputStream(): FileInputStream {
kotlin.io	val	Int	-	-	5	private const val BUFFER_SIZE: Int = 32
kotlin.io	fun	iterator	BufferedInputStream	-	1	public operator fun BufferedInputStream.iterator(): ByteIterator =
kotlin.io	var	leftover	-	-	1	var leftover = 0
kotlin.io	object	LineReader	-	-	1	internal object LineReader {
kotlin.io	fun	lineSequence	BufferedReader	-	1	public fun BufferedReader.lineSequence(): Sequence<String> = LinesSequence(this).constrainOnce()
kotlin.io	class	LinesSequence	-	-	1	private class LinesSequence(private val reader: BufferedReader) : Sequence<String> {
kotlin.io	val	list	-	-	1	val list = if (subPath.isEmpty()) listOf() else subPath.split(File.separatorChar).map(::File)
kotlin.io	var	Long	-	-	2	var bytesCopied: Long = 0
kotlin.io	val	maxBytesPerChar	-	-	1	val maxBytesPerChar = ceil(encoder.maxBytesPerChar()).toInt()
kotlin.io	fun	maxDepth	-	-	1	public fun maxDepth(depth: Int): FileTreeWalk {
kotlin.io	val	maxSameCount	-	-	1	val maxSameCount = minOf(thisCount, baseCount)
kotlin.io	val	MutableList	-	-	1	val list: MutableList<File> = ArrayList(this.size)
kotlin.io	var	nBytes	-	-	1	var nBytes = 0
kotlin.io	var	nChars	-	-	1	var nChars = 0
kotlin.io	val	nChars	-	-	1	val nChars = charBuf.position()
kotlin.io	fun	newReplaceEncoder	Charset	-	1	internal fun Charset.newReplaceEncoder() = newEncoder()
kotlin.io	var	nextByte	-	-	1	var nextByte = -1
kotlin.io	val	nextFile	-	-	1	val nextFile = gotoNext()
kotlin.io	var	nextPrepared	-	-	1	var nextPrepared = false
kotlin.io	fun	normalize	File	-	3	public fun File.normalize(): File =
kotlin.io	class	NoSuchFileException	-	-	1	public class NoSuchFileException(
kotlin.io	var	offset	-	-	1	var offset = 0
kotlin.io	fun	onEnter	-	-	1	public fun onEnter(function: (File) -> Boolean): FileTreeWalk {
kotlin.io	class	OnErrorAction	-	-	1	public enum class OnErrorAction {
kotlin.io	fun	onFail	-	-	1	public fun onFail(function: (File, IOException) -> Unit): FileTreeWalk {
kotlin.io	fun	onLeave	-	-	1	public fun onLeave(function: (File) -> Unit): FileTreeWalk {
kotlin.io	val	otherComponents	-	-	2	val otherComponents = other.toComponents()
kotlin.io	fun	outputStream	File	-	1	public inline fun File.outputStream(): FileOutputStream {
kotlin.io	val	parentSubPath	-	-	1	val parentSubPath = if (components.size == 0) File("..") else components.subPath(0, components.size - 1)
kotlin.io	val	path	-	-	1	val path = path
kotlin.io	fun	prepareNext	-	-	1	private fun prepareNext() {
kotlin.io	fun	print	-	-	11	public expect fun print(message: Any?)
kotlin.io	fun	println	-	-	13	public expect fun println()
kotlin.io	fun	printWriter	File	-	1	public inline fun File.printWriter(charset: Charset = Charsets.UTF_8): PrintWriter =
kotlin.io	val	read	-	-	1	val read = input.read(result, offset, remaining)
kotlin.io	class	ReadAfterEOFException	-	-	1	internal class ReadAfterEOFException(message: String?) : RuntimeException(message)
kotlin.io	val	readByte	-	-	1	val readByte = inputStream.read()
kotlin.io	fun	readBytes	File	1.3	4	public fun InputStream.readBytes(): ByteArray {
kotlin.io	fun	reader	File	-	3	public inline fun String.reader(): StringReader = StringReader(this)
kotlin.io	fun	readLine	-	-	2	fun readLine(inputStream: InputStream, charset: Charset): String? {
kotlin.io	fun	readLines	File	-	2	public fun Reader.readLines(): List<String> {
kotlin.io	fun	readln	-	1.6	2	public expect fun readln(): String
kotlin.io	fun	readlnOrNull	-	1.6	2	public expect fun readlnOrNull(): String?
kotlin.io	fun	readText	File	-	3	public fun Reader.readText(): String {
kotlin.io	fun	relativeTo	File	-	1	public fun File.relativeTo(base: File): File = File(this.toRelativeString(base))
kotlin.io	fun	relativeToOrNull	File	-	1	public fun File.relativeToOrNull(base: File): File? =
kotlin.io	fun	relativeToOrSelf	File	-	1	public fun File.relativeToOrSelf(base: File): File =
kotlin.io	val	relPath	-	-	1	val relPath = src.toRelativeString(this)
kotlin.io	var	remaining	-	-	1	var remaining = this.length().also { length ->
kotlin.io	val	res	-	-	2	val res = StringBuilder()
kotlin.io	fun	resetAll	-	-	1	private fun resetAll() {
kotlin.io	fun	resolve	File	-	2	public fun File.resolve(relative: File): File {
kotlin.io	fun	resolveSibling	File	-	2	public fun File.resolveSibling(relative: File): File {
kotlin.io	val	result	-	-	4	val result = sb.toString()
kotlin.io	val	resultingSize	-	-	1	val resultingSize = result.size + extra.size()
kotlin.io	val	rootLength	-	-	1	val rootLength = path.getRootLength()
kotlin.io	val	rootName	-	-	1	val rootName = path.substring(0, rootLength)
kotlin.io	var	rootVisited	-	-	2	private var rootVisited = false
kotlin.io	val	sameCount	-	-	1	val sameCount = run countSame@{
kotlin.io	val	sb	-	-	2	private val sb = StringBuilder()
kotlin.io	interface	Serializable	-	-	1	internal expect interface Serializable
kotlin.io	typealias	Serializable	-	-	1	internal actual typealias Serializable = java.io.Serializable
kotlin.io	val	shift	-	-	1	val shift = components.size - otherComponents.size
kotlin.io	val	size	-	-	1	val size = input.read(arr)
kotlin.io	var	startIndex	-	-	1	var startIndex = 0
kotlin.io	fun	startsWith	File	-	2	public fun File.startsWith(other: File): Boolean {
kotlin.io	val	state	-	-	1	private val state = ArrayDeque<WalkState>()
kotlin.io	fun	step	-	-	1	public abstract fun step(): File?
kotlin.io	val	stillExists	-	-	1	val stillExists = if (!overwrite) true else {
kotlin.io	val	String	-	-	5	public val reason: String? = null
kotlin.io	var	String	-	-	1	private var nextValue: String? = null
kotlin.io	fun	subPath	-	-	2	public fun subPath(beginIndex: Int, endIndex: Int): File {
kotlin.io	val	subPath	-	-	1	val subPath = path.substring(rootLength)
kotlin.io	class	TerminateException	-	-	1	private class TerminateException(file: File) : FileSystemException(file) {}
kotlin.io	val	thisComponents	-	-	1	val thisComponents = this.toComponents().normalize()
kotlin.io	val	thisCount	-	-	1	val thisCount = thisComponents.size
kotlin.io	var	Throwable	-	-	1	var exception: Throwable? = null
kotlin.io	fun	toComponents	File	-	1	internal fun File.toComponents(): FilePathComponents {
kotlin.io	val	topState	-	-	1	val topState = state.peek() ?: return null
kotlin.io	fun	toRelativeString	File	-	1	public fun File.toRelativeString(base: File): String =
kotlin.io	fun	toRelativeStringOrNull	File	-	1	private fun File.toRelativeStringOrNull(base: File): String? {
kotlin.io	fun	trimStringBuilder	-	-	1	private fun trimStringBuilder() {
kotlin.io	fun	updateCharset	-	-	1	private fun updateCharset(charset: Charset) {
kotlin.io	fun	use	T	-	1	public inline fun <T : Closeable?, R> T.use(block: (T) -> R): R {
kotlin.io	fun	useLines	File	-	2	public inline fun <T> Reader.useLines(block: (Sequence<String>) -> T): T {
kotlin.io	fun	walk	File	-	1	public fun File.walk(direction: FileWalkDirection = FileWalkDirection.TOP_DOWN): FileTreeWalk =
kotlin.io	fun	walkBottomUp	File	-	1	public fun File.walkBottomUp(): FileTreeWalk = walk(FileWalkDirection.BOTTOM_UP)
kotlin.io	class	WalkState	-	-	1	private abstract class WalkState(val root: File) {
kotlin.io	fun	walkTopDown	File	-	1	public fun File.walkTopDown(): FileTreeWalk = walk(FileWalkDirection.TOP_DOWN)
kotlin.io	fun	writeBytes	File	-	1	public fun File.writeBytes(array: ByteArray): Unit = FileOutputStream(this).use { it.write(array) }
kotlin.io	fun	writer	File	-	2	public inline fun File.writer(charset: Charset = Charsets.UTF_8): OutputStreamWriter =
kotlin.io	fun	writeText	File	-	1	public fun File.writeText(text: String, charset: Charset = Charsets.UTF_8): Unit =
kotlin.io	fun	writeTextImpl	OutputStream	-	1	internal fun OutputStream.writeTextImpl(text: String, charset: Charset) {
kotlin.io.encoding	class	Base64	-	2.2	1	public open class Base64 private constructor(
kotlin.io.encoding	val	Base64	-	-	5	private val base64: Base64
kotlin.io.encoding	val	base64DecodeMap	-	-	1	private val base64DecodeMap = IntArray(256).apply {
kotlin.io.encoding	val	base64EncodeMap	-	-	1	private val base64EncodeMap = byteArrayOf(
kotlin.io.encoding	val	base64UrlDecodeMap	-	-	1	private val base64UrlDecodeMap = IntArray(256).apply {
kotlin.io.encoding	val	base64UrlEncodeMap	-	-	1	private val base64UrlEncodeMap = byteArrayOf(
kotlin.io.encoding	val	bits	-	-	4	val bits = byte1 shl 4
kotlin.io.encoding	val	Boolean	-	-	2	internal val isUrlSafe: Boolean,
kotlin.io.encoding	val	byte	-	-	1	val byte = byteBuffer[byteBufferStartIndex].toInt() and 0xFF
kotlin.io.encoding	val	Byte	-	-	1	internal const val padSymbol: Byte = 61
kotlin.io.encoding	val	byte1	-	-	3	val byte1 = source[sourceIndex++].toInt() and 0xFF
kotlin.io.encoding	val	byte2	-	-	2	val byte2 = source[sourceIndex++].toInt() and 0xFF
kotlin.io.encoding	val	byte3	-	-	1	val byte3 = source[sourceIndex++].toInt() and 0xFF
kotlin.io.encoding	val	byteArray	-	-	1	val byteArray = ByteArray(endIndex - startIndex)
kotlin.io.encoding	val	ByteArray	-	-	1	internal val mimeLineSeparatorSymbols: ByteArray = byteArrayOf('\r'.code.toByte(), '\n'.code.toByte())
kotlin.io.encoding	val	byteBuffer	-	-	2	private val byteBuffer = ByteArray(1024)
kotlin.io.encoding	val	byteBufferCapacity	-	-	1	val byteBufferCapacity = byteBuffer.size - byteBufferEndIndex
kotlin.io.encoding	var	byteBufferEndIndex	-	-	1	private var byteBufferEndIndex = 0
kotlin.io.encoding	var	byteBufferLength	-	-	1	private var byteBufferLength = 0
kotlin.io.encoding	var	byteBufferStartIndex	-	-	1	private var byteBufferStartIndex = 0
kotlin.io.encoding	val	byteResult	-	-	1	val byteResult = encodeToByteArrayImpl(source, startIndex, endIndex)
kotlin.io.encoding	val	bytesNeeded	-	-	1	val bytesNeeded = length - byteBufferLength
kotlin.io.encoding	val	byteSource	-	-	2	val byteSource = platformCharsToBytes(source, startIndex, endIndex)
kotlin.io.encoding	var	byteStart	-	-	1	var byteStart = -bitsPerByte
kotlin.io.encoding	val	bytesToCopy	-	-	2	val bytesToCopy = minOf(byteBufferLength, dstEndIndex - dstOffset)
kotlin.io.encoding	val	bytesToEncode	-	-	1	val bytesToEncode = groupsToEncode * bytesPerGroup
kotlin.io.encoding	fun	bytesToStringImpl	-	-	1	internal fun bytesToStringImpl(source: ByteArray): String {
kotlin.io.encoding	val	bytesWritten	-	-	1	val bytesWritten = decodeImpl(source, destination, 0, startIndex, endIndex)
kotlin.io.encoding	fun	charsToBytesImpl	-	-	1	internal fun charsToBytesImpl(source: CharSequence, startIndex: Int, endIndex: Int): ByteArray {
kotlin.io.encoding	fun	checkDestinationBounds	-	-	1	private fun checkDestinationBounds(destinationSize: Int, destinationOffset: Int, capacityNeeded: Int) {
kotlin.io.encoding	fun	checkOpen	-	-	1	private fun checkOpen() {
kotlin.io.encoding	fun	checkPaddingIsAllowed	-	-	1	private fun checkPaddingIsAllowed(padIndex: Int) {
kotlin.io.encoding	fun	checkSourceBounds	-	-	1	internal fun checkSourceBounds(sourceSize: Int, startIndex: Int, endIndex: Int) {
kotlin.io.encoding	fun	copyByteBufferInto	-	-	1	private fun copyByteBufferInto(dst: ByteArray, dstOffset: Int, length: Int) {
kotlin.io.encoding	fun	copyIntoByteBuffer	-	-	1	private fun copyIntoByteBuffer(source: ByteArray, startIndex: Int, endIndex: Int): Int {
kotlin.io.encoding	fun	decode	-	-	2	public fun decode(source: ByteArray, startIndex: Int = 0, endIndex: Int = source.size): ByteArray {
kotlin.io.encoding	fun	decodeImpl	-	-	1	private fun decodeImpl(
kotlin.io.encoding	class	DecodeInputStream	-	-	1	private class DecodeInputStream(
kotlin.io.encoding	fun	decodeIntoByteArray	-	-	2	public fun decodeIntoByteArray(
kotlin.io.encoding	val	decodeMap	-	-	1	val decodeMap = if (isUrlSafe) base64UrlDecodeMap else base64DecodeMap
kotlin.io.encoding	val	decodeSize	-	-	1	val decodeSize = decodeSize(source, startIndex, endIndex)
kotlin.io.encoding	fun	decodeSize	-	-	1	internal fun decodeSize(source: ByteArray, startIndex: Int, endIndex: Int): Int {
kotlin.io.encoding	fun	decodeSymbolBufferInto	-	-	1	private fun decodeSymbolBufferInto(dst: ByteArray, dstOffset: Int, dstEndIndex: Int, symbolBufferLength: Int): Int {
kotlin.io.encoding	fun	decodingWith	InputStream	1.8	1	public fun InputStream.decodingWith(base64: Base64): InputStream {
kotlin.io.encoding	object	Default	-	-	1	public companion object Default : Base64(isUrlSafe = false, isMimeScheme = false, mimeLineLength = -1, paddingOption = PaddingOption.PRESENT) {
kotlin.io.encoding	val	destination	-	-	2	val destination = ByteArray(decodeSize)
kotlin.io.encoding	val	destinationEndIndex	-	-	1	val destinationEndIndex = destinationOffset + capacityNeeded
kotlin.io.encoding	var	destinationIndex	-	-	2	var destinationIndex = destinationOffset
kotlin.io.encoding	var	dstOffset	-	-	1	var dstOffset = offset
kotlin.io.encoding	fun	encode	-	-	1	public fun encode(source: ByteArray, startIndex: Int = 0, endIndex: Int = source.size): String {
kotlin.io.encoding	fun	encodeByteBufferIntoOutput	-	-	1	private fun encodeByteBufferIntoOutput() {
kotlin.io.encoding	fun	encodeIntoByteArray	-	-	1	public fun encodeIntoByteArray(
kotlin.io.encoding	fun	encodeIntoByteArrayImpl	-	-	1	internal fun encodeIntoByteArrayImpl(
kotlin.io.encoding	fun	encodeIntoOutput	-	-	1	private fun encodeIntoOutput(source: ByteArray, startIndex: Int, endIndex: Int): Int {
kotlin.io.encoding	val	encodeMap	-	-	1	val encodeMap = if (isUrlSafe) base64UrlEncodeMap else base64EncodeMap
kotlin.io.encoding	class	EncodeOutputStream	-	-	1	private class EncodeOutputStream(
kotlin.io.encoding	val	encodeSize	-	-	1	val encodeSize = encodeSize(endIndex - startIndex)
kotlin.io.encoding	fun	encodeSize	-	-	1	internal fun encodeSize(sourceSize: Int): Int {
kotlin.io.encoding	fun	encodeToAppendable	-	-	1	public fun <A : Appendable> encodeToAppendable(
kotlin.io.encoding	fun	encodeToByteArray	-	-	1	public fun encodeToByteArray(source: ByteArray, startIndex: Int = 0, endIndex: Int = source.size): ByteArray {
kotlin.io.encoding	fun	encodeToByteArrayImpl	-	-	1	internal fun encodeToByteArrayImpl(source: ByteArray, startIndex: Int, endIndex: Int): ByteArray {
kotlin.io.encoding	fun	encodingWith	OutputStream	1.8	1	public fun OutputStream.encodingWith(base64: Base64): OutputStream {
kotlin.io.encoding	val	endIndex	-	-	1	val endIndex = startIndex + length
kotlin.io.encoding	class	ExperimentalEncodingApi	-	1.8	1	public annotation class ExperimentalEncodingApi
kotlin.io.encoding	val	groupCapacity	-	-	1	val groupCapacity = (if (base64.isMimeScheme) lineLength else symbolBuffer.size) / symbolsPerGroup
kotlin.io.encoding	val	groups	-	-	2	val groups = sourceSize / bytesPerGroup
kotlin.io.encoding	val	groupsNeeded	-	-	1	val groupsNeeded = (bytesNeeded + bytesPerGroup - 1) / bytesPerGroup
kotlin.io.encoding	val	groupsPerLine	-	-	1	val groupsPerLine = if (isMimeScheme) mimeGroupsPerLine else Int.MAX_VALUE
kotlin.io.encoding	val	groupsToEncode	-	-	1	val groupsToEncode = minOf(groupCapacity, (endIndex - startIndex) / bytesPerGroup)
kotlin.io.encoding	fun	handlePaddingSymbol	-	-	2	private fun handlePaddingSymbol(symbolBufferLength: Int): Int {
kotlin.io.encoding	var	hasPadding	-	-	1	var hasPadding = false
kotlin.io.encoding	val	InputStream	-	-	1	private val input: InputStream,
kotlin.io.encoding	val	Int	-	-	9	internal val mimeLineLength: Int,
kotlin.io.encoding	var	Int	-	-	1	var read: Int
kotlin.io.encoding	var	isClosed	-	-	2	private var isClosed = false
kotlin.io.encoding	var	isEOF	-	-	1	private var isEOF = false
kotlin.io.encoding	fun	isInMimeAlphabet	-	1.8	1	internal fun isInMimeAlphabet(symbol: Int): Boolean {
kotlin.io.encoding	var	length	-	-	1	var length = 0
kotlin.io.encoding	var	lineLength	-	-	1	private var lineLength = if (base64.isMimeScheme) base64.mimeLineLength else -1
kotlin.io.encoding	val	OutputStream	-	-	1	private val output: OutputStream,
kotlin.io.encoding	val	PaddingOption	-	-	1	internal val paddingOption: PaddingOption
kotlin.io.encoding	class	PaddingOption	-	2.0	1	public enum class PaddingOption {
kotlin.io.encoding	var	payload	-	-	1	var payload = 0
kotlin.io.encoding	fun	platformCharsToBytes	Base64	1.8	2	internal expect fun Base64.platformCharsToBytes(
kotlin.io.encoding	fun	platformEncodeIntoByteArray	Base64	1.8	2	internal expect fun Base64.platformEncodeIntoByteArray(
kotlin.io.encoding	fun	platformEncodeToByteArray	Base64	1.8	2	internal expect fun Base64.platformEncodeToByteArray(
kotlin.io.encoding	fun	platformEncodeToString	Base64	1.8	2	internal expect fun Base64.platformEncodeToString(
kotlin.io.encoding	fun	readNextSymbol	-	-	1	private fun readNextSymbol(): Int {
kotlin.io.encoding	fun	resetByteBufferIfEmpty	-	-	1	private fun resetByteBufferIfEmpty() {
kotlin.io.encoding	val	secondPad	-	-	1	val secondPad = readNextSymbol()
kotlin.io.encoding	val	secondPadIndex	-	-	1	val secondPadIndex = skipIllegalSymbolsIfMime(source, padIndex + 1, endIndex)
kotlin.io.encoding	fun	shiftByteBufferToStartIfNeeded	-	-	1	private fun shiftByteBufferToStartIfNeeded() {
kotlin.io.encoding	fun	shouldPadOnEncode	-	-	1	private fun shouldPadOnEncode(): Boolean =
kotlin.io.encoding	val	singleByteBuffer	-	-	1	private val singleByteBuffer = ByteArray(1)
kotlin.io.encoding	var	size	-	-	1	var size = groups * symbolsPerGroup
kotlin.io.encoding	fun	skipIllegalSymbolsIfMime	-	-	1	private fun skipIllegalSymbolsIfMime(source: ByteArray, startIndex: Int, endIndex: Int): Int {
kotlin.io.encoding	var	sourceIndex	-	-	3	var sourceIndex = startIndex
kotlin.io.encoding	var	startIndex	-	-	1	var startIndex = offset
kotlin.io.encoding	val	stringBuilder	-	-	1	val stringBuilder = StringBuilder(source.size)
kotlin.io.encoding	val	stringResult	-	-	1	val stringResult = platformEncodeToString(source, startIndex, endIndex)
kotlin.io.encoding	val	symbol	-	-	5	val symbol = source[index].code
kotlin.io.encoding	val	symbol1	-	-	1	val symbol1 = decodeMap[source[sourceIndex++].toInt() and 0xFF]
kotlin.io.encoding	val	symbol2	-	-	1	val symbol2 = decodeMap[source[sourceIndex++].toInt() and 0xFF]
kotlin.io.encoding	val	symbol3	-	-	1	val symbol3 = decodeMap[source[sourceIndex++].toInt() and 0xFF]
kotlin.io.encoding	val	symbol4	-	-	1	val symbol4 = decodeMap[source[sourceIndex++].toInt() and 0xFF]
kotlin.io.encoding	val	symbolBits	-	-	2	val symbolBits = decodeMap[symbol]
kotlin.io.encoding	val	symbolBuffer	-	-	2	private val symbolBuffer = ByteArray(1024)
kotlin.io.encoding	val	symbolBufferCapacity	-	-	1	val symbolBufferCapacity = symbolBuffer.size / symbolsPerGroup * bytesPerGroup
kotlin.io.encoding	var	symbolBufferLength	-	-	1	var symbolBufferLength = 0
kotlin.io.encoding	var	symbols	-	-	1	var symbols = endIndex - startIndex
kotlin.io.encoding	val	symbolsEncoded	-	-	3	val symbolsEncoded = base64.encodeIntoByteArray(
kotlin.io.encoding	var	symbolsNeeded	-	-	1	var symbolsNeeded = groupsNeeded * symbolsPerGroup
kotlin.io.encoding	val	symbolsToRead	-	-	1	val symbolsToRead = minOf(symbolBuffer.size, symbolsNeeded)
kotlin.io.encoding	val	trailingBytes	-	-	1	val trailingBytes = sourceSize % bytesPerGroup
kotlin.io.encoding	fun	withPadding	-	2.0	1	public fun withPadding(option: PaddingOption): Base64 {
kotlin.io.path	fun	absolute	Path	1.5	1	public inline fun Path.absolute(): Path = toAbsolutePath()
kotlin.io.path	fun	absolutePathString	Path	1.5	1	public inline fun Path.absolutePathString(): String = toAbsolutePath().toString()
kotlin.io.path	var	ancestor	-	-	1	var ancestor = parent
kotlin.io.path	fun	appendBytes	Path	1.5	1	public inline fun Path.appendBytes(array: ByteArray) {
kotlin.io.path	fun	appendLines	Path	1.5	2	public inline fun Path.appendLines(lines: Iterable<CharSequence>, charset: Charset = Charsets.UTF_8): Path {
kotlin.io.path	fun	appendText	Path	1.5	1	public fun Path.appendText(text: CharSequence, charset: Charset = Charsets.UTF_8) {
kotlin.io.path	val	Array	-	-	2	private val linkOptions: Array<LinkOption>
kotlin.io.path	fun	bfsIterator	-	-	1	private fun bfsIterator() = iterator<Path> {
kotlin.io.path	val	bn	-	-	1	val bn = base.normalize()
kotlin.io.path	var	Boolean	-	-	1	private var isBuilt: Boolean = false
kotlin.io.path	val	Boolean	-	-	3	private val isBFS: Boolean
kotlin.io.path	fun	bufferedReader	Path	1.5	1	public inline fun Path.bufferedReader(
kotlin.io.path	fun	bufferedWriter	Path	1.5	1	public inline fun Path.bufferedWriter(
kotlin.io.path	fun	build	-	-	1	fun build(): FileVisitor<Path> {
kotlin.io.path	val	byteBuffer	-	-	1	val byteBuffer = byteBufferForEncoding(chunkSize = minOf(text.length, DEFAULT_BUFFER_SIZE), encoder)
kotlin.io.path	val	charBuffer	-	-	1	val charBuffer = if (text is CharBuffer) text.asReadOnlyBuffer() else CharBuffer.wrap(text)
kotlin.io.path	fun	checkFileName	Path	-	1	internal fun Path.checkFileName() {
kotlin.io.path	fun	checkIsNotBuilt	-	-	1	private fun checkIsNotBuilt() {
kotlin.io.path	fun	checkNotDefined	-	-	1	private fun checkNotDefined(function: Any?, name: String) {
kotlin.io.path	fun	checkNotSameAs	Path	-	1	private fun Path.checkNotSameAs(parent: Path) {
kotlin.io.path	fun	collect	-	-	1	fun collect(exception: Exception) {
kotlin.io.path	val	collectedExceptions	-	-	1	val collectedExceptions = mutableListOf<Exception>()
kotlin.io.path	fun	collectIfThrows	-	-	1	private inline fun collectIfThrows(collector: ExceptionsCollector, function: () -> Unit) {
kotlin.io.path	val	collector	-	-	1	val collector = ExceptionsCollector()
kotlin.io.path	fun	copy	-	-	1	fun copy(source: Path, attributes: BasicFileAttributes): FileVisitResult {
kotlin.io.path	interface	CopyActionContext	-	1.8	1	public interface CopyActionContext {
kotlin.io.path	class	CopyActionResult	-	1.8	1	public enum class CopyActionResult {
kotlin.io.path	fun	copyTo	Path	1.5	2	public inline fun Path.copyTo(target: Path, overwrite: Boolean = false): Path {
kotlin.io.path	fun	copyToIgnoringExistingDirectory	Path	-	1	public fun Path.copyToIgnoringExistingDirectory(target: Path, followLinks: Boolean): CopyActionResult
kotlin.io.path	fun	copyToRecursively	Path	1.8	2	public fun Path.copyToRecursively(
kotlin.io.path	fun	createDirectories	Path	1.5	1	public inline fun Path.createDirectories(vararg attributes: FileAttribute<*>): Path =
kotlin.io.path	fun	createDirectory	Path	1.5	1	public inline fun Path.createDirectory(vararg attributes: FileAttribute<*>): Path =
kotlin.io.path	fun	createFile	Path	1.5	1	public inline fun Path.createFile(vararg attributes: FileAttribute<*>): Path =
kotlin.io.path	fun	createLinkPointingTo	Path	1.5	1	public inline fun Path.createLinkPointingTo(target: Path): Path =
kotlin.io.path	fun	createParentDirectories	Path	1.9	1	public fun Path.createParentDirectories(vararg attributes: FileAttribute<*>): Path = also {
kotlin.io.path	fun	createsCycle	PathNode	-	1	private fun PathNode.createsCycle(): Boolean {
kotlin.io.path	fun	createSymbolicLinkPointingTo	Path	1.5	1	public inline fun Path.createSymbolicLinkPointingTo(target: Path, vararg attributes: FileAttribute<*>): Path =
kotlin.io.path	fun	createTempDirectory	-	1.5	2	public inline fun createTempDirectory(prefix: String? = null, vararg attributes: FileAttribute<*>): Path =
kotlin.io.path	fun	createTempFile	-	1.5	2	public inline fun createTempFile(prefix: String? = null, suffix: String? = null, vararg attributes: FileAttribute<*>): Path =
kotlin.io.path	object	DefaultCopyActionContext	-	-	1	private object DefaultCopyActionContext : CopyActionContext {
kotlin.io.path	fun	deleteExisting	Path	1.5	1	public inline fun Path.deleteExisting() {
kotlin.io.path	fun	deleteIfExists	Path	1.5	1	public inline fun Path.deleteIfExists(): Boolean =
kotlin.io.path	fun	deleteRecursively	Path	1.8	1	public fun Path.deleteRecursively(): Unit {
kotlin.io.path	fun	deleteRecursivelyImpl	Path	-	1	private fun Path.deleteRecursivelyImpl(): List<Exception> {
kotlin.io.path	fun	destination	-	-	1	fun destination(source: Path): Path {
kotlin.io.path	val	destination	-	-	1	val destination = target.resolve(relativePath.pathString)
kotlin.io.path	fun	dfsIterator	-	-	1	private fun dfsIterator() = iterator<Path> {
kotlin.io.path	class	DirectoryEntriesReader	-	-	1	private class DirectoryEntriesReader(val followLinks: Boolean) : SimpleFileVisitor<Path>() {
kotlin.io.path	val	directoryEntry	-	-	1	val directoryEntry = PathNode(dir, attrs.fileKey(), directoryNode)
kotlin.io.path	val	directoryStream	-	-	1	val directoryStream = try { Files.newDirectoryStream(parent) } catch (_: Throwable) { null }
kotlin.io.path	fun	div	Path	1.5	2	public inline operator fun Path.div(other: Path): Path =
kotlin.io.path	val	dstIsDirectory	-	-	1	val dstIsDirectory = dst.isDirectory(LinkOption.NOFOLLOW_LINKS)
kotlin.io.path	val	emptyPath	-	-	1	private val emptyPath = Paths.get("")
kotlin.io.path	val	encoder	-	-	1	val encoder = charset.newReplaceEncoder()
kotlin.io.path	fun	enterDirectory	-	-	1	private fun SecureDirectoryStream<Path>.enterDirectory(name: Path, collector: ExceptionsCollector) {
kotlin.io.path	fun	enterEntry	-	-	1	fun enterEntry(name: Path) {
kotlin.io.path	var	entries	-	-	1	private var entries = ArrayDeque<PathNode>()
kotlin.io.path	val	entriesReader	-	-	2	val entriesReader = DirectoryEntriesReader(followLinks)
kotlin.io.path	val	entry	-	-	1	val entry = collector.path!!
kotlin.io.path	fun	error	-	-	1	fun error(source: Path, exception: Exception): FileVisitResult {
kotlin.io.path	class	ExceptionsCollector	-	-	1	private class ExceptionsCollector(private val limit: Int = 64) {
kotlin.io.path	fun	exists	Path	1.5	1	public inline fun Path.exists(vararg options: LinkOption): Boolean = Files.exists(this, *options)
kotlin.io.path	fun	exitEntry	-	-	1	fun exitEntry(name: Path) {
kotlin.io.path	class	ExperimentalPathApi	-	1.4	1	public annotation class ExperimentalPathApi
kotlin.io.path	fun	fileAttributesView	Path	1.5	1	public inline fun <reified V : FileAttributeView> Path.fileAttributesView(vararg options: LinkOption): V =
kotlin.io.path	fun	fileAttributesViewOrNull	Path	1.5	1	public inline fun <reified V : FileAttributeView> Path.fileAttributesViewOrNull(vararg options: LinkOption): V? =
kotlin.io.path	fun	fileAttributeViewNotAvailable	-	-	1	internal fun fileAttributeViewNotAvailable(path: Path, attributeViewClass: Class<*>): Nothing =
kotlin.io.path	val	fileEntry	-	-	1	val fileEntry = PathNode(file, null, directoryNode)
kotlin.io.path	val	fileName	-	-	1	val fileName = this.name
kotlin.io.path	fun	fileSize	Path	1.5	1	public inline fun Path.fileSize(): Long =
kotlin.io.path	fun	fileStore	Path	1.5	1	public inline fun Path.fileStore(): FileStore =
kotlin.io.path	fun	fileVisitor	-	2.1	1	public fun fileVisitor(builderAction: FileVisitorBuilder.() -> Unit): FileVisitor<Path> {
kotlin.io.path	interface	FileVisitorBuilder	-	2.1	1	public sealed interface FileVisitorBuilder {
kotlin.io.path	class	FileVisitorBuilderImpl	-	-	1	internal class FileVisitorBuilderImpl : FileVisitorBuilder {
kotlin.io.path	class	FileVisitorImpl	-	-	1	private class FileVisitorImpl(
kotlin.io.path	val	followLinkOption	-	-	1	private val followLinkOption = emptyArray<LinkOption>()
kotlin.io.path	val	followVisitOption	-	-	1	private val followVisitOption = setOf(FileVisitOption.FOLLOW_LINKS)
kotlin.io.path	fun	forEachDirectoryEntry	Path	1.5	1	public inline fun Path.forEachDirectoryEntry(glob: String = "*", action: (Path) -> Unit) {
kotlin.io.path	fun	forEachLine	Path	1.5	1	public inline fun Path.forEachLine(charset: Charset = Charsets.UTF_8, action: (line: String) -> Unit): Unit {
kotlin.io.path	fun	getAttribute	Path	1.5	1	public inline fun Path.getAttribute(attribute: String, vararg options: LinkOption): Any? =
kotlin.io.path	fun	getLastModifiedTime	Path	1.5	1	public inline fun Path.getLastModifiedTime(vararg options: LinkOption): FileTime =
kotlin.io.path	fun	getOwner	Path	1.5	1	public inline fun Path.getOwner(vararg options: LinkOption): UserPrincipal? =
kotlin.io.path	fun	getPosixFilePermissions	Path	1.5	1	public inline fun Path.getPosixFilePermissions(vararg options: LinkOption): Set<PosixFilePermission> =
kotlin.io.path	fun	handleEntry	-	-	1	private fun SecureDirectoryStream<Path>.handleEntry(name: Path, parent: Path?, collector: ExceptionsCollector) {
kotlin.io.path	class	IllegalFileNameException	-	-	1	internal class IllegalFileNameException(
kotlin.io.path	fun	inputStream	Path	1.5	1	public inline fun Path.inputStream(vararg options: OpenOption): InputStream {
kotlin.io.path	fun	insecureEnterDirectory	-	-	1	private fun insecureEnterDirectory(path: Path, collector: ExceptionsCollector) {
kotlin.io.path	fun	insecureHandleEntry	-	-	1	private fun insecureHandleEntry(entry: Path, parent: Path?, collector: ExceptionsCollector) {
kotlin.io.path	var	Int	-	-	1	var totalExceptions: Int = 0
kotlin.io.path	fun	isDirectory	-	1.5	2	private fun SecureDirectoryStream<Path>.isDirectory(entryName: Path, vararg options: LinkOption): Boolean {
kotlin.io.path	fun	isExecutable	Path	1.5	1	public inline fun Path.isExecutable(): Boolean = Files.isExecutable(this)
kotlin.io.path	fun	isHidden	Path	1.5	1	public inline fun Path.isHidden(): Boolean = Files.isHidden(this)
kotlin.io.path	fun	isReadable	Path	1.5	1	public inline fun Path.isReadable(): Boolean = Files.isReadable(this)
kotlin.io.path	fun	isRegularFile	Path	1.5	1	public inline fun Path.isRegularFile(vararg options: LinkOption): Boolean = Files.isRegularFile(this, *options)
kotlin.io.path	fun	isSameFileAs	Path	1.5	1	public inline fun Path.isSameFileAs(other: Path): Boolean = Files.isSameFile(this, other)
kotlin.io.path	val	isSubdirectory	-	-	1	val isSubdirectory = when {
kotlin.io.path	fun	isSymbolicLink	Path	1.5	1	public inline fun Path.isSymbolicLink(): Boolean = Files.isSymbolicLink(this)
kotlin.io.path	fun	isWritable	Path	1.5	1	public inline fun Path.isWritable(): Boolean = Files.isWritable(this)
kotlin.io.path	fun	keyOf	-	-	1	private fun keyOf(path: Path, linkOptions: Array<LinkOption>): Any? {
kotlin.io.path	object	LinkFollowing	-	-	1	internal object LinkFollowing {
kotlin.io.path	fun	listDirectoryEntries	Path	1.5	1	public fun Path.listDirectoryEntries(glob: String = "*"): List<Path> {
kotlin.io.path	fun	moveTo	Path	1.5	2	public inline fun Path.moveTo(target: Path, vararg options: CopyOption): Path =
kotlin.io.path	val	nofollowLinkOption	-	-	1	private val nofollowLinkOption = arrayOf(LinkOption.NOFOLLOW_LINKS)
kotlin.io.path	val	nofollowVisitOption	-	-	1	private val nofollowVisitOption = emptySet<FileVisitOption>()
kotlin.io.path	val	normalizedTarget	-	-	1	val normalizedTarget = target.normalize()
kotlin.io.path	fun	notExists	Path	1.5	1	public inline fun Path.notExists(vararg options: LinkOption): Boolean = Files.notExists(this, *options)
kotlin.io.path	class	OnErrorResult	-	1.8	1	public enum class OnErrorResult {
kotlin.io.path	fun	onPostVisitDirectory	-	-	1	public fun onPostVisitDirectory(function: (directory: Path, exception: IOException?) -> FileVisitResult): Unit
kotlin.io.path	fun	onPreVisitDirectory	-	-	1	public fun onPreVisitDirectory(function: (directory: Path, attributes: BasicFileAttributes) -> FileVisitResult): Unit
kotlin.io.path	fun	onVisitFile	-	-	1	public fun onVisitFile(function: (file: Path, attributes: BasicFileAttributes) -> FileVisitResult): Unit
kotlin.io.path	fun	onVisitFileFailed	-	-	1	public fun onVisitFileFailed(function: (file: Path, exception: IOException) -> FileVisitResult): Unit
kotlin.io.path	val	options	-	-	5	val options = LinkFollowing.toLinkOptions(followLinks)
kotlin.io.path	fun	outputStream	Path	1.5	1	public inline fun Path.outputStream(vararg options: OpenOption): OutputStream {
kotlin.io.path	val	parent	-	-	2	val parent = it.parent
kotlin.io.path	val	parentPath	-	-	1	private val parentPath = Paths.get("..")
kotlin.io.path	val	path	-	-	1	val path = node.path
kotlin.io.path	var	Path	-	-	1	var path: Path? = null
kotlin.io.path	val	Path	-	-	1	private val start: Path,
kotlin.io.path	fun	Path	-	1.5	2	public inline fun Path(path: String): Path =
kotlin.io.path	val	pathNode	-	-	2	val pathNode = topIterator.next()
kotlin.io.path	class	PathNode	-	-	1	private class PathNode(val path: Path, val key: Any?, val parent: PathNode?) {
kotlin.io.path	var	PathNode	-	-	1	private var directoryNode: PathNode? = null
kotlin.io.path	object	PathRelativizer	-	-	1	private object PathRelativizer {
kotlin.io.path	class	PathTreeWalk	-	-	1	internal class PathTreeWalk(
kotlin.io.path	class	PathWalkOption	-	2.1	1	public enum class PathWalkOption {
kotlin.io.path	val	pn	-	-	1	val pn = path.normalize()
kotlin.io.path	val	preEnterTotalExceptions	-	-	2	val preEnterTotalExceptions = collector.totalExceptions
kotlin.io.path	val	queue	-	-	1	val queue = ArrayDeque<PathNode>()
kotlin.io.path	val	r	-	-	1	val r = if (pn != bn && bn == emptyPath) {
kotlin.io.path	fun	readAttributes	Path	1.5	2	public inline fun <reified A : BasicFileAttributes> Path.readAttributes(vararg options: LinkOption): A =
kotlin.io.path	fun	readBytes	Path	1.5	1	public inline fun Path.readBytes(): ByteArray {
kotlin.io.path	fun	readEntries	-	-	1	fun readEntries(directoryNode: PathNode): List<PathNode> {
kotlin.io.path	fun	reader	Path	1.5	1	public inline fun Path.reader(charset: Charset = Charsets.UTF_8, vararg options: OpenOption): InputStreamReader {
kotlin.io.path	fun	readLines	Path	1.5	1	public inline fun Path.readLines(charset: Charset = Charsets.UTF_8): List<String> {
kotlin.io.path	fun	readSymbolicLink	Path	1.5	1	public inline fun Path.readSymbolicLink(): Path =
kotlin.io.path	fun	readText	Path	1.5	1	public fun Path.readText(charset: Charset = Charsets.UTF_8): String =
kotlin.io.path	val	relativePath	-	-	1	val relativePath = source.relativeTo(this@copyToRecursively)
kotlin.io.path	fun	relativeTo	Path	1.5	1	public fun Path.relativeTo(base: Path): Path = try {
kotlin.io.path	fun	relativeToOrNull	Path	1.5	1	public fun Path.relativeToOrNull(base: Path): Path? = try {
kotlin.io.path	fun	relativeToOrSelf	Path	1.5	1	public fun Path.relativeToOrSelf(base: Path): Path =
kotlin.io.path	val	restoredException	-	-	1	val restoredException = if (path != null) {
kotlin.io.path	val	rn	-	-	1	val rn = bn.relativize(pn)
kotlin.io.path	val	rnString	-	-	1	val rnString = rn.toString()
kotlin.io.path	val	separator	-	-	1	val separator = fileSystem.separator
kotlin.io.path	fun	setAttribute	Path	1.5	1	public inline fun Path.setAttribute(attribute: String, value: Any?, vararg options: LinkOption): Path =
kotlin.io.path	fun	setLastModifiedTime	Path	1.5	1	public inline fun Path.setLastModifiedTime(value: FileTime): Path =
kotlin.io.path	fun	setOwner	Path	1.5	1	public inline fun Path.setOwner(value: UserPrincipal): Path =
kotlin.io.path	fun	setPosixFilePermissions	Path	1.5	1	public inline fun Path.setPosixFilePermissions(value: Set<PosixFilePermission>): Path =
kotlin.io.path	val	shouldCollect	-	-	1	val shouldCollect = collectedExceptions.size < limit
kotlin.io.path	val	srcIsDirectory	-	-	1	val srcIsDirectory = src.isDirectory(*options)
kotlin.io.path	val	stack	-	-	2	val stack = arrayListOf<Path>()
kotlin.io.path	val	startNode	-	-	1	val startNode = PathNode(start, keyOf(start, linkOptions), null)
kotlin.io.path	val	String	-	1.4,1.5	6	public val Path.name: String
kotlin.io.path	val	suppressedExceptions	-	-	1	val suppressedExceptions = this.deleteRecursivelyImpl()
kotlin.io.path	val	targetExistsAndNotSymlink	-	-	1	val targetExistsAndNotSymlink = target.exists() && !target.isSymbolicLink()
kotlin.io.path	fun	toFileVisitResult	CopyActionResult	-	2	private fun OnErrorResult.toFileVisitResult() = when (this) {
kotlin.io.path	fun	toLinkOptions	-	-	1	fun toLinkOptions(followLinks: Boolean): Array<LinkOption> =
kotlin.io.path	fun	toPath	URI	1.5	1	public inline fun URI.toPath(): Path =
kotlin.io.path	val	topIterator	-	-	1	val topIterator = topNode.contentIterator!!
kotlin.io.path	val	topNode	-	-	1	val topNode = stack.last()
kotlin.io.path	fun	toVisitOptions	-	-	1	fun toVisitOptions(followLinks: Boolean): Set<FileVisitOption> =
kotlin.io.path	fun	tryIgnoreNoSuchFileException	-	-	1	private inline fun <R> tryIgnoreNoSuchFileException(function: () -> R): R? {
kotlin.io.path	fun	tryRelativeTo	-	-	1	fun tryRelativeTo(path: Path, base: Path): Path {
kotlin.io.path	fun	useDirectoryEntries	Path	1.5	1	public inline fun <T> Path.useDirectoryEntries(glob: String = "*", block: (Sequence<Path>) -> T): T {
kotlin.io.path	var	useInsecure	-	-	1	var useInsecure = true
kotlin.io.path	fun	useLines	Path	1.5	1	public inline fun <T> Path.useLines(charset: Charset = Charsets.UTF_8, block: (Sequence<String>) -> T): T {
kotlin.io.path	fun	visitFileTree	Path	2.1	2	public fun Path.visitFileTree(
kotlin.io.path	fun	walk	Path	2.1	1	public fun Path.walk(vararg options: PathWalkOption): Sequence<Path> = PathTreeWalk(this, options)
kotlin.io.path	fun	writeBytes	Path	1.5	1	public inline fun Path.writeBytes(array: ByteArray, vararg options: OpenOption): Unit {
kotlin.io.path	fun	writeLines	Path	1.5	2	public inline fun Path.writeLines(lines: Iterable<CharSequence>, charset: Charset = Charsets.UTF_8, vararg options: OpenOption): Path {
kotlin.io.path	fun	writer	Path	1.5	1	public inline fun Path.writer(charset: Charset = Charsets.UTF_8, vararg options: OpenOption): OutputStreamWriter {
kotlin.io.path	fun	writeText	Path	1.5	1	public fun Path.writeText(text: CharSequence, charset: Charset = Charsets.UTF_8, vararg options: OpenOption) {
kotlin.io.path	fun	yieldIfNeeded	-	-	1	private suspend inline fun SequenceScope<Path>.yieldIfNeeded(
kotlin.js	class	ExperimentalJsCollectionsApi	-	2.0	1	public annotation class ExperimentalJsCollectionsApi
kotlin.js	class	ExperimentalJsExport	-	1.4	1	public annotation class ExperimentalJsExport
kotlin.js	class	ExperimentalJsFileName	-	1.9	1	public annotation class ExperimentalJsFileName
kotlin.js	class	ExperimentalJsReflectionCreateInstance	-	1.9	1	public annotation class ExperimentalJsReflectionCreateInstance
kotlin.js	class	ExperimentalJsStatic	-	2.0	1	public annotation class ExperimentalJsStatic
kotlin.js	class	Ignore	-	1.8	1	public annotation class Ignore()
kotlin.js	class	JsExport	-	1.4	1	public expect annotation class JsExport() {
kotlin.js	class	JsFileName	-	1.9	1	public expect annotation class JsFileName(val name: String)
kotlin.js	class	JsName	-	-	1	public expect annotation class JsName(val name: String)
kotlin.js	class	JsStatic	-	2.0	1	public expect annotation class JsStatic()
kotlin.jvm	val	Class	-	1.7	4	public val <T> KClass<T>.java: Class<T>
kotlin.jvm	class	ImplicitlyActualizedByJvmDeclaration	-	1.9	2	public actual annotation class ImplicitlyActualizedByJvmDeclaration
kotlin.jvm	fun	isArrayOf	-	-	1	public fun <reified T : Any> Array<*>.isArrayOf(): Boolean =
kotlin.jvm	class	JvmDefault	-	1.2	1	public annotation class JvmDefault
kotlin.jvm	class	JvmDefaultWithCompatibility	-	1.6	1	public annotation class JvmDefaultWithCompatibility
kotlin.jvm	class	JvmDefaultWithoutCompatibility	-	1.4	1	public annotation class JvmDefaultWithoutCompatibility
kotlin.jvm	class	JvmExposeBoxed	-	-	2	public expect annotation class JvmExposeBoxed(val jvmName: String = "")
kotlin.jvm	class	JvmField	-	-	2	public actual annotation class JvmField
kotlin.jvm	class	JvmInline	-	1.5	2	public actual annotation class JvmInline
kotlin.jvm	class	JvmMultifileClass	-	-	2	public actual annotation class JvmMultifileClass
kotlin.jvm	class	JvmName	-	-	2	public expect annotation class JvmName(val name: String)
kotlin.jvm	class	JvmOverloads	-	-	2	public actual annotation class JvmOverloads
kotlin.jvm	class	JvmPackageName	-	1.2	2	internal expect annotation class JvmPackageName(val name: String)
kotlin.jvm	class	JvmRecord	-	1.5	2	public actual annotation class JvmRecord
kotlin.jvm	typealias	JvmRepeatable	-	1.6	1	public typealias JvmRepeatable = java.lang.annotation.Repeatable
kotlin.jvm	class	JvmSerializableLambda	-	1.8	2	public actual annotation class JvmSerializableLambda
kotlin.jvm	class	JvmStatic	-	-	2	public actual annotation class JvmStatic
kotlin.jvm	class	JvmSuppressWildcards	-	-	2	public expect annotation class JvmSuppressWildcards(val suppress: Boolean = true)
kotlin.jvm	class	JvmSynthetic	-	-	2	public actual annotation class JvmSynthetic
kotlin.jvm	class	JvmWildcard	-	-	2	public actual annotation class JvmWildcard
kotlin.jvm	val	KClass	-	-	2	public val <T : Any> Class<T>.kotlin: KClass<T>
kotlin.jvm	class	KotlinReflectionNotSupportedError	-	-	1	public open class KotlinReflectionNotSupportedError : Error {
kotlin.jvm	class	PurelyImplements	-	-	1	public annotation class PurelyImplements(val value: String)
kotlin.jvm	class	Strictfp	-	-	2	public actual annotation class Strictfp
kotlin.jvm	class	Synchronized	-	-	2	public actual annotation class Synchronized
kotlin.jvm	val	thisJClass	-	-	2	val thisJClass = (this as ClassBasedDeclarationContainer).jClass
kotlin.jvm	class	Throws	-	-	1	public annotation class Throws(vararg val exceptionClasses: KClass<out Throwable>)
kotlin.jvm	class	Transient	-	-	2	public actual annotation class Transient
kotlin.jvm	class	Volatile	-	-	2	public actual annotation class Volatile
kotlin.jvm.functions	interface	Function0	-	-	1	public interface Function0<out R> : Function<R> {
kotlin.jvm.functions	interface	Function1	-	-	1	public interface Function1<in P1, out R> : Function<R> {
kotlin.jvm.functions	interface	Function10	-	-	1	public interface Function10<in P1, in P2, in P3, in P4, in P5, in P6, in P7, in P8, in P9, in P10, out R> : Function<R> {
kotlin.jvm.functions	interface	Function11	-	-	1	public interface Function11<in P1, in P2, in P3, in P4, in P5, in P6, in P7, in P8, in P9, in P10, in P11, out R> : Function<R> {
kotlin.jvm.functions	interface	Function12	-	-	1	public interface Function12<in P1, in P2, in P3, in P4, in P5, in P6, in P7, in P8, in P9, in P10, in P11, in P12, out R> : Function<R> {
kotlin.jvm.functions	interface	Function13	-	-	1	public interface Function13<in P1, in P2, in P3, in P4, in P5, in P6, in P7, in P8, in P9, in P10, in P11, in P12, in P13, out R> : Function<R> {
kotlin.jvm.functions	interface	Function14	-	-	1	public interface Function14<in P1, in P2, in P3, in P4, in P5, in P6, in P7, in P8, in P9, in P10, in P11, in P12, in P13, in P14, out R> : Function<R> {
kotlin.jvm.functions	interface	Function15	-	-	1	public interface Function15<in P1, in P2, in P3, in P4, in P5, in P6, in P7, in P8, in P9, in P10, in P11, in P12, in P13, in P14, in P15, out R> : Function<R> {
kotlin.jvm.functions	interface	Function16	-	-	1	public interface Function16<in P1, in P2, in P3, in P4, in P5, in P6, in P7, in P8, in P9, in P10, in P11, in P12, in P13, in P14, in P15, in P16, out R> : Function<R> {
kotlin.jvm.functions	interface	Function17	-	-	1	public interface Function17<in P1, in P2, in P3, in P4, in P5, in P6, in P7, in P8, in P9, in P10, in P11, in P12, in P13, in P14, in P15, in P16, in P17, out R> : Function<R> {
kotlin.jvm.functions	interface	Function18	-	-	1	public interface Function18<in P1, in P2, in P3, in P4, in P5, in P6, in P7, in P8, in P9, in P10, in P11, in P12, in P13, in P14, in P15, in P16, in P17, in P18, out R> : Function<R> {
kotlin.jvm.functions	interface	Function19	-	-	1	public interface Function19<in P1, in P2, in P3, in P4, in P5, in P6, in P7, in P8, in P9, in P10, in P11, in P12, in P13, in P14, in P15, in P16, in P17, in P18, in P19, out R> : Function<R> {
kotlin.jvm.functions	interface	Function2	-	-	1	public interface Function2<in P1, in P2, out R> : Function<R> {
kotlin.jvm.functions	interface	Function20	-	-	1	public interface Function20<in P1, in P2, in P3, in P4, in P5, in P6, in P7, in P8, in P9, in P10, in P11, in P12, in P13, in P14, in P15, in P16, in P17, in P18, in P19, in P20, out R> : Function<R> {
kotlin.jvm.functions	interface	Function21	-	-	1	public interface Function21<in P1, in P2, in P3, in P4, in P5, in P6, in P7, in P8, in P9, in P10, in P11, in P12, in P13, in P14, in P15, in P16, in P17, in P18, in P19, in P20, in P21, out R> : Function<R> {
kotlin.jvm.functions	interface	Function22	-	-	1	public interface Function22<in P1, in P2, in P3, in P4, in P5, in P6, in P7, in P8, in P9, in P10, in P11, in P12, in P13, in P14, in P15, in P16, in P17, in P18, in P19, in P20, in P21, in P22, out R> : Function<R> {
kotlin.jvm.functions	interface	Function3	-	-	1	public interface Function3<in P1, in P2, in P3, out R> : Function<R> {
kotlin.jvm.functions	interface	Function4	-	-	1	public interface Function4<in P1, in P2, in P3, in P4, out R> : Function<R> {
kotlin.jvm.functions	interface	Function5	-	-	1	public interface Function5<in P1, in P2, in P3, in P4, in P5, out R> : Function<R> {
kotlin.jvm.functions	interface	Function6	-	-	1	public interface Function6<in P1, in P2, in P3, in P4, in P5, in P6, out R> : Function<R> {
kotlin.jvm.functions	interface	Function7	-	-	1	public interface Function7<in P1, in P2, in P3, in P4, in P5, in P6, in P7, out R> : Function<R> {
kotlin.jvm.functions	interface	Function8	-	-	1	public interface Function8<in P1, in P2, in P3, in P4, in P5, in P6, in P7, in P8, out R> : Function<R> {
kotlin.jvm.functions	interface	Function9	-	-	1	public interface Function9<in P1, in P2, in P3, in P4, in P5, in P6, in P7, in P8, in P9, out R> : Function<R> {
kotlin.jvm.functions	interface	FunctionN	-	1.3	1	public interface FunctionN<out R> : Function<R>, FunctionBase<R> {
kotlin.jvm.functions	fun	invoke	-	-	24	public operator fun invoke(): R
kotlin.jvm.internal	fun	add	-	-	8	public fun add(value: Int) {
kotlin.jvm.internal	fun	addSpread	-	-	1	public fun addSpread(spreadArgument: T) {
kotlin.jvm.internal	val	Any	-	-	1	private val container: Any?,
kotlin.jvm.internal	val	args	-	-	1	val args =
kotlin.jvm.internal	val	Array	-	-	2	val bytes: Array<String> = []
kotlin.jvm.internal	class	ArrayBooleanIterator	-	-	1	private class ArrayBooleanIterator(private val array: BooleanArray) : BooleanIterator() {
kotlin.jvm.internal	class	ArrayByteIterator	-	-	1	private class ArrayByteIterator(private val array: ByteArray) : ByteIterator() {
kotlin.jvm.internal	class	ArrayCharIterator	-	-	1	private class ArrayCharIterator(private val array: CharArray) : CharIterator() {
kotlin.jvm.internal	val	arrayClassName	-	-	1	private val Class<*>.arrayClassName
kotlin.jvm.internal	class	ArrayDoubleIterator	-	-	1	private class ArrayDoubleIterator(private val array: DoubleArray) : DoubleIterator() {
kotlin.jvm.internal	class	ArrayFloatIterator	-	-	1	private class ArrayFloatIterator(private val array: FloatArray) : FloatIterator() {
kotlin.jvm.internal	class	ArrayIntIterator	-	-	1	private class ArrayIntIterator(private val array: IntArray) : IntIterator() {
kotlin.jvm.internal	class	ArrayIterator	-	-	1	private class ArrayIterator<T>(val array: Array<T>) : Iterator<T> {
kotlin.jvm.internal	class	ArrayLongIterator	-	-	1	private class ArrayLongIterator(private val array: LongArray) : LongIterator() {
kotlin.jvm.internal	class	ArrayShortIterator	-	-	1	private class ArrayShortIterator(private val array: ShortArray) : ShortIterator() {
kotlin.jvm.internal	fun	asString	-	-	2	private fun KTypeProjection.asString(): String {
kotlin.jvm.internal	val	BooleanArray	-	-	1	private val values: BooleanArray = BooleanArray(size)
kotlin.jvm.internal	object	BooleanCompanionObject	-	1.3	1	internal object BooleanCompanionObject {}
kotlin.jvm.internal	class	BooleanSpreadBuilder	-	-	1	public class BooleanSpreadBuilder(size: Int) : PrimitiveSpreadBuilder<BooleanArray>(size) {
kotlin.jvm.internal	class	BoxingConstructorMarker	-	-	1	internal class BoxingConstructorMarker private constructor()
kotlin.jvm.internal	val	Byte	-	-	2	const val MIN_VALUE: Byte = java.lang.Byte.MIN_VALUE
kotlin.jvm.internal	val	ByteArray	-	-	1	private val values: ByteArray = ByteArray(size)
kotlin.jvm.internal	object	ByteCompanionObject	-	-	1	internal object ByteCompanionObject {
kotlin.jvm.internal	class	ByteSpreadBuilder	-	-	1	public class ByteSpreadBuilder(size: Int) : PrimitiveSpreadBuilder<ByteArray>(size) {
kotlin.jvm.internal	val	Char	-	1.3	8	const val MIN_VALUE: Char = '\u0000'
kotlin.jvm.internal	val	CharArray	-	-	1	private val values: CharArray = CharArray(size)
kotlin.jvm.internal	object	CharCompanionObject	-	-	1	internal object CharCompanionObject {
kotlin.jvm.internal	class	CharSpreadBuilder	-	-	1	public class CharSpreadBuilder(size: Int) : PrimitiveSpreadBuilder<CharArray>(size) {
kotlin.jvm.internal	val	Class	-	-	1	public val jClass: Class<*>
kotlin.jvm.internal	interface	ClassBasedDeclarationContainer	-	-	1	public interface ClassBasedDeclarationContainer : KDeclarationContainer {
kotlin.jvm.internal	fun	classFqNameOf	-	-	1	private fun classFqNameOf(type: String) = when (type) {
kotlin.jvm.internal	class	ClassReference	-	-	1	public class ClassReference(override val jClass: Class<*>) : KClass<Any>, ClassBasedDeclarationContainer {
kotlin.jvm.internal	fun	collectionToArray	-	-	2	public fun collectionToArray(collection: Collection<*>): Array<Any?> =
kotlin.jvm.internal	val	componentType	-	-	2	val componentType = jClass.componentType
kotlin.jvm.internal	var	copyValuesFrom	-	-	1	var copyValuesFrom = 0
kotlin.jvm.internal	val	Double	-	1.4	5	const val NaN: Double = java.lang.Double.NaN
kotlin.jvm.internal	val	DoubleArray	-	-	1	private val values: DoubleArray = DoubleArray(size)
kotlin.jvm.internal	object	DoubleCompanionObject	-	-	1	internal object DoubleCompanionObject {
kotlin.jvm.internal	class	DoubleSpreadBuilder	-	-	1	public class DoubleSpreadBuilder(size: Int) : PrimitiveSpreadBuilder<DoubleArray>(size) {
kotlin.jvm.internal	var	dstIndex	-	-	1	var dstIndex = 0
kotlin.jvm.internal	val	EMPTY	-	-	1	private val EMPTY = emptyArray<Any?>()
kotlin.jvm.internal	object	EnumCompanionObject	-	-	1	internal object EnumCompanionObject {}
kotlin.jvm.internal	fun	error	-	1.5	1	private fun error(): Nothing = throw KotlinReflectionNotSupportedError()
kotlin.jvm.internal	val	Float	-	1.4	5	const val NaN: Float = java.lang.Float.NaN
kotlin.jvm.internal	val	FloatArray	-	-	1	private val values: FloatArray = FloatArray(size)
kotlin.jvm.internal	object	FloatCompanionObject	-	-	1	internal object FloatCompanionObject {
kotlin.jvm.internal	class	FloatSpreadBuilder	-	-	1	public class FloatSpreadBuilder(size: Int) : PrimitiveSpreadBuilder<FloatArray>(size) {
kotlin.jvm.internal	val	FUNCTION_CLASSES	-	-	1	private val FUNCTION_CLASSES =
kotlin.jvm.internal	interface	FunctionBase	-	-	1	public interface FunctionBase<out R> : Function<R> {
kotlin.jvm.internal	fun	getClassQualifiedName	-	-	1	public fun getClassQualifiedName(jClass: Class<*>): String? = when {
kotlin.jvm.internal	fun	getClassSimpleName	-	-	1	public fun getClassSimpleName(jClass: Class<*>): String? = when {
kotlin.jvm.internal	fun	getMAX_VALUE	-	-	2	fun getMAX_VALUE(): Float = java.lang.Float.MAX_VALUE
kotlin.jvm.internal	fun	getMIN_VALUE	-	-	2	fun getMIN_VALUE(): Float = java.lang.Float.MIN_VALUE
kotlin.jvm.internal	fun	getNaN	-	-	2	fun getNaN(): Float = java.lang.Float.NaN
kotlin.jvm.internal	fun	getNEGATIVE_INFINITY	-	-	2	fun getNEGATIVE_INFINITY(): Float = java.lang.Float.NEGATIVE_INFINITY
kotlin.jvm.internal	fun	getPOSITIVE_INFINITY	-	-	2	fun getPOSITIVE_INFINITY(): Float = java.lang.Float.POSITIVE_INFINITY
kotlin.jvm.internal	fun	getSize	T	-	1	abstract protected fun T.getSize(): Int
kotlin.jvm.internal	var	i	-	-	1	var i = 0
kotlin.jvm.internal	var	index	-	-	9	private var index = 0
kotlin.jvm.internal	val	Int	-	1.3,1.4,1.6	18	public val arity: Int
kotlin.jvm.internal	var	Int	-	-	1	protected var position: Int = 0
kotlin.jvm.internal	val	IntArray	-	-	1	private val values: IntArray = IntArray(size)
kotlin.jvm.internal	object	IntCompanionObject	-	-	1	internal object IntCompanionObject {
kotlin.jvm.internal	class	IntSpreadBuilder	-	-	1	public class IntSpreadBuilder(size: Int) : PrimitiveSpreadBuilder<IntArray>(size) {
kotlin.jvm.internal	val	IS_MARKED_NULLABLE	-	-	1	internal const val IS_MARKED_NULLABLE = 1 shl 0
kotlin.jvm.internal	val	IS_MUTABLE_COLLECTION_TYPE	-	-	1	internal const val IS_MUTABLE_COLLECTION_TYPE = 1 shl 1
kotlin.jvm.internal	val	IS_NOTHING_TYPE	-	-	1	internal const val IS_NOTHING_TYPE = 1 shl 2
kotlin.jvm.internal	fun	isInstance	-	-	1	public fun isInstance(value: Any?, jClass: Class<*>): Boolean {
kotlin.jvm.internal	val	iter	-	-	1	val iter = collection.iterator()
kotlin.jvm.internal	fun	iterator	-	-	9	public fun iterator(array: IntArray): IntIterator = ArrayIntIterator(array)
kotlin.jvm.internal	val	javaClass	-	-	1	val javaClass = (classifier as? KClass<*>)?.java
kotlin.jvm.internal	val	klass	-	-	1	val klass = when {
kotlin.jvm.internal	val	KType	-	1.6	1	@SinceKotlin("1.6") internal val platformTypeUpperBound: KType?,
kotlin.jvm.internal	interface	KTypeBase	-	1.4	1	public interface KTypeBase : KType {
kotlin.jvm.internal	class	Lambda	-	-	1	public abstract class Lambda<out R>(override val arity: Int) : FunctionBase<R>, Serializable {
kotlin.jvm.internal	class	LocalVariableReference	-	1.1	1	public open class LocalVariableReference : PropertyReference0() {
kotlin.jvm.internal	val	Long	-	-	2	const val MIN_VALUE: Long = java.lang.Long.MIN_VALUE
kotlin.jvm.internal	val	LongArray	-	-	1	private val values: LongArray = LongArray(size)
kotlin.jvm.internal	object	LongCompanionObject	-	-	1	internal object LongCompanionObject {
kotlin.jvm.internal	class	LongSpreadBuilder	-	-	1	public class LongSpreadBuilder(size: Int) : PrimitiveSpreadBuilder<LongArray>(size) {
kotlin.jvm.internal	val	MAX_SIZE	-	-	1	private const val MAX_SIZE = Int.MAX_VALUE - 2
kotlin.jvm.internal	class	MutableLocalVariableReference	-	1.1	1	public open class MutableLocalVariableReference : MutablePropertyReference0() {
kotlin.jvm.internal	val	name	-	-	1	val name = jClass.simpleName
kotlin.jvm.internal	var	newSize	-	-	1	var newSize = (i * 3 + 1) ushr 1
kotlin.jvm.internal	fun	notSupportedError	-	-	1	private fun notSupportedError(): Nothing {
kotlin.jvm.internal	val	nullable	-	-	1	val nullable = if (isMarkedNullable) "?" else ""
kotlin.jvm.internal	val	objectType	-	-	1	val objectType = if (jClass.isPrimitive) jClass.kotlin.javaObjectType else jClass
kotlin.jvm.internal	class	PackageReference	-	1.1	1	public class PackageReference(
kotlin.jvm.internal	class	PrimitiveSpreadBuilder	-	-	1	public abstract class PrimitiveSpreadBuilder<T : Any>(private val size: Int) {
kotlin.jvm.internal	var	result	-	-	1	var result = alloc(size)
kotlin.jvm.internal	val	result	-	-	1	val result = klass + args + nullable
kotlin.jvm.internal	class	SerializedIr	-	1.6	1	public annotation class SerializedIr(
kotlin.jvm.internal	fun	setUpperBounds	-	-	1	public fun setUpperBounds(upperBounds: List<KType>) {
kotlin.jvm.internal	val	Short	-	-	2	const val MIN_VALUE: Short = java.lang.Short.MIN_VALUE
kotlin.jvm.internal	val	ShortArray	-	-	1	private val values: ShortArray = ShortArray(size)
kotlin.jvm.internal	object	ShortCompanionObject	-	-	1	internal object ShortCompanionObject {
kotlin.jvm.internal	class	ShortSpreadBuilder	-	-	1	public class ShortSpreadBuilder(size: Int) : PrimitiveSpreadBuilder<ShortArray>(size) {
kotlin.jvm.internal	fun	simpleNameOf	-	-	1	private fun simpleNameOf(type: String) = when (type) {
kotlin.jvm.internal	val	size	-	-	1	val size = collection.size
kotlin.jvm.internal	fun	size	-	-	1	protected fun size(): Int {
kotlin.jvm.internal	class	SourceDebugExtension	-	1.8	1	public annotation class SourceDebugExtension(val value: Array<String>)
kotlin.jvm.internal	val	spreadArgument	-	-	1	val spreadArgument = spreads[i]
kotlin.jvm.internal	val	spreadSize	-	-	1	val spreadSize = spreadArgument.getSize()
kotlin.jvm.internal	val	String	-	-	1	@Suppress("unused") private val moduleName: String
kotlin.jvm.internal	object	StringCompanionObject	-	-	1	internal object StringCompanionObject {}
kotlin.jvm.internal	fun	toArray	-	-	9	protected fun toArray(values: T, result: T): T {
kotlin.jvm.internal	fun	toArrayImpl	-	-	1	private inline fun toArrayImpl(
kotlin.jvm.internal	fun	toString	-	-	1	public fun toString(typeParameter: KTypeParameter): String =
kotlin.jvm.internal	var	totalLength	-	-	1	var totalLength = 0
kotlin.jvm.internal	val	Type	-	-	1	public val javaType: Type?
kotlin.jvm.internal	class	TypeParameterReference	-	1.4	1	public class TypeParameterReference(
kotlin.jvm.internal	class	TypeReference	-	1.6	1	public class TypeReference @SinceKotlin("1.6") constructor(
kotlin.jvm.internal	val	typeString	-	-	1	val typeString = (type as? TypeReference)?.asString(true) ?: type.toString()
kotlin.jvm.internal.markers	interface	Entry	-	-	1	public interface Entry : KMappedMarker
kotlin.jvm.internal.markers	interface	KMappedMarker	-	-	1	public interface KMappedMarker
kotlin.jvm.internal.markers	interface	KMutableCollection	-	-	1	public interface KMutableCollection : KMutableIterable
kotlin.jvm.internal.markers	interface	KMutableIterable	-	-	1	public interface KMutableIterable : KMappedMarker
kotlin.jvm.internal.markers	interface	KMutableIterator	-	-	1	public interface KMutableIterator : KMappedMarker
kotlin.jvm.internal.markers	interface	KMutableList	-	-	1	public interface KMutableList : KMutableCollection
kotlin.jvm.internal.markers	interface	KMutableListIterator	-	-	1	public interface KMutableListIterator : KMutableIterator
kotlin.jvm.internal.markers	interface	KMutableMap	-	-	1	public interface KMutableMap : KMappedMarker {
kotlin.jvm.internal.markers	interface	KMutableSet	-	-	1	public interface KMutableSet : KMutableCollection
kotlin.jvm.internal.unsafe	fun	monitorEnter	-	-	1	private fun monitorEnter(@Suppress("UNUSED_PARAMETER") monitor: Any): Unit =
kotlin.jvm.internal.unsafe	fun	monitorExit	-	-	1	private fun monitorExit(@Suppress("UNUSED_PARAMETER") monitor: Any): Unit =
kotlin.jvm.optionals	fun	asSequence	-	1.8	1	public fun <T : Any> Optional<out T>.asSequence(): Sequence<T> =
kotlin.jvm.optionals	fun	getOrDefault	-	1.8	1	public fun <T> Optional<out T & Any>.getOrDefault(defaultValue: T): T = if (isPresent) get() else defaultValue
kotlin.jvm.optionals	fun	getOrElse	-	1.8	1	public inline fun <T> Optional<out T & Any>.getOrElse(defaultValue: () -> T): T {
kotlin.jvm.optionals	fun	getOrNull	-	1.8	1	public fun <T : Any> Optional<T>.getOrNull(): T? = orElse(null)
kotlin.jvm.optionals	fun	toCollection	-	1.8	1	public fun <T : Any, C : MutableCollection<in T>> Optional<T>.toCollection(destination: C): C {
kotlin.jvm.optionals	fun	toList	-	1.8	1	public fun <T : Any> Optional<out T>.toList(): List<T> =
kotlin.jvm.optionals	fun	toSet	-	1.8	1	public fun <T : Any> Optional<out T>.toSet(): Set<T> =
kotlin.math	fun	abs	-	1.2	8	public expect fun abs(n: Int): Int
kotlin.math	fun	acos	-	1.2	4	public expect fun acos(x: Float): Float
kotlin.math	fun	acosh	-	1.2	4	public expect fun acosh(x: Float): Float
kotlin.math	fun	asin	-	1.2	4	public expect fun asin(x: Float): Float
kotlin.math	fun	asinh	-	1.2	4	public expect fun asinh(x: Float): Float
kotlin.math	fun	atan	-	1.2	4	public expect fun atan(x: Float): Float
kotlin.math	fun	atan2	-	1.2	4	public expect fun atan2(y: Float, x: Float): Float
kotlin.math	fun	atanh	-	1.2	4	public expect fun atanh(x: Float): Float
kotlin.math	fun	cbrt	-	1.8	4	public expect fun cbrt(x: Float): Float
kotlin.math	fun	ceil	-	1.2	4	public expect fun ceil(x: Float): Float
kotlin.math	object	Constants	-	-	1	private object Constants {
kotlin.math	fun	cos	-	1.2	4	public expect fun cos(x: Float): Float
kotlin.math	fun	cosh	-	1.2	4	public expect fun cosh(x: Float): Float
kotlin.math	val	Double	-	1.2	7	internal val LN2: Double = ln(2.0)
kotlin.math	fun	exp	-	1.2	4	public expect fun exp(x: Float): Float
kotlin.math	fun	expm1	-	1.2	4	public expect fun expm1(x: Float): Float
kotlin.math	val	Float	-	1.2	2	public expect val Float.sign: Float
kotlin.math	fun	floor	-	1.2	4	public expect fun floor(x: Float): Float
kotlin.math	val	get	-	1.2	10	public actual val Int.sign: Int get() = Integer.signum(this)
kotlin.math	fun	hypot	-	1.2	4	public expect fun hypot(x: Float, y: Float): Float
kotlin.math	fun	IEEErem	Double	1.2	2	public inline fun Double.IEEErem(divisor: Double): Double = nativeMath.IEEEremainder(this, divisor)
kotlin.math	val	Int	-	1.2	3	public expect val Int.sign: Int
kotlin.math	fun	ln	-	1.2	4	public expect fun ln(x: Float): Float
kotlin.math	fun	ln1p	-	1.2	4	public expect fun ln1p(x: Float): Float
kotlin.math	fun	log	-	1.2	4	public expect fun log(x: Float, base: Float): Float
kotlin.math	fun	log10	-	1.2	4	public expect fun log10(x: Float): Float
kotlin.math	fun	log2	-	1.2	4	public expect fun log2(x: Float): Float
kotlin.math	val	Long	-	1.2	1	public expect val Long.absoluteValue: Long
kotlin.math	fun	max	-	1.2,1.5	10	public expect fun max(a: Int, b: Int): Int
kotlin.math	fun	min	-	1.2,1.5	10	public expect fun min(a: Int, b: Int): Int
kotlin.math	fun	nextDown	Double	1.2	3	public expect fun Double.nextDown(): Double
kotlin.math	fun	nextTowards	Double	1.2	3	public expect fun Double.nextTowards(to: Double): Double
kotlin.math	fun	nextUp	Double	1.2	3	public expect fun Double.nextUp(): Double
kotlin.math	fun	pow	Double	1.2	8	public expect fun Float.pow(n: Int): Float
kotlin.math	var	result	-	-	3	var result = y
kotlin.math	fun	round	-	1.2	4	public expect fun round(x: Float): Float
kotlin.math	fun	roundToInt	Double	1.2	4	public expect fun Float.roundToInt(): Int
kotlin.math	fun	roundToLong	Double	1.2	4	public expect fun Float.roundToLong(): Long
kotlin.math	fun	sign	-	1.2	4	public expect fun sign(x: Float): Float
kotlin.math	fun	sin	-	1.2	4	public expect fun sin(x: Float): Float
kotlin.math	fun	sinh	-	1.2	4	public expect fun sinh(x: Float): Float
kotlin.math	fun	sqrt	-	1.2	4	public expect fun sqrt(x: Float): Float
kotlin.math	fun	tan	-	1.2	4	public expect fun tan(x: Float): Float
kotlin.math	fun	tanh	-	1.2	4	public expect fun tanh(x: Float): Float
kotlin.math	val	taylor_2_bound	-	-	1	internal val taylor_2_bound = nativeMath.sqrt(epsilon)
kotlin.math	val	taylor_n_bound	-	-	1	internal val taylor_n_bound = nativeMath.sqrt(taylor_2_bound)
kotlin.math	fun	truncate	-	1.2	4	public expect fun truncate(x: Float): Float
kotlin.math	val	upper_taylor_2_bound	-	-	1	internal val upper_taylor_2_bound = 1 / taylor_2_bound
kotlin.math	val	upper_taylor_n_bound	-	-	1	internal val upper_taylor_n_bound = 1 / taylor_n_bound
kotlin.math	fun	withSign	Double	1.2	8	public expect fun Float.withSign(sign: Int): Float
kotlin.math	val	y	-	-	1	val y = nativeMath.sqrt(x - 1)
kotlin.native	class	CName	-	1.5	1	public expect annotation class CName(val externName: String = "", val shortName: String = "")
kotlin.native	class	FreezingIsDeprecated	-	-	1	public expect annotation class FreezingIsDeprecated
kotlin.native	class	HiddenFromObjC	-	1.8	1	public expect annotation class HiddenFromObjC()
kotlin.native	class	HidesFromObjC	-	1.8	1	public expect annotation class HidesFromObjC()
kotlin.native	class	ObjCName	-	1.8	1	public expect annotation class ObjCName(val name: String = "", val swiftName: String = "", val exact: Boolean = false)
kotlin.native	class	RefinesInSwift	-	1.8	1	public expect annotation class RefinesInSwift()
kotlin.native	class	ShouldRefineInSwift	-	1.8	1	public expect annotation class ShouldRefineInSwift()
kotlin.native.concurrent	class	SharedImmutable	-	-	1	public expect annotation class SharedImmutable()
kotlin.native.concurrent	class	ThreadLocal	-	-	1	public expect annotation class ThreadLocal()
kotlin.properties	fun	afterChange	-	-	1	protected open fun afterChange(property: KProperty<*>, oldValue: V, newValue: V): Unit {}
kotlin.properties	fun	beforeChange	-	-	1	protected open fun beforeChange(property: KProperty<*>, oldValue: V, newValue: V): Boolean = true
kotlin.properties	object	Delegates	-	-	1	public object Delegates {
kotlin.properties	fun	getValue	-	-	1	public operator fun getValue(thisRef: T, property: KProperty<*>): V
kotlin.properties	fun	notNull	-	-	1	public fun <T : Any> notNull(): ReadWriteProperty<Any?, T> = NotNullVar()
kotlin.properties	class	NotNullVar	-	-	1	private class NotNullVar<T : Any>() : ReadWriteProperty<Any?, T> {
kotlin.properties	fun	observable	-	-	1	public inline fun <T> observable(initialValue: T, crossinline onChange: (property: KProperty<*>, oldValue: T, newValue: T) -> Unit):
kotlin.properties	class	ObservableProperty	-	-	1	public abstract class ObservableProperty<V>(initialValue: V) : ReadWriteProperty<Any?, V> {
kotlin.properties	val	oldValue	-	-	1	val oldValue = this.value
kotlin.properties	fun	PropertyDelegateProvider	-	1.4	1	public fun interface PropertyDelegateProvider<in T, out D> {
kotlin.properties	fun	provideDelegate	-	-	1	public operator fun provideDelegate(thisRef: T, property: KProperty<*>): D
kotlin.properties	fun	ReadOnlyProperty	-	-	1	public fun interface ReadOnlyProperty<in T, out V> {
kotlin.properties	interface	ReadWriteProperty	-	-	1	public interface ReadWriteProperty<in T, V> : ReadOnlyProperty<T, V> {
kotlin.properties	fun	setValue	-	-	1	public operator fun setValue(thisRef: T, property: KProperty<*>, value: V)
kotlin.properties	var	T	-	-	1	private var value: T? = null
kotlin.properties	var	value	-	-	1	private var value = initialValue
kotlin.properties	fun	vetoable	-	-	1	public inline fun <T> vetoable(initialValue: T, crossinline onChange: (property: KProperty<*>, oldValue: T, newValue: T) -> Boolean):
kotlin.random	class	AbstractPlatformRandom	-	-	1	internal abstract class AbstractPlatformRandom : Random() {
kotlin.random	fun	asJavaRandom	Random	1.3	1	public fun Random.asJavaRandom(): java.util.Random =
kotlin.random	fun	asKotlinRandom	java.util.Random	1.3	1	public fun java.util.Random.asKotlinRandom(): Random =
kotlin.random	val	bitCount	-	-	3	val bitCount = fastLog2(n)
kotlin.random	val	bits	-	-	2	val bits = nextInt().ushr(1)
kotlin.random	var	Boolean	-	-	1	private var seedInitialized: Boolean = false
kotlin.random	fun	boundsErrorMessage	-	-	1	internal fun boundsErrorMessage(from: Any, until: Any) = "Random range is empty: [$from, $until)."
kotlin.random	fun	checkRangeBounds	-	-	3	internal fun checkRangeBounds(from: Int, until: Int) = require(until > from) { boundsErrorMessage(from, until) }
kotlin.random	fun	checkUIntRangeBounds	-	-	1	internal fun checkUIntRangeBounds(from: UInt, until: UInt) = require(until > from) { boundsErrorMessage(from, until) }
kotlin.random	fun	checkULongRangeBounds	-	-	1	internal fun checkULongRangeBounds(from: ULong, until: ULong) = require(until > from) { boundsErrorMessage(from, until) }
kotlin.random	object	Default	-	-	1	public companion object Default : Random(), Serializable {
kotlin.random	fun	defaultPlatformRandom	-	-	2	internal expect fun defaultPlatformRandom(): Random
kotlin.random	fun	doubleFromParts	-	-	2	internal expect fun doubleFromParts(hi26: Int, low27: Int): Double
kotlin.random	class	FallbackThreadLocalRandom	-	-	1	internal class FallbackThreadLocalRandom : AbstractPlatformRandom() {
kotlin.random	fun	fastLog2	-	-	1	internal fun fastLog2(value: Int): Int = 31 - value.countLeadingZeroBits()
kotlin.random	val	implStorage	-	-	1	private val implStorage = object : ThreadLocal<java.util.Random>() {
kotlin.random	var	Int	-	-	7	var v: Int
kotlin.random	class	KotlinRandom	-	-	1	private class KotlinRandom(val impl: Random) : java.util.Random() {
kotlin.random	val	Long	-	-	4	val rnd: Long
kotlin.random	var	Long	-	-	1	var v: Long
kotlin.random	val	n	-	-	2	val n = until - from
kotlin.random	fun	nextBits	-	-	1	public abstract fun nextBits(bitCount: Int): Int
kotlin.random	fun	nextBoolean	-	-	1	public open fun nextBoolean(): Boolean = nextBits(1) != 0
kotlin.random	fun	nextBytes	-	-	3	public open fun nextBytes(size: Int): ByteArray = nextBytes(ByteArray(size))
kotlin.random	fun	nextDouble	-	-	3	public open fun nextDouble(from: Double, until: Double): Double {
kotlin.random	fun	nextFloat	-	-	1	public open fun nextFloat(): Float = nextBits(24) / (1 shl 24).toFloat()
kotlin.random	fun	nextInt	-	1.3	4	public open fun nextInt(): Int = nextBits(32)
kotlin.random	fun	nextLong	-	1.3	4	public open fun nextLong(from: Long, until: Long): Long {
kotlin.random	fun	nextUBytes	Random	1.3	3	public fun Random.nextUBytes(array: UByteArray): UByteArray {
kotlin.random	fun	nextUInt	Random	1.5	4	public fun Random.nextUInt(): UInt = nextInt().toUInt()
kotlin.random	fun	nextULong	Random	1.5	4	public fun Random.nextULong(): ULong = nextLong().toULong()
kotlin.random	val	nHigh	-	-	1	val nHigh = (n ushr 32).toInt()
kotlin.random	val	nLow	-	-	1	val nLow = n.toInt()
kotlin.random	class	PlatformRandom	-	-	1	private class PlatformRandom(override val impl: java.util.Random) : AbstractPlatformRandom(), Serializable {
kotlin.random	var	position	-	-	1	var position = fromIndex
kotlin.random	val	r	-	-	1	val r = if (size.isInfinite() && from.isFinite() && until.isFinite()) {
kotlin.random	val	r1	-	-	1	val r1 = nextDouble() * (until / 2 - from / 2)
kotlin.random	class	Random	-	1.3	1	public abstract class Random {
kotlin.random	val	Random	-	-	2	abstract val impl: java.util.Random
kotlin.random	fun	Random	-	1.3	2	public fun Random(seed: Int): Random = XorWowRandom(seed, seed.shr(31))
kotlin.random	fun	readObject	-	-	1	private fun readObject(input: ReadObjectParameterType): Unit = throwReadObjectNotSupported()
kotlin.random	fun	readResolve	-	-	1	private fun readResolve(): Any = Random
kotlin.random	val	remainder	-	-	1	val remainder = toIndex - position
kotlin.random	val	rnd	-	-	3	val rnd = nextInt()
kotlin.random	object	Serialized	-	-	1	private object Serialized : Serializable {
kotlin.random	val	serialVersionUID	-	-	1	private const val serialVersionUID = 0L
kotlin.random	val	signedFrom	-	-	2	val signedFrom = from.toInt() xor Int.MIN_VALUE
kotlin.random	val	signedResult	-	-	2	val signedResult = nextInt(signedFrom, signedUntil) xor Int.MIN_VALUE
kotlin.random	val	signedUntil	-	-	2	val signedUntil = until.toInt() xor Int.MIN_VALUE
kotlin.random	val	size	-	-	1	val size = until - from
kotlin.random	val	steps	-	-	1	val steps = (toIndex - fromIndex) / 4
kotlin.random	var	t	-	-	1	var t = x
kotlin.random	fun	takeUpperBits	Int	-	1	internal fun Int.takeUpperBits(bitCount: Int): Int =
kotlin.random	val	v	-	-	1	val v = nextInt()
kotlin.random	val	v0	-	-	1	val v0 = v
kotlin.random	val	vr	-	-	1	val vr = nextBits(remainder * 8)
kotlin.random	fun	writeReplace	-	-	1	private fun writeReplace(): Any = Serialized
kotlin.random	class	XorWowRandom	-	-	1	internal class XorWowRandom internal constructor(
kotlin.random.jdk8	class	PlatformThreadLocalRandom	-	-	1	internal class PlatformThreadLocalRandom : kotlin.random.AbstractPlatformRandom() {
kotlin.ranges	val	_endExclusive	-	-	2	private val _endExclusive = endExclusive
kotlin.ranges	val	_endInclusive	-	-	2	private val _endInclusive = endInclusive
kotlin.ranges	val	_start	-	-	4	private val _start = start
kotlin.ranges	var	Boolean	-	-	5	private var hasNext: Boolean = if (step > 0) first <= last else first >= last
kotlin.ranges	val	Char	-	-	2	public val first: Char = start
kotlin.ranges	class	CharProgression	-	-	1	public open class CharProgression
kotlin.ranges	class	CharProgressionIterator	-	-	1	internal class CharProgressionIterator(first: Char, last: Char, val step: Int) : CharIterator() {
kotlin.ranges	class	CharRange	-	-	1	public class CharRange(start: Char, endInclusive: Char) : CharProgression(start, endInclusive, 1), ClosedRange<Char>, OpenEndRange<Char> {
kotlin.ranges	val	CharRange	-	-	1	public val EMPTY: CharRange = CharRange(1.toChar(), 0.toChar())
kotlin.ranges	fun	checkStepIsPositive	-	-	1	internal fun checkStepIsPositive(isPositive: Boolean, step: Number) {
kotlin.ranges	class	ClosedDoubleRange	-	-	1	private class ClosedDoubleRange(
kotlin.ranges	interface	ClosedFloatingPointRange	-	1.1	1	public interface ClosedFloatingPointRange<T : Comparable<T>> : ClosedRange<T> {
kotlin.ranges	class	ClosedFloatRange	-	-	1	private class ClosedFloatRange(
kotlin.ranges	interface	ClosedRange	-	-	1	public interface ClosedRange<T : Comparable<T>> {
kotlin.ranges	fun	coerceAtLeast	T	1.5	11	public fun Int.coerceAtLeast(minimumValue: Int): Int {
kotlin.ranges	fun	coerceAtMost	T	1.5	11	public fun Int.coerceAtMost(maximumValue: Int): Int {
kotlin.ranges	fun	coerceIn	T	1.1,1.5	17	public fun Int.coerceIn(range: ClosedRange<Int>): Int {
kotlin.ranges	class	ComparableOpenEndRange	-	-	1	private open class ComparableOpenEndRange<T : Comparable<T>>(
kotlin.ranges	class	ComparableRange	-	-	1	private open class ComparableRange<T : Comparable<T>>(
kotlin.ranges	fun	contains	IntRange	1.3,1.5,1.9	64	public operator fun UIntRange.contains(value: UByte): Boolean {
kotlin.ranges	fun	downTo	Int	1.5	21	public infix fun Int.downTo(to: Int): IntProgression {
kotlin.ranges	val	finalElement	-	-	2	private val finalElement = last
kotlin.ranges	fun	first	IntProgression	1.7	5	public fun IntProgression.first(): Int {
kotlin.ranges	fun	firstOrNull	IntProgression	1.7	5	public fun IntProgression.firstOrNull(): Int? {
kotlin.ranges	fun	fromClosedRange	-	-	5	public fun fromClosedRange(rangeStart: Int, rangeEnd: Int, step: Int): IntProgression = IntProgression(rangeStart, rangeEnd, step)
kotlin.ranges	val	Int	-	-	7	public val step: Int = step
kotlin.ranges	var	Int	-	-	2	private var next: Int = if (hasNext) first else finalElement
kotlin.ranges	class	IntProgression	-	-	1	public open class IntProgression
kotlin.ranges	class	IntProgressionIterator	-	-	1	internal class IntProgressionIterator(first: Int, last: Int, val step: Int) : IntIterator() {
kotlin.ranges	class	IntRange	-	-	1	public class IntRange(start: Int, endInclusive: Int) : IntProgression(start, endInclusive, 1), ClosedRange<Int>, OpenEndRange<Int> {
kotlin.ranges	val	IntRange	-	-	1	public val EMPTY: IntRange = IntRange(1, 0)
kotlin.ranges	fun	isEmpty	-	-	7	public fun isEmpty(): Boolean = start > endInclusive
kotlin.ranges	fun	last	IntProgression	1.7	5	public fun IntProgression.last(): Int {
kotlin.ranges	fun	lastOrNull	IntProgression	1.7	5	public fun IntProgression.lastOrNull(): Int? {
kotlin.ranges	fun	lessThanOrEquals	-	-	3	public fun lessThanOrEquals(a: T, b: T): Boolean
kotlin.ranges	val	Long	-	-	5	public val step: Long = step
kotlin.ranges	var	Long	-	-	1	private var next: Long = if (hasNext) first else finalElement
kotlin.ranges	class	LongProgression	-	-	1	public open class LongProgression
kotlin.ranges	class	LongProgressionIterator	-	-	1	internal class LongProgressionIterator(first: Long, last: Long, val step: Long) : LongIterator() {
kotlin.ranges	class	LongRange	-	-	1	public class LongRange(start: Long, endInclusive: Long) : LongProgression(start, endInclusive, 1), ClosedRange<Long>, OpenEndRange<Long> {
kotlin.ranges	val	LongRange	-	-	1	public val EMPTY: LongRange = LongRange(1, 0)
kotlin.ranges	var	next	-	-	2	private var next = if (hasNext) first else finalElement
kotlin.ranges	class	OpenEndDoubleRange	-	-	1	private class OpenEndDoubleRange(
kotlin.ranges	class	OpenEndFloatRange	-	-	1	private class OpenEndFloatRange(
kotlin.ranges	interface	OpenEndRange	-	1.9	1	public interface OpenEndRange<T : Comparable<T>> {
kotlin.ranges	fun	random	IntRange	1.3,1.5	10	public inline fun IntRange.random(): Int {
kotlin.ranges	fun	randomOrNull	IntRange	1.4,1.5	10	public inline fun IntRange.randomOrNull(): Int? {
kotlin.ranges	fun	rangeTo	T	1.1	3	public operator fun <T : Comparable<T>> T.rangeTo(that: T): ClosedRange<T> = ComparableRange(this, that)
kotlin.ranges	fun	rangeUntil	T	1.9	3	public operator fun Float.rangeUntil(that: Float): OpenEndRange<Float> = OpenEndFloatRange(this, that)
kotlin.ranges	fun	reversed	IntProgression	1.5	5	public fun IntProgression.reversed(): IntProgression {
kotlin.ranges	fun	step	IntProgression	1.5	5	public infix fun IntProgression.step(step: Int): IntProgression {
kotlin.ranges	val	step	-	-	2	private val step = step.toUInt()
kotlin.ranges	val	T	-	-	4	public val start: T
kotlin.ranges	fun	toByteExactOrNull	Int	-	5	internal fun Int.toByteExactOrNull(): Byte? {
kotlin.ranges	fun	toIntExactOrNull	Long	-	3	internal fun Long.toIntExactOrNull(): Int? {
kotlin.ranges	fun	toLongExactOrNull	Double	-	2	internal fun Float.toLongExactOrNull(): Long? {
kotlin.ranges	fun	toShortExactOrNull	Int	-	4	internal fun Int.toShortExactOrNull(): Short? {
kotlin.ranges	val	UInt	-	-	2	public val first: UInt = start
kotlin.ranges	class	UIntProgression	-	1.5	1	public open class UIntProgression
kotlin.ranges	class	UIntProgressionIterator	-	1.3	1	private class UIntProgressionIterator(first: UInt, last: UInt, step: Int) : Iterator<UInt> {
kotlin.ranges	class	UIntRange	-	1.5	1	public class UIntRange(start: UInt, endInclusive: UInt) : UIntProgression(start, endInclusive, 1), ClosedRange<UInt>, OpenEndRange<UInt> {
kotlin.ranges	val	UIntRange	-	-	1	public val EMPTY: UIntRange = UIntRange(UInt.MAX_VALUE, UInt.MIN_VALUE)
kotlin.ranges	val	ULong	-	-	2	public val first: ULong = start
kotlin.ranges	class	ULongProgression	-	1.5	1	public open class ULongProgression
kotlin.ranges	class	ULongProgressionIterator	-	1.3	1	private class ULongProgressionIterator(first: ULong, last: ULong, step: Long) : Iterator<ULong> {
kotlin.ranges	class	ULongRange	-	1.5	1	public class ULongRange(start: ULong, endInclusive: ULong) : ULongProgression(start, endInclusive, 1), ClosedRange<ULong>, OpenEndRange<ULong> {
kotlin.ranges	val	ULongRange	-	-	1	public val EMPTY: ULongRange = ULongRange(ULong.MAX_VALUE, ULong.MIN_VALUE)
kotlin.ranges	fun	until	Int	1.5	21	public infix fun Int.until(to: Int): IntRange {
kotlin.ranges	val	value	-	-	5	val value = next
kotlin.reflect	interface	Accessor	-	-	1	public interface Accessor<out V> {
kotlin.reflect	val	arguments	-	-	1	val arguments = arguments
kotlin.reflect	val	Boolean	-	1.1,1.3,1.4,1.5	24	public val isFun: Boolean
kotlin.reflect	fun	call	-	-	1	public fun call(vararg args: Any?): R
kotlin.reflect	fun	callBy	-	-	1	public fun callBy(args: Map<KParameter, Any?>): R
kotlin.reflect	fun	cast	-	1.4	1	public fun <T : Any> KClass<T>.cast(value: Any?): T {
kotlin.reflect	fun	computeJavaType	KType	-	1	private fun KType.computeJavaType(forceWrapper: Boolean = false): Type {
kotlin.reflect	fun	contravariant	-	-	1	public fun contravariant(type: KType): KTypeProjection =
kotlin.reflect	fun	covariant	-	-	1	public fun covariant(type: KType): KTypeProjection =
kotlin.reflect	fun	createPossiblyInnerType	-	-	1	private fun createPossiblyInnerType(jClass: Class<*>, arguments: List<KTypeProjection>): Type {
kotlin.reflect	val	elementType	-	-	1	val (variance, elementType) = arguments.singleOrNull()
kotlin.reflect	class	GenericArrayTypeImpl	-	-	1	private class GenericArrayTypeImpl(private val elementType: Type) : GenericArrayType, TypeImpl {
kotlin.reflect	fun	get	-	-	6	public fun get(): V
kotlin.reflect	val	get	-	-	1	public val STAR: KTypeProjection get() = star
kotlin.reflect	fun	getAnnotation	-	-	1	fun <T : Annotation> getAnnotation(annotationClass: Class<T>): T? = null
kotlin.reflect	fun	getAnnotations	-	-	1	fun getAnnotations(): Array<Annotation> = emptyArray()
kotlin.reflect	fun	getDeclaredAnnotations	-	-	1	fun getDeclaredAnnotations(): Array<Annotation> = emptyArray()
kotlin.reflect	fun	getDelegate	-	1.1	3	public fun getDelegate(): Any?
kotlin.reflect	val	Getter	-	-	1	public val getter: Getter<V>
kotlin.reflect	interface	Getter	-	-	4	public interface Getter<out V> : Accessor<V>, KFunction<V>
kotlin.reflect	fun	getTypeName	-	-	1	fun getTypeName(): String
kotlin.reflect	val	Int	-	-	1	public val index: Int
kotlin.reflect	fun	invariant	-	-	1	public fun invariant(type: KType): KTypeProjection =
kotlin.reflect	fun	isInstance	-	1.1	2	public fun isInstance(value: Any?): Boolean
kotlin.reflect	val	javaElementType	-	-	1	val javaElementType = elementType!!.computeJavaType()
kotlin.reflect	val	jClass	-	-	1	val jClass = if (forceWrapper) classifier.javaObjectType else classifier.java
kotlin.reflect	interface	KAnnotatedElement	-	-	1	public interface KAnnotatedElement {
kotlin.reflect	interface	KCallable	-	-	2	public expect interface KCallable<out R> {
kotlin.reflect	interface	KClass	-	-	2	public expect interface KClass<T : Any> : KClassifier {
kotlin.reflect	interface	KClassifier	-	1.1	1	public interface KClassifier
kotlin.reflect	val	KClassifier	-	1.1	2	public val classifier: KClassifier?
kotlin.reflect	interface	KDeclarationContainer	-	-	1	public interface KDeclarationContainer {
kotlin.reflect	interface	KFunction	-	-	2	public expect interface KFunction<out R> : KCallable<R>, Function<R>
kotlin.reflect	val	Kind	-	-	1	public val kind: Kind
kotlin.reflect	class	Kind	-	-	1	public enum class Kind {
kotlin.reflect	interface	KMutableProperty	-	-	2	public expect interface KMutableProperty<V> : KProperty<V> {
kotlin.reflect	interface	KMutableProperty0	-	-	2	public expect interface KMutableProperty0<V> : KProperty0<V>, KMutableProperty<V> {
kotlin.reflect	interface	KMutableProperty1	-	-	2	public expect interface KMutableProperty1<T, V> : KProperty1<T, V>, KMutableProperty<V> {
kotlin.reflect	interface	KMutableProperty2	-	-	2	public expect interface KMutableProperty2<D, E, V> : KProperty2<D, E, V>, KMutableProperty<V> {
kotlin.reflect	interface	KParameter	-	-	1	public interface KParameter : KAnnotatedElement {
kotlin.reflect	interface	KProperty	-	-	2	public expect interface KProperty<out V> : KCallable<V> {
kotlin.reflect	val	KProperty	-	-	1	public val property: KProperty<V>
kotlin.reflect	interface	KProperty0	-	-	2	public expect interface KProperty0<out V> : KProperty<V>, () -> V {
kotlin.reflect	interface	KProperty1	-	-	2	public expect interface KProperty1<T, out V> : KProperty<V>, (T) -> V {
kotlin.reflect	interface	KProperty2	-	-	2	public expect interface KProperty2<D, E, out V> : KProperty<V>, (D, E) -> V {
kotlin.reflect	interface	KType	-	-	2	public expect interface KType {
kotlin.reflect	val	KType	-	-	3	public val type: KType
kotlin.reflect	interface	KTypeParameter	-	1.1	1	public interface KTypeParameter : KClassifier {
kotlin.reflect	class	KTypeProjection	-	1.1	1	public data class KTypeProjection constructor(
kotlin.reflect	val	KTypeProjection	-	-	1	internal val star: KTypeProjection = KTypeProjection(null, null)
kotlin.reflect	val	KVariance	-	-	2	public val variance: KVariance
kotlin.reflect	class	KVariance	-	1.1	1	public enum class KVariance {
kotlin.reflect	val	KVisibility	-	1.1	2	public val visibility: KVisibility?
kotlin.reflect	class	KVisibility	-	1.1	1	public enum class KVisibility {
kotlin.reflect	val	List	-	1.1	8	public val supertypes: List<KType>
kotlin.reflect	val	n	-	-	1	val n = jClass.typeParameters.size
kotlin.reflect	val	ownerClass	-	-	1	val ownerClass = jClass.declaringClass
kotlin.reflect	class	ParameterizedTypeImpl	-	-	1	private class ParameterizedTypeImpl(
kotlin.reflect	fun	safeCast	-	1.4	1	public fun <T : Any> KClass<T>.safeCast(value: Any?): T? {
kotlin.reflect	fun	set	-	-	6	public fun set(value: V)
kotlin.reflect	val	Setter	-	-	1	public val setter: Setter<V>
kotlin.reflect	interface	Setter	-	-	4	public interface Setter<V> : KProperty.Accessor<V>, KFunction<Unit>
kotlin.reflect	val	STAR	-	-	1	val STAR = WildcardTypeImpl(null, null)
kotlin.reflect	val	String	-	-	10	public val name: String
kotlin.reflect	val	T	-	-	1	public val objectInstance: T?
kotlin.reflect	val	type	-	-	1	val type = type!!
kotlin.reflect	val	Type	-	1.4	3	private val ownerType: Type?,
kotlin.reflect	val	typeArguments	-	-	1	private val typeArguments = typeArguments.toTypedArray()
kotlin.reflect	interface	TypeImpl	-	-	1	private interface TypeImpl : Type {
kotlin.reflect	fun	typeOf	-	1.6	1	public inline fun <reified T> typeOf(): KType =
kotlin.reflect	fun	typeToString	-	-	1	private fun typeToString(type: Type): String =
kotlin.reflect	class	TypeVariableImpl	-	-	1	private class TypeVariableImpl(private val typeParameter: KTypeParameter) : TypeVariable<GenericDeclaration>, TypeImpl {
kotlin.reflect	val	unwrap	-	-	1	val unwrap = generateSequence(type, Class<*>::getComponentType)
kotlin.reflect	val	variance	-	-	1	val variance = variance ?: return WildcardTypeImpl.STAR
kotlin.reflect	class	WildcardTypeImpl	-	-	1	private class WildcardTypeImpl(private val upperBound: Type?, private val lowerBound: Type?) : WildcardType, TypeImpl {
kotlin.sequences	var	accumulator	-	-	4	var accumulator = initial
kotlin.sequences	fun	all	-	-	1	public inline fun <T> Sequence<T>.all(predicate: (T) -> Boolean): Boolean {
kotlin.sequences	fun	any	-	-	2	public fun <T> Sequence<T>.any(): Boolean {
kotlin.sequences	fun	asIterable	-	-	1	public fun <T> Sequence<T>.asIterable(): Iterable<T> {
kotlin.sequences	fun	asSequence	-	-	3	public inline fun <T> Sequence<T>.asSequence(): Sequence<T> {
kotlin.sequences	fun	associate	-	-	1	public inline fun <T, K, V> Sequence<T>.associate(transform: (T) -> Pair<K, V>): Map<K, V> {
kotlin.sequences	fun	associateBy	-	-	2	public inline fun <T, K> Sequence<T>.associateBy(keySelector: (T) -> K): Map<K, T> {
kotlin.sequences	fun	associateByTo	-	-	2	public inline fun <T, K, M : MutableMap<in K, in T>> Sequence<T>.associateByTo(destination: M, keySelector: (T) -> K): M {
kotlin.sequences	fun	associateTo	-	-	1	public inline fun <T, K, V, M : MutableMap<in K, in V>> Sequence<T>.associateTo(destination: M, transform: (T) -> Pair<K, V>): M {
kotlin.sequences	fun	associateWith	-	1.3	1	public inline fun <K, V> Sequence<K>.associateWith(valueSelector: (K) -> V): Map<K, V> {
kotlin.sequences	fun	associateWithTo	-	1.3	1	public inline fun <K, V, M : MutableMap<in K, in V>> Sequence<K>.associateWithTo(destination: M, valueSelector: (K) -> V): M {
kotlin.sequences	fun	average	-	-	6	public fun Sequence<Int>.average(): Double {
kotlin.sequences	var	BigDecimal	java.math	-	1	var sum: java.math.BigDecimal = 0.toBigDecimal()
kotlin.sequences	var	BigInteger	java.math	-	1	var sum: java.math.BigInteger = 0.toBigInteger()
kotlin.sequences	var	Boolean	-	-	1	private var _hasNext: Boolean = true
kotlin.sequences	val	Boolean	-	-	4	private val sendWhen: Boolean = true,
kotlin.sequences	val	buffer	-	-	1	val buffer = toMutableList()
kotlin.sequences	fun	calcNext	-	-	3	private fun calcNext() {
kotlin.sequences	fun	chunked	-	1.2	2	public fun <T> Sequence<T>.chunked(size: Int): Sequence<List<T>> {
kotlin.sequences	class	ConstrainedOnceSequence	-	-	2	internal expect class ConstrainedOnceSequence<T> : Sequence<T> {
kotlin.sequences	fun	constrainOnce	-	-	1	public fun <T> Sequence<T>.constrainOnce(): Sequence<T> {
kotlin.sequences	fun	contains	-	-	1	public operator fun <@kotlin.internal.OnlyInputTypes T> Sequence<T>.contains(element: T): Boolean {
kotlin.sequences	var	count	-	-	5	var count = 0
kotlin.sequences	fun	count	-	-	2	public fun <T> Sequence<T>.count(): Int {
kotlin.sequences	var	current	-	-	1	var current = iterator.next()
kotlin.sequences	fun	distinct	-	-	1	public fun <T> Sequence<T>.distinct(): Sequence<T> {
kotlin.sequences	fun	distinctBy	-	-	1	public fun <T, K> Sequence<T>.distinctBy(selector: (T) -> K): Sequence<T> {
kotlin.sequences	class	DistinctIterator	-	-	1	private class DistinctIterator<T, K>(private val source: Iterator<T>, private val keySelector: (T) -> K) : AbstractIterator<T>() {
kotlin.sequences	class	DistinctSequence	-	-	1	internal class DistinctSequence<T, K>(private val source: Sequence<T>, private val keySelector: (T) -> K) : Sequence<T> {
kotlin.sequences	val	DONE	-	-	1	const val DONE = 2
kotlin.sequences	var	Double	-	-	9	var sum: Double = 0.0
kotlin.sequences	fun	drop	-	-	5	private fun drop() {
kotlin.sequences	class	DropSequence	-	-	1	internal class DropSequence<T>(
kotlin.sequences	interface	DropTakeSequence	-	-	1	internal interface DropTakeSequence<T> : Sequence<T> {
kotlin.sequences	fun	dropWhile	-	-	1	public fun <T> Sequence<T>.dropWhile(predicate: (T) -> Boolean): Sequence<T> {
kotlin.sequences	class	DropWhileSequence	-	-	1	internal class DropWhileSequence<T>
kotlin.sequences	val	dst	-	-	2	val dst = ArrayList<T>()
kotlin.sequences	val	e	-	-	20	val e = iterator.next()
kotlin.sequences	val	element	-	-	5	val element = it.next()
kotlin.sequences	fun	elementAt	-	-	1	public fun <T> Sequence<T>.elementAt(index: Int): T {
kotlin.sequences	fun	elementAtOrElse	-	-	1	public fun <T> Sequence<T>.elementAtOrElse(index: Int, defaultValue: (Int) -> T): T {
kotlin.sequences	fun	elementAtOrNull	-	-	1	public fun <T> Sequence<T>.elementAtOrNull(index: Int): T? {
kotlin.sequences	fun	emptySequence	-	-	1	public fun <T> emptySequence(): Sequence<T> = EmptySequence
kotlin.sequences	object	EmptySequence	-	-	1	private object EmptySequence : Sequence<Nothing>, DropTakeSequence<Nothing> {
kotlin.sequences	fun	ensureItemIterator	-	-	1	private fun ensureItemIterator(): Boolean {
kotlin.sequences	fun	exceptionalState	-	-	1	private fun exceptionalState(): Throwable = when (state) {
kotlin.sequences	fun	filter	-	-	1	public fun <T> Sequence<T>.filter(predicate: (T) -> Boolean): Sequence<T> {
kotlin.sequences	fun	filterIndexed	-	-	1	public fun <T> Sequence<T>.filterIndexed(predicate: (index: Int, T) -> Boolean): Sequence<T> {
kotlin.sequences	fun	filterIndexedTo	-	-	1	public inline fun <T, C : MutableCollection<in T>> Sequence<T>.filterIndexedTo(destination: C, predicate: (index: Int, T) -> Boolean): C {
kotlin.sequences	class	FilteringSequence	-	-	1	internal class FilteringSequence<T>(
kotlin.sequences	fun	filterIsInstance	-	-	2	public fun <R> Sequence<*>.filterIsInstance(klass: Class<R>): Sequence<R> {
kotlin.sequences	fun	filterIsInstanceTo	-	-	2	public inline fun <reified R, C : MutableCollection<in R>> Sequence<*>.filterIsInstanceTo(destination: C): C {
kotlin.sequences	fun	filterNot	-	-	1	public fun <T> Sequence<T>.filterNot(predicate: (T) -> Boolean): Sequence<T> {
kotlin.sequences	fun	filterNotNull	-	-	1	public fun <T : Any> Sequence<T?>.filterNotNull(): Sequence<T> {
kotlin.sequences	fun	filterNotNullTo	-	-	1	public fun <C : MutableCollection<in T>, T : Any> Sequence<T?>.filterNotNullTo(destination: C): C {
kotlin.sequences	fun	filterNotTo	-	-	1	public inline fun <T, C : MutableCollection<in T>> Sequence<T>.filterNotTo(destination: C, predicate: (T) -> Boolean): C {
kotlin.sequences	fun	filterTo	-	-	1	public inline fun <T, C : MutableCollection<in T>> Sequence<T>.filterTo(destination: C, predicate: (T) -> Boolean): C {
kotlin.sequences	fun	find	-	-	1	public inline fun <T> Sequence<T>.find(predicate: (T) -> Boolean): T? {
kotlin.sequences	fun	findLast	-	-	1	public inline fun <T> Sequence<T>.findLast(predicate: (T) -> Boolean): T? {
kotlin.sequences	fun	first	-	-	2	public fun <T> Sequence<T>.first(): T {
kotlin.sequences	val	first	-	-	1	val first = ArrayList<T>()
kotlin.sequences	fun	firstNotNullOf	-	1.5	1	public inline fun <T, R : Any> Sequence<T>.firstNotNullOf(transform: (T) -> R?): R {
kotlin.sequences	fun	firstNotNullOfOrNull	-	1.5	1	public inline fun <T, R : Any> Sequence<T>.firstNotNullOfOrNull(transform: (T) -> R?): R? {
kotlin.sequences	fun	firstOrNull	-	-	2	public fun <T> Sequence<T>.firstOrNull(): T? {
kotlin.sequences	fun	flatMap	-	1.4	2	public fun <T, R> Sequence<T>.flatMap(transform: (T) -> Iterable<R>): Sequence<R> {
kotlin.sequences	fun	flatMapIndexed	-	1.4	3	public fun <T, R> Sequence<T>.flatMapIndexed(transform: (index: Int, T) -> Iterable<R>): Sequence<R> {
kotlin.sequences	fun	flatMapIndexedTo	-	1.4	2	public inline fun <T, R, C : MutableCollection<in R>> Sequence<T>.flatMapIndexedTo(destination: C, transform: (index: Int, T) -> Iterable<R>): C {
kotlin.sequences	fun	flatMapTo	-	1.4	2	public inline fun <T, R, C : MutableCollection<in R>> Sequence<T>.flatMapTo(destination: C, transform: (T) -> Iterable<R>): C {
kotlin.sequences	fun	flatten	-	-	4	internal fun <E> flatten(iterator: (R) -> Iterator<E>): Sequence<E> {
kotlin.sequences	class	FlatteningSequence	-	-	1	internal class FlatteningSequence<T, R, E>
kotlin.sequences	var	Float	-	-	1	var sum: Float = 0.0f
kotlin.sequences	fun	fold	-	-	1	public inline fun <T, R> Sequence<T>.fold(initial: R, operation: (acc: R, T) -> R): R {
kotlin.sequences	fun	foldIndexed	-	-	1	public inline fun <T, R> Sequence<T>.foldIndexed(initial: R, operation: (index: Int, acc: R, T) -> R): R {
kotlin.sequences	fun	forEach	-	-	1	public inline fun <T> Sequence<T>.forEach(action: (T) -> Unit): Unit {
kotlin.sequences	fun	forEachIndexed	-	-	1	public inline fun <T> Sequence<T>.forEachIndexed(action: (index: Int, T) -> Unit): Unit {
kotlin.sequences	var	found	-	-	3	var found = false
kotlin.sequences	fun	generateSequence	-	-	3	public fun <T : Any> generateSequence(nextFunction: () -> T?): Sequence<T> {
kotlin.sequences	class	GeneratorSequence	-	-	1	private class GeneratorSequence<T : Any>(private val getInitialValue: () -> T?, private val getNextValue: (T) -> T?) : Sequence<T> {
kotlin.sequences	val	get	-	-	1	private val count: Int get() = endIndex - startIndex
kotlin.sequences	fun	groupBy	-	-	2	public inline fun <T, K> Sequence<T>.groupBy(keySelector: (T) -> K): Map<K, List<T>> {
kotlin.sequences	fun	groupByTo	-	-	2	public inline fun <T, K, M : MutableMap<in K, MutableList<T>>> Sequence<T>.groupByTo(destination: M, keySelector: (T) -> K): M {
kotlin.sequences	fun	groupingBy	-	1.1	1	public inline fun <T, K> Sequence<T>.groupingBy(crossinline keySelector: (T) -> K): Grouping<T, K> {
kotlin.sequences	fun	ifEmpty	-	1.3	1	public fun <T> Sequence<T>.ifEmpty(defaultValue: () -> Sequence<T>): Sequence<T> = sequence {
kotlin.sequences	var	index	-	-	16	var index = 0
kotlin.sequences	class	IndexingSequence	-	-	1	internal class IndexingSequence<T>
kotlin.sequences	fun	indexOf	-	-	1	public fun <@kotlin.internal.OnlyInputTypes T> Sequence<T>.indexOf(element: T): Int {
kotlin.sequences	fun	indexOfFirst	-	-	1	public inline fun <T> Sequence<T>.indexOfFirst(predicate: (T) -> Boolean): Int {
kotlin.sequences	fun	indexOfLast	-	-	1	public inline fun <T> Sequence<T>.indexOfLast(predicate: (T) -> Boolean): Int {
kotlin.sequences	var	Int	-	-	15	var sum: Int = 0
kotlin.sequences	val	Int	-	-	4	private val count: Int
kotlin.sequences	val	it	-	-	2	val it = iterator()
kotlin.sequences	val	item	-	-	3	val item = iterator.next()
kotlin.sequences	val	itemIterator	-	-	1	val itemIterator = itemIterator
kotlin.sequences	val	iterator	-	-	63	val iterator = iterator()
kotlin.sequences	fun	iterator	-	1.3	2	public operator fun iterator(): Iterator<T>
kotlin.sequences	val	Iterator	-	-	1	private val iterator: (R) -> Iterator<E>
kotlin.sequences	val	iterator1	-	-	1	val iterator1 = sequence1.iterator()
kotlin.sequences	val	iterator2	-	-	1	val iterator2 = sequence2.iterator()
kotlin.sequences	val	j	-	-	1	val j = random.nextInt(buffer.size)
kotlin.sequences	fun	joinTo	-	-	1	public fun <T, A : Appendable> Sequence<T>.joinTo(buffer: A, separator: CharSequence = ", ", prefix: CharSequence = "", postfix: CharSequence = "", limit: Int = -1, truncated: CharSequence = "...", transform: ((T) -> CharSequence)? = null): A {
kotlin.sequences	fun	joinToString	-	-	1	public fun <T> Sequence<T>.joinToString(separator: CharSequence = ", ", prefix: CharSequence = "", postfix: CharSequence = "", limit: Int = -1, truncated: CharSequence = "...", transform: ((T) -> CharSequence)? = null): String {
kotlin.sequences	val	key	-	-	3	val key = keySelector(next)
kotlin.sequences	fun	last	-	-	2	public fun <T> Sequence<T>.last(): T {
kotlin.sequences	var	last	-	-	2	var last = iterator.next()
kotlin.sequences	val	last	-	-	1	val last = buffer.removeLast()
kotlin.sequences	var	lastIndex	-	-	2	var lastIndex = -1
kotlin.sequences	fun	lastIndexOf	-	-	1	public fun <@kotlin.internal.OnlyInputTypes T> Sequence<T>.lastIndexOf(element: T): Int {
kotlin.sequences	fun	lastOrNull	-	-	2	public fun <T> Sequence<T>.lastOrNull(): T? {
kotlin.sequences	var	left	-	-	2	var left = count
kotlin.sequences	val	list	-	-	6	val list = transform(element)
kotlin.sequences	val	listR	-	-	1	val listR = ArrayList<R>()
kotlin.sequences	val	listT	-	-	1	val listT = ArrayList<T>()
kotlin.sequences	var	Long	-	-	2	var sum: Long = 0L
kotlin.sequences	fun	map	-	-	1	public fun <T, R> Sequence<T>.map(transform: (T) -> R): Sequence<R> {
kotlin.sequences	fun	mapIndexed	-	-	1	public fun <T, R> Sequence<T>.mapIndexed(transform: (index: Int, T) -> R): Sequence<R> {
kotlin.sequences	fun	mapIndexedNotNull	-	-	1	public fun <T, R : Any> Sequence<T>.mapIndexedNotNull(transform: (index: Int, T) -> R?): Sequence<R> {
kotlin.sequences	fun	mapIndexedNotNullTo	-	-	1	public inline fun <T, R : Any, C : MutableCollection<in R>> Sequence<T>.mapIndexedNotNullTo(destination: C, transform: (index: Int, T) -> R?): C {
kotlin.sequences	fun	mapIndexedTo	-	-	1	public inline fun <T, R, C : MutableCollection<in R>> Sequence<T>.mapIndexedTo(destination: C, transform: (index: Int, T) -> R): C {
kotlin.sequences	fun	mapNotNull	-	-	1	public fun <T, R : Any> Sequence<T>.mapNotNull(transform: (T) -> R?): Sequence<R> {
kotlin.sequences	fun	mapNotNullTo	-	-	1	public inline fun <T, R : Any, C : MutableCollection<in R>> Sequence<T>.mapNotNullTo(destination: C, transform: (T) -> R?): C {
kotlin.sequences	fun	mapTo	-	-	1	public inline fun <T, R, C : MutableCollection<in R>> Sequence<T>.mapTo(destination: C, transform: (T) -> R): C {
kotlin.sequences	fun	max	-	1.1,1.7	6	public fun Sequence<Float>.max(): Float {
kotlin.sequences	var	max	-	-	8	var max = iterator.next()
kotlin.sequences	fun	maxBy	-	1.7	2	public inline fun <T, R : Comparable<R>> Sequence<T>.maxBy(selector: (T) -> R): T {
kotlin.sequences	fun	maxByOrNull	-	1.4	1	public inline fun <T, R : Comparable<R>> Sequence<T>.maxByOrNull(selector: (T) -> R): T? {
kotlin.sequences	var	maxElem	-	-	2	var maxElem = iterator.next()
kotlin.sequences	fun	maxOf	-	1.4	3	public inline fun <T> Sequence<T>.maxOf(selector: (T) -> Float): Float {
kotlin.sequences	fun	maxOfOrNull	-	1.4	3	public inline fun <T> Sequence<T>.maxOfOrNull(selector: (T) -> Float): Float? {
kotlin.sequences	fun	maxOfWith	-	1.4	1	public inline fun <T, R> Sequence<T>.maxOfWith(comparator: Comparator<in R>, selector: (T) -> R): R {
kotlin.sequences	fun	maxOfWithOrNull	-	1.4	1	public inline fun <T, R> Sequence<T>.maxOfWithOrNull(comparator: Comparator<in R>, selector: (T) -> R): R? {
kotlin.sequences	fun	maxOrNull	-	1.4	3	public fun Sequence<Float>.maxOrNull(): Float? {
kotlin.sequences	var	maxValue	-	-	10	var maxValue = selector(maxElem)
kotlin.sequences	fun	maxWith	-	1.7	2	public fun <T> Sequence<T>.maxWith(comparator: Comparator<in T>): T {
kotlin.sequences	fun	maxWithOrNull	-	1.4	1	public fun <T> Sequence<T>.maxWithOrNull(comparator: Comparator<in T>): T? {
kotlin.sequences	class	MergingSequence	-	-	1	internal class MergingSequence<T1, T2, V>
kotlin.sequences	fun	min	-	1.1,1.7	6	public fun Sequence<Float>.min(): Float {
kotlin.sequences	var	min	-	-	8	var min = iterator.next()
kotlin.sequences	fun	minBy	-	1.7	2	public inline fun <T, R : Comparable<R>> Sequence<T>.minBy(selector: (T) -> R): T {
kotlin.sequences	fun	minByOrNull	-	1.4	1	public inline fun <T, R : Comparable<R>> Sequence<T>.minByOrNull(selector: (T) -> R): T? {
kotlin.sequences	var	minElem	-	-	2	var minElem = iterator.next()
kotlin.sequences	fun	minOf	-	1.4	3	public inline fun <T> Sequence<T>.minOf(selector: (T) -> Float): Float {
kotlin.sequences	fun	minOfOrNull	-	1.4	3	public inline fun <T> Sequence<T>.minOfOrNull(selector: (T) -> Float): Float? {
kotlin.sequences	fun	minOfWith	-	1.4	1	public inline fun <T, R> Sequence<T>.minOfWith(comparator: Comparator<in R>, selector: (T) -> R): R {
kotlin.sequences	fun	minOfWithOrNull	-	1.4	1	public inline fun <T, R> Sequence<T>.minOfWithOrNull(comparator: Comparator<in R>, selector: (T) -> R): R? {
kotlin.sequences	fun	minOrNull	-	1.4	3	public fun Sequence<Float>.minOrNull(): Float? {
kotlin.sequences	fun	minus	-	-	4	public operator fun <T> Sequence<T>.minus(element: T): Sequence<T> {
kotlin.sequences	fun	minusElement	-	-	1	public inline fun <T> Sequence<T>.minusElement(element: T): Sequence<T> {
kotlin.sequences	var	minValue	-	-	10	var minValue = selector(minElem)
kotlin.sequences	fun	minWith	-	1.7	2	public fun <T> Sequence<T>.minWith(comparator: Comparator<in T>): T {
kotlin.sequences	fun	minWithOrNull	-	1.4	1	public fun <T> Sequence<T>.minWithOrNull(comparator: Comparator<in T>): T? {
kotlin.sequences	val	next	-	-	2	val next = source.next()
kotlin.sequences	val	nextItemIterator	-	-	1	val nextItemIterator = iterator(transformer(element))
kotlin.sequences	fun	nextNotReady	-	-	1	private fun nextNotReady(): T {
kotlin.sequences	fun	none	-	-	2	public fun <T> Sequence<T>.none(): Boolean {
kotlin.sequences	val	observed	-	-	1	private val observed = HashSet<K>()
kotlin.sequences	fun	onEach	-	1.1	1	public fun <T> Sequence<T>.onEach(action: (T) -> Unit): Sequence<T> {
kotlin.sequences	fun	onEachIndexed	-	1.4	1	public fun <T> Sequence<T>.onEachIndexed(action: (index: Int, T) -> Unit): Sequence<T> {
kotlin.sequences	fun	orEmpty	-	1.3	1	public inline fun <T> Sequence<T>?.orEmpty(): Sequence<T> = this ?: emptySequence()
kotlin.sequences	val	other	-	-	2	val other = elements.toList()
kotlin.sequences	fun	partition	-	-	1	public inline fun <T> Sequence<T>.partition(predicate: (T) -> Boolean): Pair<List<T>, List<T>> {
kotlin.sequences	fun	plus	-	-	4	public operator fun <T> Sequence<T>.plus(element: T): Sequence<T> {
kotlin.sequences	fun	plusElement	-	-	1	public inline fun <T> Sequence<T>.plusElement(element: T): Sequence<T> {
kotlin.sequences	var	position	-	-	1	var position = 0
kotlin.sequences	val	R	-	-	1	private val transformer: (T) -> R,
kotlin.sequences	val	READY	-	-	1	const val READY = 1
kotlin.sequences	fun	reduce	-	-	1	public inline fun <S, T : S> Sequence<T>.reduce(operation: (acc: S, T) -> S): S {
kotlin.sequences	fun	reduceIndexed	-	-	1	public inline fun <S, T : S> Sequence<T>.reduceIndexed(operation: (index: Int, acc: S, T) -> S): S {
kotlin.sequences	fun	reduceIndexedOrNull	-	1.4	1	public inline fun <S, T : S> Sequence<T>.reduceIndexedOrNull(operation: (index: Int, acc: S, T) -> S): S? {
kotlin.sequences	fun	reduceOrNull	-	1.4	1	public inline fun <S, T : S> Sequence<T>.reduceOrNull(operation: (acc: S, T) -> S): S? {
kotlin.sequences	var	removed	-	-	1	var removed = false
kotlin.sequences	fun	requireNoNulls	-	-	1	public fun <T : Any> Sequence<T?>.requireNoNulls(): Sequence<T> {
kotlin.sequences	val	result	-	-	8	val result = nextItem
kotlin.sequences	fun	runningFold	-	1.4	1	public fun <T, R> Sequence<T>.runningFold(initial: R, operation: (acc: R, T) -> R): Sequence<R> {
kotlin.sequences	fun	runningFoldIndexed	-	1.4	1	public fun <T, R> Sequence<T>.runningFoldIndexed(initial: R, operation: (index: Int, acc: R, T) -> R): Sequence<R> {
kotlin.sequences	fun	runningReduce	-	1.4	1	public fun <S, T : S> Sequence<T>.runningReduce(operation: (acc: S, T) -> S): Sequence<S> {
kotlin.sequences	fun	runningReduceIndexed	-	1.4	1	public fun <S, T : S> Sequence<T>.runningReduceIndexed(operation: (index: Int, acc: S, T) -> S): Sequence<S> {
kotlin.sequences	var	S	-	-	6	var accumulator: S = iterator.next()
kotlin.sequences	fun	scan	-	1.4	1	public fun <T, R> Sequence<T>.scan(initial: R, operation: (acc: R, T) -> R): Sequence<R> {
kotlin.sequences	fun	scanIndexed	-	1.4	1	public fun <T, R> Sequence<T>.scanIndexed(initial: R, operation: (index: Int, acc: R, T) -> R): Sequence<R> {
kotlin.sequences	val	second	-	-	1	val second = ArrayList<T>()
kotlin.sequences	fun	sequence	-	1.3	1	public fun <T> sequence(@BuilderInference block: suspend SequenceScope<T>.() -> Unit): Sequence<T> = Sequence { iterator(block) }
kotlin.sequences	val	sequence	-	-	1	val sequence = sequenceRef.getAndSet(null) ?: throw IllegalStateException("This sequence can be consumed only once.")
kotlin.sequences	interface	Sequence	-	-	1	public interface Sequence<out T> {
kotlin.sequences	fun	Sequence	-	-	1	public inline fun <T> Sequence(crossinline iterator: () -> Iterator<T>): Sequence<T> = object : Sequence<T> {
kotlin.sequences	class	SequenceBuilderIterator	-	-	1	private class SequenceBuilderIterator<T> : SequenceScope<T>(), Iterator<T>, Continuation<Unit> {
kotlin.sequences	fun	sequenceOf	-	2.2	3	public fun <T> sequenceOf(element: T): Sequence<T> = Sequence {
kotlin.sequences	val	sequenceRef	-	-	1	private val sequenceRef = java.util.concurrent.atomic.AtomicReference(sequence)
kotlin.sequences	class	SequenceScope	-	1.3	1	public abstract class SequenceScope<in T> internal constructor() {
kotlin.sequences	val	set	-	-	1	val set = LinkedHashSet<T>()
kotlin.sequences	fun	shuffled	-	1.4	2	public fun <T> Sequence<T>.shuffled(): Sequence<T> = shuffled(Random)
kotlin.sequences	fun	single	-	-	2	public fun <T> Sequence<T>.single(): T {
kotlin.sequences	val	single	-	-	2	val single = iterator.next()
kotlin.sequences	fun	singleOrNull	-	-	2	public fun <T> Sequence<T>.singleOrNull(): T? {
kotlin.sequences	fun	sorted	-	-	1	public fun <T : Comparable<T>> Sequence<T>.sorted(): Sequence<T> {
kotlin.sequences	fun	sortedBy	-	-	1	public inline fun <T, R : Comparable<R>> Sequence<T>.sortedBy(crossinline selector: (T) -> R?): Sequence<T> {
kotlin.sequences	fun	sortedByDescending	-	-	1	public inline fun <T, R : Comparable<R>> Sequence<T>.sortedByDescending(crossinline selector: (T) -> R?): Sequence<T> {
kotlin.sequences	fun	sortedDescending	-	-	1	public fun <T : Comparable<T>> Sequence<T>.sortedDescending(): Sequence<T> {
kotlin.sequences	val	sortedList	-	-	2	val sortedList = this@sorted.toMutableList()
kotlin.sequences	fun	sortedWith	-	-	1	public fun <T> Sequence<T>.sortedWith(comparator: Comparator<in T>): Sequence<T> {
kotlin.sequences	var	state	-	-	2	var state = State.UNDEFINED
kotlin.sequences	typealias	State	-	-	1	private typealias State = Int
kotlin.sequences	val	State	-	-	6	private const val State_Done: State = 4
kotlin.sequences	object	State	-	-	1	private object State {
kotlin.sequences	val	step	-	-	1	val step = nextStep!!
kotlin.sequences	class	SubSequence	-	-	1	internal class SubSequence<T>(
kotlin.sequences	fun	sum	-	1.5	10	public fun Sequence<Int>.sum(): Int {
kotlin.sequences	fun	sumBy	-	-	1	public inline fun <T> Sequence<T>.sumBy(selector: (T) -> Int): Int {
kotlin.sequences	fun	sumByDouble	-	-	1	public inline fun <T> Sequence<T>.sumByDouble(selector: (T) -> Double): Double {
kotlin.sequences	fun	sumOf	-	1.4,1.5	7	public inline fun <T> Sequence<T>.sumOf(selector: (T) -> Int): Int {
kotlin.sequences	var	T	-	-	9	var last: T? = null
kotlin.sequences	fun	take	-	-	2	fun take(n: Int): Sequence<T>
kotlin.sequences	class	TakeSequence	-	-	1	internal class TakeSequence<T>(
kotlin.sequences	fun	takeWhile	-	-	1	public fun <T> Sequence<T>.takeWhile(predicate: (T) -> Boolean): Sequence<T> {
kotlin.sequences	class	TakeWhileSequence	-	-	1	internal class TakeWhileSequence<T>
kotlin.sequences	fun	toCollection	-	-	1	public fun <T, C : MutableCollection<in T>> Sequence<T>.toCollection(destination: C): C {
kotlin.sequences	fun	toHashSet	-	-	1	public fun <T> Sequence<T>.toHashSet(): HashSet<T> {
kotlin.sequences	fun	toList	-	-	1	public fun <T> Sequence<T>.toList(): List<T> {
kotlin.sequences	fun	toMutableList	-	-	1	public fun <T> Sequence<T>.toMutableList(): MutableList<T> {
kotlin.sequences	fun	toMutableSet	-	-	1	public fun <T> Sequence<T>.toMutableSet(): MutableSet<T> {
kotlin.sequences	fun	toSet	-	-	1	public fun <T> Sequence<T>.toSet(): Set<T> {
kotlin.sequences	fun	toSortedSet	-	-	2	public fun <T : Comparable<T>> Sequence<T>.toSortedSet(): java.util.SortedSet<T> {
kotlin.sequences	class	TransformingIndexedSequence	-	-	1	internal class TransformingIndexedSequence<T, R>
kotlin.sequences	class	TransformingSequence	-	-	1	internal class TransformingSequence<T, R>
kotlin.sequences	var	UInt	-	-	4	var sum: UInt = 0u
kotlin.sequences	var	ULong	-	-	2	var sum: ULong = 0uL
kotlin.sequences	val	UNDEFINED	-	-	1	const val UNDEFINED = 0
kotlin.sequences	fun	unzip	-	-	1	public fun <T, R> Sequence<Pair<T, R>>.unzip(): Pair<List<T>, List<R>> {
kotlin.sequences	val	v	-	-	20	val v = selector(e)
kotlin.sequences	val	V	-	-	1	private val transform: (T1, T2) -> V
kotlin.sequences	val	value	-	-	1	val value = if (j < buffer.size) buffer.set(j, last) else last
kotlin.sequences	fun	windowed	-	1.2	2	public fun <T> Sequence<T>.windowed(size: Int, step: Int = 1, partialWindows: Boolean = false): Sequence<List<T>> {
kotlin.sequences	fun	withIndex	-	-	1	public fun <T> Sequence<T>.withIndex(): Sequence<IndexedValue<T>> {
kotlin.sequences	fun	yield	-	-	1	public abstract suspend fun yield(value: T)
kotlin.sequences	fun	yieldAll	-	-	3	public suspend fun yieldAll(elements: Iterable<T>) {
kotlin.sequences	fun	zip	-	-	2	public infix fun <T, R> Sequence<T>.zip(other: Sequence<R>): Sequence<Pair<T, R>> {
kotlin.sequences	fun	zipWithNext	-	1.2	2	public fun <T> Sequence<T>.zipWithNext(): Sequence<Pair<T, T>> {
kotlin.streams	fun	asSequence	-	1.2	4	public fun IntStream.asSequence(): Sequence<Int> = Sequence { iterator() }
kotlin.streams	fun	asStream	-	1.2	1	public fun <T> Sequence<T>.asStream(): Stream<T> =
kotlin.streams	fun	toList	-	1.2	4	public fun IntStream.toList(): List<Int> = toArray().asList()
kotlin.system	fun	exitProcess	-	-	1	public inline fun exitProcess(status: Int): Nothing {
kotlin.system	fun	measureNanoTime	-	-	1	public inline fun measureNanoTime(block: () -> Unit): Long {
kotlin.system	fun	measureTimeMillis	-	-	1	public inline fun measureTimeMillis(block: () -> Unit): Long {
kotlin.system	val	start	-	-	2	val start = System.nanoTime()
kotlin.text	var	_delimiterLength	-	-	1	var _delimiterLength = -1
kotlin.text	var	_delimiterStartIndex	-	-	1	var _delimiterStartIndex = string.length
kotlin.text	var	accumulator	-	-	16	var accumulator = initial
kotlin.text	fun	advanceAndValidateMantissa	String	-	1	private inline fun String.advanceAndValidateMantissa(start: Int, endInclusive: Int, hexFormat: Boolean, predicate: (Char) -> Boolean): Int {
kotlin.text	fun	advanceWhile	String	-	1	private inline fun String.advanceWhile(start: Int, endInclusive: Int, predicate: (Char) -> Boolean): Int {
kotlin.text	fun	all	CharSequence	-	1	public inline fun CharSequence.all(predicate: (Char) -> Boolean): Boolean {
kotlin.text	fun	any	CharSequence	-	2	public fun CharSequence.any(): Boolean {
kotlin.text	fun	append	-	1.3,1.4,1.9	20	public fun append(value: Char): Appendable
kotlin.text	interface	Appendable	-	-	1	public expect interface Appendable {
kotlin.text	typealias	Appendable	-	1.1	1	@SinceKotlin("1.1") public actual typealias Appendable = java.lang.Appendable
kotlin.text	fun	appendElement	Appendable	-	1	internal fun <T> Appendable.appendElement(element: T, transform: ((T) -> CharSequence)?) {
kotlin.text	fun	appendLine	Appendable	1.4,1.9	24	public inline fun Appendable.appendLine(): Appendable = append('\n')
kotlin.text	fun	appendln	Appendable	-	18	public fun Appendable.appendln(): Appendable = append(SystemProperties.LINE_SEPARATOR)
kotlin.text	fun	appendOptionsTo	-	-	2	internal fun appendOptionsTo(sb: StringBuilder, indent: String): StringBuilder {
kotlin.text	fun	appendRange	T	1.4	5	public fun <T : Appendable> T.appendRange(value: CharSequence, startIndex: Int, endIndex: Int): T {
kotlin.text	fun	asciiLetterToLowerCaseCode	Char	-	1	private inline fun Char.asciiLetterToLowerCaseCode(): Int = this.code or 0x20
kotlin.text	fun	asIterable	CharSequence	-	1	public fun CharSequence.asIterable(): Iterable<Char> {
kotlin.text	fun	asSequence	CharSequence	-	1	public fun CharSequence.asSequence(): Sequence<Char> {
kotlin.text	fun	associate	CharSequence	-	1	public inline fun <K, V> CharSequence.associate(transform: (Char) -> Pair<K, V>): Map<K, V> {
kotlin.text	fun	associateBy	CharSequence	-	2	public inline fun <K> CharSequence.associateBy(keySelector: (Char) -> K): Map<K, Char> {
kotlin.text	fun	associateByTo	CharSequence	-	2	public inline fun <K, M : MutableMap<in K, in Char>> CharSequence.associateByTo(destination: M, keySelector: (Char) -> K): M {
kotlin.text	fun	associateTo	CharSequence	-	1	public inline fun <K, V, M : MutableMap<in K, in V>> CharSequence.associateTo(destination: M, transform: (Char) -> Pair<K, V>): M {
kotlin.text	fun	associateWith	CharSequence	1.3	1	public inline fun <V> CharSequence.associateWith(valueSelector: (Char) -> V): Map<Char, V> {
kotlin.text	fun	associateWithTo	CharSequence	1.3	1	public inline fun <V, M : MutableMap<in Char, in V>> CharSequence.associateWithTo(destination: M, valueSelector: (Char) -> V): M {
kotlin.text	fun	backtrackWhile	String	-	1	private inline fun String.backtrackWhile(start: Int, endInclusive: Int, predicate: (Char) -> Boolean): Int {
kotlin.text	val	beforeAdding	-	-	2	val beforeAdding = result
kotlin.text	val	between	-	-	1	val between = byteSuffix + byteSeparator + bytePrefix
kotlin.text	var	BigDecimal	java.math	-	1	var sum: java.math.BigDecimal = 0.toBigDecimal()
kotlin.text	var	BigInteger	java.math	-	1	var sum: java.math.BigInteger = 0.toBigInteger()
kotlin.text	val	Boolean	-	-	10	val isNegative: Boolean
kotlin.text	var	Boolean	-	-	2	public var upperCase: Boolean = Default.upperCase
kotlin.text	fun	build	-	-	3	internal fun build(): HexFormat {
kotlin.text	class	Builder	-	-	3	public class Builder internal constructor() {
kotlin.text	val	Builder	BytesHexFormat	-	2	public val bytes: BytesHexFormat.Builder
kotlin.text	var	Builder	BytesHexFormat	-	2	private var _bytes: BytesHexFormat.Builder? = null
kotlin.text	fun	buildString	-	1.1	2	public inline fun buildString(builderAction: StringBuilder.() -> Unit): String {
kotlin.text	val	byte	-	-	1	val byte = this[index].toInt() and 0xFF
kotlin.text	val	BYTE_TO_LOWER_CASE_HEX_DIGITS	-	-	1	internal val BYTE_TO_LOWER_CASE_HEX_DIGITS = IntArray(256) {
kotlin.text	val	BYTE_TO_UPPER_CASE_HEX_DIGITS	-	-	1	private val BYTE_TO_UPPER_CASE_HEX_DIGITS = IntArray(256) {
kotlin.text	val	byteArray	-	-	4	val byteArray = ByteArray(parseMaxSize)
kotlin.text	val	byteBuffer	-	-	1	val byteBuffer = encoder.encode(CharBuffer.wrap(this, startIndex, endIndex))
kotlin.text	val	byteDigits	-	-	1	val byteDigits = byteToDigits[byte]
kotlin.text	var	byteIndex	-	-	1	var byteIndex = 0
kotlin.text	val	bytePrefix	-	-	4	val bytePrefix = bytesFormat.bytePrefix
kotlin.text	fun	bytes	-	-	1	public inline fun bytes(builderAction: BytesHexFormat.Builder.() -> Unit) {
kotlin.text	val	byteSeparator	-	-	4	val byteSeparator = bytesFormat.byteSeparator
kotlin.text	val	byteSeparatorChar	-	-	2	val byteSeparatorChar = bytesFormat.byteSeparator[0]
kotlin.text	val	byteSeparatorLength	-	-	3	val byteSeparatorLength = byteSeparator.length
kotlin.text	val	byteSeparators	-	-	1	val byteSeparators = numberOfBytes - 1 - lineSeparators - groupSeparators
kotlin.text	val	bytesFormat	-	-	2	val bytesFormat = format.bytes
kotlin.text	val	BytesHexFormat	-	-	1	public val bytes: BytesHexFormat,
kotlin.text	class	BytesHexFormat	-	-	1	public class BytesHexFormat internal constructor(
kotlin.text	val	bytesInLastLine	-	-	1	val bytesInLastLine = (numberOfBytes % bytesPerLine).let { if (it == 0) bytesPerLine else it }
kotlin.text	val	bytesPerGroup	-	-	2	val bytesPerGroup = bytesFormat.bytesPerGroup
kotlin.text	val	bytesPerLastGroupInLine	-	-	1	val bytesPerLastGroupInLine = bytesPerLine % bytesPerGroup
kotlin.text	val	bytesPerLine	-	-	2	val bytesPerLine = bytesFormat.bytesPerLine
kotlin.text	val	byteSuffix	-	-	4	val byteSuffix = bytesFormat.byteSuffix
kotlin.text	val	byteToDigits	-	-	1	val byteToDigits = if (format.upperCase) BYTE_TO_UPPER_CASE_HEX_DIGITS else BYTE_TO_LOWER_CASE_HEX_DIGITS
kotlin.text	val	c	-	-	1	val c = string[idx]
kotlin.text	fun	calcNext	-	-	1	private fun calcNext() {
kotlin.text	val	capacity	-	-	3	val capacity = mapCapacity(length).coerceAtLeast(16)
kotlin.text	fun	capacity	-	1.3	1	public fun capacity(): Int
kotlin.text	fun	capitalize	String	1.4	3	public expect fun String.capitalize(): String
kotlin.text	val	char	-	-	2	val char = chars.single()
kotlin.text	var	Char	-	-	2	var single: Char? = null
kotlin.text	val	Char	-	1.6	41	public const val tm: Char = '\u2122'
kotlin.text	class	CharacterCodingException	-	1.4	1	public expect open class CharacterCodingException() : Exception
kotlin.text	typealias	CharacterCodingException	-	1.4	1	public actual typealias CharacterCodingException = java.nio.charset.CharacterCodingException
kotlin.text	val	charArray	-	-	9	val charArray = CharArray(2)
kotlin.text	val	charAtIndex	-	-	2	val charAtIndex = get(index)
kotlin.text	val	CharCategory	-	1.5	2	public expect val Char.category: CharCategory
kotlin.text	class	CharCategory	-	1.5	2	public expect enum class CharCategory {
kotlin.text	class	CharDirectionality	-	-	1	public enum class CharDirectionality(public val value: Int) {
kotlin.text	var	charIndex	-	-	7	var charIndex = 0
kotlin.text	val	CharSequence	-	-	1	private val input: CharSequence,
kotlin.text	fun	charset	-	-	1	public inline fun charset(charsetName: String): Charset = Charset.forName(charsetName)
kotlin.text	val	Charset	-	-	12	public val UTF_32: Charset
kotlin.text	var	Charset	-	-	3	private var utf_32: Charset? = null
kotlin.text	object	Charsets	-	-	1	public object Charsets {
kotlin.text	val	charsPerByte	-	-	3	val charsPerByte = bytePrefixLength + 2L + byteSuffixLength
kotlin.text	val	charsPerGroup	-	-	1	val charsPerGroup = charsPerSet(charsPerByte, bytesPerGroup, byteSeparatorLength)
kotlin.text	val	charsPerLine	-	-	1	val charsPerLine = if (bytesPerLine <= bytesPerGroup) {
kotlin.text	fun	charsPerSet	-	-	1	private fun charsPerSet(charsPerElement: Long, elementsPerSet: Int, elementSeparatorLength: Int): Long {
kotlin.text	fun	checkContainsAt	String	-	1	private inline fun String.checkContainsAt(index: Int, endIndex: Int, part: String, ignoreCase: Boolean, partName: String): Int {
kotlin.text	fun	checkFormatLength	-	-	1	private fun checkFormatLength(formatLength: Long): Int {
kotlin.text	fun	checkNewLineAt	String	-	1	private fun String.checkNewLineAt(index: Int, endIndex: Int): Int {
kotlin.text	fun	checkNumberOfDigits	String	-	1	private fun String.checkNumberOfDigits(startIndex: Int, endIndex: Int, typeHexLength: Int) {
kotlin.text	var	checkpoint	-	-	1	var checkpoint = start
kotlin.text	fun	checkPrefixSuffixNumberOfDigits	String	-	1	private fun String.checkPrefixSuffixNumberOfDigits(
kotlin.text	fun	checkRadix	-	-	2	internal expect fun checkRadix(radix: Int): Int
kotlin.text	fun	checkZeroDigits	String	-	1	private fun String.checkZeroDigits(startIndex: Int, endIndex: Int) {
kotlin.text	fun	chunked	CharSequence	1.2	2	public fun CharSequence.chunked(size: Int): List<String> {
kotlin.text	fun	chunkedSequence	CharSequence	1.2	2	public fun CharSequence.chunkedSequence(size: Int): Sequence<String> {
kotlin.text	fun	clear	StringBuilder	1.3	2	public expect fun StringBuilder.clear(): StringBuilder
kotlin.text	val	code	-	-	2	val code = this[index].code
kotlin.text	fun	codePointAt	String	-	1	public inline fun String.codePointAt(index: Int): Int = (this as java.lang.String).codePointAt(index)
kotlin.text	fun	codePointBefore	String	-	1	public inline fun String.codePointBefore(index: Int): Int = (this as java.lang.String).codePointBefore(index)
kotlin.text	fun	codePointCount	String	-	1	public inline fun String.codePointCount(beginIndex: Int, endIndex: Int): Int =
kotlin.text	val	coercedEnd	-	-	2	val coercedEnd = if (end < 0 || end > length) length else end
kotlin.text	fun	commonPrefixWith	CharSequence	-	1	public fun CharSequence.commonPrefixWith(other: CharSequence, ignoreCase: Boolean = false): String {
kotlin.text	fun	commonSuffixWith	CharSequence	-	1	public fun CharSequence.commonSuffixWith(other: CharSequence, ignoreCase: Boolean = false): String {
kotlin.text	val	Comparator	-	1.2	2	public expect val String.Companion.CASE_INSENSITIVE_ORDER: Comparator<String>
kotlin.text	fun	compareTo	String	1.2	2	public expect fun String.compareTo(other: String, ignoreCase: Boolean = false): Int
kotlin.text	fun	component1	-	-	1	public operator inline fun component1(): String = match.groupValues[1]
kotlin.text	fun	component10	-	-	1	public operator inline fun component10(): String = match.groupValues[10]
kotlin.text	fun	component2	-	-	1	public operator inline fun component2(): String = match.groupValues[2]
kotlin.text	fun	component3	-	-	1	public operator inline fun component3(): String = match.groupValues[3]
kotlin.text	fun	component4	-	-	1	public operator inline fun component4(): String = match.groupValues[4]
kotlin.text	fun	component5	-	-	1	public operator inline fun component5(): String = match.groupValues[5]
kotlin.text	fun	component6	-	-	1	public operator inline fun component6(): String = match.groupValues[6]
kotlin.text	fun	component7	-	-	1	public operator inline fun component7(): String = match.groupValues[7]
kotlin.text	fun	component8	-	-	1	public operator inline fun component8(): String = match.groupValues[8]
kotlin.text	fun	component9	-	-	1	public operator inline fun component9(): String = match.groupValues[9]
kotlin.text	fun	concatToString	CharArray	1.4	4	public expect fun CharArray.concatToString(): String
kotlin.text	val	constant	-	-	1	val constant = guessNamedFloatConstant(start, endInclusive)
kotlin.text	fun	contains	-	-	5	public operator fun contains(char: Char): Boolean
kotlin.text	fun	containsMatchIn	-	-	2	public fun containsMatchIn(input: CharSequence): Boolean
kotlin.text	fun	contentEquals	CharSequence	1.5	6	public expect infix fun CharSequence?.contentEquals(other: CharSequence?): Boolean
kotlin.text	fun	contentEqualsIgnoreCaseImpl	CharSequence	-	1	internal fun CharSequence?.contentEqualsIgnoreCaseImpl(other: CharSequence?): Boolean {
kotlin.text	fun	contentEqualsImpl	CharSequence	-	1	internal fun CharSequence?.contentEqualsImpl(other: CharSequence?): Boolean {
kotlin.text	fun	count	CharSequence	-	2	public inline fun CharSequence.count(): Int {
kotlin.text	var	count	-	-	1	var count = 0
kotlin.text	var	currentOffset	-	-	1	var currentOffset = 0
kotlin.text	fun	decapitalize	String	1.4	3	public expect fun String.decapitalize(): String
kotlin.text	val	decimal	-	-	1	val decimal = ((value shr shift) and 0xF).toInt()
kotlin.text	fun	decimalFromHexDigitAt	String	-	1	private inline fun String.decimalFromHexDigitAt(index: Int): Int {
kotlin.text	val	decoder	-	-	1	val decoder = Charsets.UTF_8.newDecoder()
kotlin.text	fun	decodeToString	ByteArray	1.4	4	public expect fun ByteArray.decodeToString(
kotlin.text	val	Default	-	-	2	internal val Default = BytesHexFormat(
kotlin.text	fun	deleteAt	StringBuilder	1.4	2	public expect fun StringBuilder.deleteAt(index: Int): StringBuilder
kotlin.text	fun	deleteRange	StringBuilder	1.4	2	public expect fun StringBuilder.deleteRange(startIndex: Int, endIndex: Int): StringBuilder
kotlin.text	class	DelimitedRangesSequence	-	-	1	private class DelimitedRangesSequence(
kotlin.text	val	delimiter	-	-	1	val delimiter = delimiters[0]
kotlin.text	val	delimitersList	-	-	1	val delimitersList = delimiters.asList()
kotlin.text	class	Destructured	-	-	1	public class Destructured internal constructor(public val match: MatchResult) {
kotlin.text	val	digit	-	-	4	val digit = digitOf(this[i], radix)
kotlin.text	fun	digitOf	-	-	2	internal expect fun digitOf(char: Char, radix: Int): Int
kotlin.text	val	digits	-	-	5	val digits = endIndex - startIndex
kotlin.text	val	digitsEndIndex	-	-	1	val digitsEndIndex = endIndex - suffix.length
kotlin.text	val	digitsStartIndex	-	-	1	val digitsStartIndex = checkContainsAt(startIndex, endIndex, prefix, ignoreCase, "prefix")
kotlin.text	fun	digitToChar	Int	1.5	2	public fun Int.digitToChar(): Char {
kotlin.text	fun	digitToInt	Char	1.5	2	public fun Char.digitToInt(): Int {
kotlin.text	fun	digitToIntOrNull	Char	1.5	2	public fun Char.digitToIntOrNull(): Int? {
kotlin.text	var	Double	-	-	2	var sum: Double = 0.0
kotlin.text	fun	drop	CharSequence	-	2	public fun String.drop(n: Int): String {
kotlin.text	fun	dropLast	CharSequence	-	2	public fun String.dropLast(n: Int): String {
kotlin.text	fun	dropLastWhile	CharSequence	-	2	public inline fun String.dropLastWhile(predicate: (Char) -> Boolean): String {
kotlin.text	fun	dropWhile	CharSequence	-	2	public inline fun String.dropWhile(predicate: (Char) -> Boolean): String {
kotlin.text	val	e	-	-	12	val e = this[i]
kotlin.text	val	element	-	-	3	val element = get(index)
kotlin.text	fun	elementAt	CharSequence	-	2	public expect fun CharSequence.elementAt(index: Int): Char
kotlin.text	fun	elementAtOrElse	CharSequence	-	1	public inline fun CharSequence.elementAtOrElse(index: Int, defaultValue: (Int) -> Char): Char {
kotlin.text	fun	elementAtOrNull	CharSequence	-	1	public inline fun CharSequence.elementAtOrNull(index: Int): Char? {
kotlin.text	val	encoder	-	-	1	val encoder = Charsets.UTF_8.newEncoder()
kotlin.text	fun	encodeToByteArray	String	1.4	4	public expect fun String.encodeToByteArray(
kotlin.text	val	end	-	-	2	val end = index + size
kotlin.text	var	endInclusive	-	-	2	var endInclusive = s.length - 1
kotlin.text	var	endIndex	-	-	1	var endIndex = length - 1
kotlin.text	fun	endsWith	CharSequence	-	4	public fun CharSequence.endsWith(char: Char, ignoreCase: Boolean = false): Boolean =
kotlin.text	fun	ensureCapacity	-	1.4	1	public fun ensureCapacity(minimumCapacity: Int)
kotlin.text	fun	ensureUnicodeCase	-	-	1	private fun ensureUnicodeCase(flags: Int) = if (flags and Pattern.CASE_INSENSITIVE != 0) flags or Pattern.UNICODE_CASE else flags
kotlin.text	fun	equals	Char	-	3	public fun Char.equals(other: Char, ignoreCase: Boolean = false): Boolean {
kotlin.text	fun	escape	-	-	2	public fun escape(literal: String): String
kotlin.text	fun	escapeReplacement	-	-	2	public fun escapeReplacement(literal: String): String
kotlin.text	val	EXHAUSTED	-	-	1	const val EXHAUSTED = 2
kotlin.text	fun	filter	CharSequence	-	2	public inline fun String.filter(predicate: (Char) -> Boolean): String {
kotlin.text	fun	filterIndexed	CharSequence	-	2	public inline fun String.filterIndexed(predicate: (index: Int, Char) -> Boolean): String {
kotlin.text	fun	filterIndexedTo	CharSequence	-	1	public inline fun <C : Appendable> CharSequence.filterIndexedTo(destination: C, predicate: (index: Int, Char) -> Boolean): C {
kotlin.text	fun	filterNot	CharSequence	-	2	public inline fun String.filterNot(predicate: (Char) -> Boolean): String {
kotlin.text	fun	filterNotTo	CharSequence	-	1	public inline fun <C : Appendable> CharSequence.filterNotTo(destination: C, predicate: (Char) -> Boolean): C {
kotlin.text	fun	filterTo	CharSequence	-	1	public inline fun <C : Appendable> CharSequence.filterTo(destination: C, predicate: (Char) -> Boolean): C {
kotlin.text	fun	find	CharSequence	-	3	public fun find(input: CharSequence, startIndex: Int = 0): MatchResult?
kotlin.text	fun	findAll	-	-	2	public fun findAll(input: CharSequence, startIndex: Int = 0): Sequence<MatchResult>
kotlin.text	fun	findAnyOf	CharSequence	-	2	public fun CharSequence.findAnyOf(strings: Collection<String>, startIndex: Int = 0, ignoreCase: Boolean = false): Pair<Int, String>? =
kotlin.text	fun	findLast	CharSequence	-	1	public inline fun CharSequence.findLast(predicate: (Char) -> Boolean): Char? {
kotlin.text	fun	findLastAnyOf	CharSequence	-	1	public fun CharSequence.findLastAnyOf(strings: Collection<String>, startIndex: Int = lastIndex, ignoreCase: Boolean = false): Pair<Int, String>? =
kotlin.text	fun	findNext	Matcher	-	1	private fun Matcher.findNext(from: Int, input: CharSequence): MatchResult? {
kotlin.text	fun	first	CharSequence	-	2	public fun CharSequence.first(): Char {
kotlin.text	val	first	-	-	2	val first = StringBuilder()
kotlin.text	val	firstChar	-	-	5	val firstChar = this[0]
kotlin.text	val	firstIndex	-	-	1	val firstIndex = tokenStartIndex
kotlin.text	val	firstNonWhitespaceIndex	-	-	1	val firstNonWhitespaceIndex = line.indexOfFirst { !it.isWhitespace() }
kotlin.text	fun	firstNotNullOf	CharSequence	1.5	1	public inline fun <R : Any> CharSequence.firstNotNullOf(transform: (Char) -> R?): R {
kotlin.text	fun	firstNotNullOfOrNull	CharSequence	1.5	1	public inline fun <R : Any> CharSequence.firstNotNullOfOrNull(transform: (Char) -> R?): R? {
kotlin.text	fun	firstOrNull	CharSequence	-	2	public fun CharSequence.firstOrNull(): Char? {
kotlin.text	interface	FlagEnum	-	-	1	private interface FlagEnum {
kotlin.text	fun	flatMap	CharSequence	-	1	public inline fun <R> CharSequence.flatMap(transform: (Char) -> Iterable<R>): List<R> {
kotlin.text	fun	flatMapIndexed	CharSequence	1.4	1	public inline fun <R> CharSequence.flatMapIndexed(transform: (index: Int, Char) -> Iterable<R>): List<R> {
kotlin.text	fun	flatMapIndexedTo	CharSequence	1.4	1	public inline fun <R, C : MutableCollection<in R>> CharSequence.flatMapIndexedTo(destination: C, transform: (index: Int, Char) -> Iterable<R>): C {
kotlin.text	fun	flatMapTo	CharSequence	-	1	public inline fun <R, C : MutableCollection<in R>> CharSequence.flatMapTo(destination: C, transform: (Char) -> Iterable<R>): C {
kotlin.text	fun	fold	CharSequence	-	1	public inline fun <R> CharSequence.fold(initial: R, operation: (acc: R, Char) -> R): R {
kotlin.text	fun	foldIndexed	CharSequence	-	1	public inline fun <R> CharSequence.foldIndexed(initial: R, operation: (index: Int, acc: R, Char) -> R): R {
kotlin.text	fun	foldRight	CharSequence	-	1	public inline fun <R> CharSequence.foldRight(initial: R, operation: (Char, acc: R) -> R): R {
kotlin.text	fun	foldRightIndexed	CharSequence	-	1	public inline fun <R> CharSequence.foldRightIndexed(initial: R, operation: (index: Int, Char, acc: R) -> R): R {
kotlin.text	fun	forEach	CharSequence	-	1	public inline fun CharSequence.forEach(action: (Char) -> Unit): Unit {
kotlin.text	fun	forEachIndexed	CharSequence	-	1	public inline fun CharSequence.forEachIndexed(action: (index: Int, Char) -> Unit): Unit {
kotlin.text	fun	format	String	1.4	4	public inline fun String.format(vararg args: Any?): String = java.lang.String.format(this, *args)
kotlin.text	fun	formatByteAt	ByteArray	-	2	private fun ByteArray.formatByteAt(
kotlin.text	val	formatLength	-	-	4	val formatLength = formattedStringLength(
kotlin.text	fun	formattedStringLength	-	-	2	private fun formattedStringLength(
kotlin.text	var	found	-	-	2	var found = false
kotlin.text	val	foundMatch	-	-	1	val foundMatch = match!!
kotlin.text	fun	fromInt	-	-	1	private inline fun <reified T> fromInt(value: Int): Set<T> where T : FlagEnum, T : Enum<T> =
kotlin.text	fun	fromLiteral	-	-	2	public fun fromLiteral(literal: String): Regex
kotlin.text	fun	get	-	1.2,1.9	4	public operator fun get(index: Int): MatchGroup?
kotlin.text	val	get	-	-	4	public val destructured: Destructured get() = Destructured(this)
kotlin.text	fun	getIndentFunction	-	-	1	private fun getIndentFunction(indent: String) = when {
kotlin.text	fun	getOrElse	CharSequence	-	1	public inline fun CharSequence.getOrElse(index: Int, defaultValue: (Int) -> Char): Char {
kotlin.text	fun	getOrNull	CharSequence	-	1	public fun CharSequence.getOrNull(index: Int): Char? {
kotlin.text	fun	groupBy	CharSequence	-	2	public inline fun <K> CharSequence.groupBy(keySelector: (Char) -> K): Map<K, List<Char>> {
kotlin.text	fun	groupByTo	CharSequence	-	2	public inline fun <K, M : MutableMap<in K, MutableList<Char>>> CharSequence.groupByTo(destination: M, keySelector: (Char) -> K): M {
kotlin.text	fun	groupingBy	CharSequence	1.1	1	public inline fun <K> CharSequence.groupingBy(crossinline keySelector: (Char) -> K): Grouping<Char, K> {
kotlin.text	val	groupSeparator	-	-	2	val groupSeparator = bytesFormat.groupSeparator
kotlin.text	val	groupSeparators	-	-	1	val groupSeparators = run {
kotlin.text	val	groupSeparatorsInLastLine	-	-	1	val groupSeparatorsInLastLine = (bytesInLastLine - 1) / bytesPerGroup
kotlin.text	val	groupSeparatorsPerLine	-	-	1	val groupSeparatorsPerLine = (bytesPerLine - 1) / bytesPerGroup
kotlin.text	val	groupsPerLine	-	-	1	val groupsPerLine = bytesPerLine / bytesPerGroup
kotlin.text	fun	guessNamedFloatConstant	-	-	1	private inline fun guessNamedFloatConstant(start: Int, endInclusive: Int): String? = when (endInclusive) {
kotlin.text	val	HAS_NEXT	-	-	1	const val HAS_NEXT = 1
kotlin.text	var	hasFractionalPart	-	-	1	var hasFractionalPart = false
kotlin.text	val	hasIntegerPart	-	-	1	val hasIntegerPart = checkpoint != start
kotlin.text	fun	hasSurrogatePairAt	CharSequence	-	1	public fun CharSequence.hasSurrogatePairAt(index: Int): Boolean {
kotlin.text	val	HEX_DIGITS_TO_DECIMAL	-	-	1	private val HEX_DIGITS_TO_DECIMAL = IntArray(256) { -1 }.apply {
kotlin.text	val	HEX_DIGITS_TO_LONG_DECIMAL	-	-	1	private val HEX_DIGITS_TO_LONG_DECIMAL = LongArray(256) { -1 }.apply {
kotlin.text	class	HexFormat	-	2.2	1	public class HexFormat internal constructor(
kotlin.text	val	HexFormat	-	-	2	public val Default: HexFormat = HexFormat(
kotlin.text	fun	HexFormat	-	2.2	1	public inline fun HexFormat(builderAction: HexFormat.Builder.() -> Unit): HexFormat {
kotlin.text	fun	hexToByte	String	2.2	2	public fun String.hexToByte(format: HexFormat = HexFormat.Default): Byte = hexToByte(0, length, format)
kotlin.text	fun	hexToByteArray	String	2.2	2	private fun String.hexToByteArray(
kotlin.text	fun	hexToByteArrayNoLineAndGroupSeparator	String	-	1	private fun String.hexToByteArrayNoLineAndGroupSeparator(
kotlin.text	fun	hexToByteArrayNoLineAndGroupSeparatorSlowPath	String	-	1	private fun String.hexToByteArrayNoLineAndGroupSeparatorSlowPath(
kotlin.text	fun	hexToByteArrayShortByteSeparatorNoPrefixAndSuffix	String	-	1	private fun String.hexToByteArrayShortByteSeparatorNoPrefixAndSuffix(
kotlin.text	fun	hexToByteArraySlowPath	String	-	1	private fun String.hexToByteArraySlowPath(
kotlin.text	fun	hexToInt	String	2.2	2	public fun String.hexToInt(format: HexFormat = HexFormat.Default): Int = hexToInt(0, length, format)
kotlin.text	fun	hexToIntImpl	String	-	1	private fun String.hexToIntImpl(startIndex: Int, endIndex: Int, format: HexFormat, typeHexLength: Int): Int {
kotlin.text	fun	hexToLong	String	2.2	2	public fun String.hexToLong(format: HexFormat = HexFormat.Default): Long = hexToLong(0, length, format)
kotlin.text	fun	hexToLongImpl	String	-	1	private fun String.hexToLongImpl(startIndex: Int, endIndex: Int, format: HexFormat, typeHexLength: Int): Long {
kotlin.text	fun	hexToShort	String	2.2	2	public fun String.hexToShort(format: HexFormat = HexFormat.Default): Short = hexToShort(0, length, format)
kotlin.text	fun	hexToUByte	String	2.2	1	public inline fun String.hexToUByte(format: HexFormat = HexFormat.Default): UByte = hexToByte(format).toUByte()
kotlin.text	fun	hexToUByteArray	String	2.2	1	public inline fun String.hexToUByteArray(format: HexFormat = HexFormat.Default): UByteArray =
kotlin.text	fun	hexToUInt	String	2.2	1	public inline fun String.hexToUInt(format: HexFormat = HexFormat.Default): UInt = hexToInt(format).toUInt()
kotlin.text	fun	hexToULong	String	2.2	1	public inline fun String.hexToULong(format: HexFormat = HexFormat.Default): ULong = hexToLong(format).toULong()
kotlin.text	fun	hexToUShort	String	2.2	1	public inline fun String.hexToUShort(format: HexFormat = HexFormat.Default): UShort = hexToShort(format).toUShort()
kotlin.text	val	high	-	-	1	val high = decimalFromHexDigitAt(index)
kotlin.text	var	i	-	-	3	var i = 0
kotlin.text	fun	ifBlank	C	1.3	1	public inline fun <C, R> C.ifBlank(defaultValue: () -> R): R where C : CharSequence, C : R {
kotlin.text	fun	ifEmpty	C	1.3	1	public inline fun <C, R> C.ifEmpty(defaultValue: () -> R): R where C : CharSequence, C : R {
kotlin.text	val	ignoreCase	-	-	2	val ignoreCase = bytesFormat.ignoreCase
kotlin.text	fun	indentWidth	String	-	1	private fun String.indentWidth(): Int = indexOfFirst { !it.isWhitespace() }.let { if (it == -1) length else it }
kotlin.text	var	index	-	-	12	var index = 0
kotlin.text	val	index	-	-	20	val index = indexOf(delimiter)
kotlin.text	var	indexInGroup	-	-	2	var indexInGroup = 0
kotlin.text	var	indexInLine	-	-	2	var indexInLine = 0
kotlin.text	fun	indexOf	-	1.4	5	public fun indexOf(string: String): Int
kotlin.text	fun	indexOfAny	CharSequence	-	2	public fun CharSequence.indexOfAny(chars: CharArray, startIndex: Int = 0, ignoreCase: Boolean = false): Int {
kotlin.text	fun	indexOfFirst	CharSequence	-	1	public inline fun CharSequence.indexOfFirst(predicate: (Char) -> Boolean): Int {
kotlin.text	fun	indexOfLast	CharSequence	-	1	public inline fun CharSequence.indexOfLast(predicate: (Char) -> Boolean): Int {
kotlin.text	val	indices	-	-	2	val indices = if (!last)
kotlin.text	fun	insert	-	1.4,1.9	14	public fun insert(index: Int, value: Int): StringBuilder
kotlin.text	fun	insertRange	StringBuilder	1.4	4	public expect fun StringBuilder.insertRange(index: Int, value: CharArray, startIndex: Int, endIndex: Int): StringBuilder
kotlin.text	val	int	-	-	4	val int = this.toIntOrNull(radix) ?: return null
kotlin.text	var	Int	-	2.0	14	var sum: Int = 0
kotlin.text	val	Int	-	2.0	13	val start: Int
kotlin.text	fun	intern	String	-	1	public inline fun String.intern(): String = (this as java.lang.String).intern()
kotlin.text	val	IntRange	-	-	2	public val range: IntRange
kotlin.text	var	IntRange	-	-	1	var nextItem: IntRange? = null
kotlin.text	fun	isAsciiDigit	Char	-	1	private inline fun Char.isAsciiDigit(): Boolean {
kotlin.text	fun	isBlank	CharSequence	-	1	public fun CharSequence.isBlank(): Boolean = all { it.isWhitespace() }
kotlin.text	fun	isCaseSensitive	String	-	1	private fun String.isCaseSensitive(): Boolean {
kotlin.text	fun	isDefined	Char	1.5	2	public expect fun Char.isDefined(): Boolean
kotlin.text	fun	isDigit	Char	1.5	2	public expect fun Char.isDigit(): Boolean
kotlin.text	fun	isEmpty	CharSequence	-	1	public inline fun CharSequence.isEmpty(): Boolean = length == 0
kotlin.text	var	isHex	-	-	1	var isHex = false
kotlin.text	fun	isHexLetter	Char	-	1	private inline fun Char.isHexLetter(): Boolean {
kotlin.text	fun	isHighSurrogate	Char	-	2	public expect fun Char.isHighSurrogate(): Boolean
kotlin.text	fun	isIdentifierIgnorable	Char	-	1	public inline fun Char.isIdentifierIgnorable(): Boolean = Character.isIdentifierIgnorable(this)
kotlin.text	fun	isISOControl	Char	1.5	2	public expect fun Char.isISOControl(): Boolean
kotlin.text	fun	isJavaIdentifierPart	Char	-	1	public inline fun Char.isJavaIdentifierPart(): Boolean = Character.isJavaIdentifierPart(this)
kotlin.text	fun	isJavaIdentifierStart	Char	-	1	public inline fun Char.isJavaIdentifierStart(): Boolean = Character.isJavaIdentifierStart(this)
kotlin.text	fun	isLetter	Char	1.5	2	public expect fun Char.isLetter(): Boolean
kotlin.text	fun	isLetterOrDigit	Char	1.5	2	public expect fun Char.isLetterOrDigit(): Boolean
kotlin.text	val	isLimited	-	-	1	val isLimited = limit > 0
kotlin.text	fun	isLowerCase	Char	1.5	2	public expect fun Char.isLowerCase(): Boolean
kotlin.text	fun	isLowSurrogate	Char	-	2	public expect fun Char.isLowSurrogate(): Boolean
kotlin.text	fun	isNotBlank	CharSequence	-	1	public inline fun CharSequence.isNotBlank(): Boolean = !isBlank()
kotlin.text	fun	isNotEmpty	CharSequence	-	1	public inline fun CharSequence.isNotEmpty(): Boolean = length > 0
kotlin.text	fun	isNullOrBlank	CharSequence	-	1	public inline fun CharSequence?.isNullOrBlank(): Boolean {
kotlin.text	fun	isNullOrEmpty	CharSequence	-	1	public inline fun CharSequence?.isNullOrEmpty(): Boolean {
kotlin.text	fun	isSurrogate	Char	-	1	public fun Char.isSurrogate(): Boolean = this in Char.MIN_SURROGATE..Char.MAX_SURROGATE
kotlin.text	fun	isTitleCase	Char	1.5	2	public expect fun Char.isTitleCase(): Boolean
kotlin.text	fun	isUpperCase	Char	1.5	2	public expect fun Char.isUpperCase(): Boolean
kotlin.text	fun	isValidFloat	-	-	1	private fun isValidFloat(s: String): Boolean {
kotlin.text	fun	isWhitespace	Char	-	2	public expect fun Char.isWhitespace(): Boolean
kotlin.text	fun	iterator	CharSequence	-	1	public operator fun CharSequence.iterator(): CharIterator = object : CharIterator() {
kotlin.text	val	key	-	-	2	val key = keySelector(element)
kotlin.text	var	l	-	-	1	var l = s[start++].asciiLetterToLowerCaseCode()
kotlin.text	fun	last	CharSequence	-	2	public fun CharSequence.last(): Char {
kotlin.text	val	lastIndex	-	-	6	val lastIndex = lastIndex
kotlin.text	fun	lastIndexOf	-	1.4	4	public fun lastIndexOf(string: String): Int
kotlin.text	fun	lastIndexOfAny	CharSequence	-	2	public fun CharSequence.lastIndexOfAny(chars: CharArray, startIndex: Int = lastIndex, ignoreCase: Boolean = false): Int {
kotlin.text	fun	lastOrNull	CharSequence	-	2	public fun CharSequence.lastOrNull(): Char? {
kotlin.text	val	lastSplit	-	-	1	val lastSplit = limit - 1
kotlin.text	var	lastStart	-	-	2	var lastStart = 0
kotlin.text	val	lazy	-	-	1	private val directionalityMap by lazy { entries.associateBy { it.value } }
kotlin.text	val	length	-	-	10	val length = length
kotlin.text	var	limitBeforeMul	-	-	4	var limitBeforeMul = limitForMaxRadix
kotlin.text	val	limitForMaxRadix	-	-	4	val limitForMaxRadix = 119304647u
kotlin.text	val	LINE_SEPARATOR	-	-	1	val LINE_SEPARATOR = System.getProperty("line.separator")!!
kotlin.text	val	lines	-	-	2	val lines = lines()
kotlin.text	fun	lines	CharSequence	-	1	public fun CharSequence.lines(): List<String> = lineSequence().toList()
kotlin.text	val	lineSeparators	-	-	1	val lineSeparators = (numberOfBytes - 1) / bytesPerLine
kotlin.text	fun	lineSequence	CharSequence	-	1	public fun CharSequence.lineSequence(): Sequence<String> = Sequence { LinesIterator(this) }
kotlin.text	class	LinesIterator	-	-	1	private class LinesIterator(private val string: CharSequence) : Iterator<String> {
kotlin.text	val	list	-	-	5	val list = transform(element)
kotlin.text	val	List	-	-	1	public val groupValues: List<String>
kotlin.text	val	localizedUppercase	-	-	1	val localizedUppercase = uppercase(locale)
kotlin.text	var	Long	-	-	1	var sum: Long = 0.toLong()
kotlin.text	val	Long	-	-	3	val limit: Long
kotlin.text	fun	longDecimalFromHexDigitAt	String	-	1	private inline fun String.longDecimalFromHexDigitAt(index: Int): Long {
kotlin.text	val	low	-	-	1	val low = decimalFromHexDigitAt(index + 1)
kotlin.text	val	LOWER_CASE_HEX_DIGITS	-	-	1	private const val LOWER_CASE_HEX_DIGITS = "0123456789abcdef"
kotlin.text	fun	lowercase	Char	1.5	6	public expect fun Char.lowercase(): String
kotlin.text	fun	lowercaseChar	Char	1.5	2	public expect fun Char.lowercaseChar(): Char
kotlin.text	fun	map	CharSequence	-	1	public inline fun <R> CharSequence.map(transform: (Char) -> R): List<R> {
kotlin.text	fun	mapIndexed	CharSequence	-	1	public inline fun <R> CharSequence.mapIndexed(transform: (index: Int, Char) -> R): List<R> {
kotlin.text	fun	mapIndexedNotNull	CharSequence	-	1	public inline fun <R : Any> CharSequence.mapIndexedNotNull(transform: (index: Int, Char) -> R?): List<R> {
kotlin.text	fun	mapIndexedNotNullTo	CharSequence	-	1	public inline fun <R : Any, C : MutableCollection<in R>> CharSequence.mapIndexedNotNullTo(destination: C, transform: (index: Int, Char) -> R?): C {
kotlin.text	fun	mapIndexedTo	CharSequence	-	1	public inline fun <R, C : MutableCollection<in R>> CharSequence.mapIndexedTo(destination: C, transform: (index: Int, Char) -> R): C {
kotlin.text	fun	mapNotNull	CharSequence	-	1	public inline fun <R : Any> CharSequence.mapNotNull(transform: (Char) -> R?): List<R> {
kotlin.text	fun	mapNotNullTo	CharSequence	-	1	public inline fun <R : Any, C : MutableCollection<in R>> CharSequence.mapNotNullTo(destination: C, transform: (Char) -> R?): C {
kotlin.text	fun	mapTo	CharSequence	-	1	public inline fun <R, C : MutableCollection<in R>> CharSequence.mapTo(destination: C, transform: (Char) -> R): C {
kotlin.text	val	match	-	-	2	val match = predicate(this[index])
kotlin.text	fun	matchAt	-	1.7	2	public fun matchAt(input: CharSequence, index: Int): MatchResult?
kotlin.text	fun	matchEntire	-	-	3	public fun matchEntire(input: CharSequence): MatchResult?
kotlin.text	val	matcher	-	-	2	val matcher = nativePattern.matcher(input)
kotlin.text	class	MatcherMatchResult	-	-	1	private class MatcherMatchResult(private val matcher: Matcher, private val input: CharSequence) : MatchResult {
kotlin.text	fun	matches	CharSequence	-	3	public infix fun matches(input: CharSequence): Boolean
kotlin.text	fun	matchesAt	-	1.7	2	public fun matchesAt(input: CharSequence, index: Int): Boolean
kotlin.text	class	MatchGroup	-	-	2	public expect class MatchGroup {
kotlin.text	interface	MatchGroupCollection	-	-	1	public interface MatchGroupCollection : Collection<MatchGroup?> {
kotlin.text	val	MatchGroupCollection	-	-	1	public val groups: MatchGroupCollection
kotlin.text	val	matchingString	-	-	2	val matchingString = strings.firstOrNull { it.regionMatches(0, this, index, it.length, ignoreCase) }
kotlin.text	interface	MatchNamedGroupCollection	-	1.1	1	public interface MatchNamedGroupCollection : MatchGroupCollection {
kotlin.text	interface	MatchResult	-	-	1	public interface MatchResult {
kotlin.text	var	MatchResult	-	-	1	var match: MatchResult? = find(input) ?: return input.toString()
kotlin.text	fun	max	CharSequence	1.7	2	public fun CharSequence.max(): Char {
kotlin.text	var	max	-	-	4	var max = this[0]
kotlin.text	fun	maxBy	CharSequence	1.7	2	public inline fun <R : Comparable<R>> CharSequence.maxBy(selector: (Char) -> R): Char {
kotlin.text	fun	maxByOrNull	CharSequence	1.4	1	public inline fun <R : Comparable<R>> CharSequence.maxByOrNull(selector: (Char) -> R): Char? {
kotlin.text	var	maxElem	-	-	2	var maxElem = this[0]
kotlin.text	fun	maxOf	CharSequence	1.4	3	public inline fun CharSequence.maxOf(selector: (Char) -> Float): Float {
kotlin.text	fun	maxOfOrNull	CharSequence	1.4	3	public inline fun CharSequence.maxOfOrNull(selector: (Char) -> Float): Float? {
kotlin.text	fun	maxOfWith	CharSequence	1.4	1	public inline fun <R> CharSequence.maxOfWith(comparator: Comparator<in R>, selector: (Char) -> R): R {
kotlin.text	fun	maxOfWithOrNull	CharSequence	1.4	1	public inline fun <R> CharSequence.maxOfWithOrNull(comparator: Comparator<in R>, selector: (Char) -> R): R? {
kotlin.text	fun	maxOrNull	CharSequence	1.4	1	public fun CharSequence.maxOrNull(): Char? {
kotlin.text	var	maxValue	-	-	10	var maxValue = selector(maxElem)
kotlin.text	fun	maxWith	CharSequence	1.7	2	public fun CharSequence.maxWith(comparator: Comparator<in Char>): Char {
kotlin.text	fun	maxWithOrNull	CharSequence	1.4	1	public fun CharSequence.maxWithOrNull(comparator: Comparator<in Char>): Char? {
kotlin.text	fun	min	CharSequence	1.7	2	public fun CharSequence.min(): Char {
kotlin.text	var	min	-	-	4	var min = this[0]
kotlin.text	fun	minBy	CharSequence	1.7	2	public inline fun <R : Comparable<R>> CharSequence.minBy(selector: (Char) -> R): Char {
kotlin.text	fun	minByOrNull	CharSequence	1.4	1	public inline fun <R : Comparable<R>> CharSequence.minByOrNull(selector: (Char) -> R): Char? {
kotlin.text	val	minCommonIndent	-	-	1	val minCommonIndent = lines
kotlin.text	var	minElem	-	-	2	var minElem = this[0]
kotlin.text	val	minLength	-	-	1	val minLength = numberFormat.minLength
kotlin.text	fun	minOf	CharSequence	1.4	3	public inline fun CharSequence.minOf(selector: (Char) -> Float): Float {
kotlin.text	fun	minOfOrNull	CharSequence	1.4	3	public inline fun CharSequence.minOfOrNull(selector: (Char) -> Float): Float? {
kotlin.text	fun	minOfWith	CharSequence	1.4	1	public inline fun <R> CharSequence.minOfWith(comparator: Comparator<in R>, selector: (Char) -> R): R {
kotlin.text	fun	minOfWithOrNull	CharSequence	1.4	1	public inline fun <R> CharSequence.minOfWithOrNull(comparator: Comparator<in R>, selector: (Char) -> R): R? {
kotlin.text	fun	minOrNull	CharSequence	1.4	1	public fun CharSequence.minOrNull(): Char? {
kotlin.text	var	minValue	-	-	10	var minValue = selector(minElem)
kotlin.text	fun	minWith	CharSequence	1.7	2	public fun CharSequence.minWith(comparator: Comparator<in Char>): Char {
kotlin.text	fun	minWithOrNull	CharSequence	1.4	1	public fun CharSequence.minWithOrNull(comparator: Comparator<in Char>): Char? {
kotlin.text	val	namedGroups	-	-	1	val namedGroups = this as? MatchNamedGroupCollection
kotlin.text	fun	nativeIndexOf	String	-	4	internal expect fun String.nativeIndexOf(ch: Char, fromIndex: Int): Int
kotlin.text	fun	nativeLastIndexOf	String	-	4	internal expect fun String.nativeLastIndexOf(ch: Char, fromIndex: Int): Int
kotlin.text	val	newLengthHint	-	-	1	val newLengthHint = length - oldValueLength + newValue.length
kotlin.text	fun	next	-	-	1	public fun next(): MatchResult?
kotlin.text	var	nextIndex	-	-	1	var nextIndex = indexOf(delimiter, currentOffset, ignoreCase)
kotlin.text	val	nextIndex	-	-	1	val nextIndex = matchResult.end() + if (matchResult.end() == matchResult.start()) 1 else 0
kotlin.text	var	nextStart	-	-	1	var nextStart = 0
kotlin.text	fun	none	CharSequence	-	2	public fun CharSequence.none(): Boolean {
kotlin.text	fun	number	-	-	1	public inline fun number(builderAction: NumberHexFormat.Builder.() -> Unit) {
kotlin.text	val	numberFormat	-	-	6	val numberFormat = format.number
kotlin.text	fun	numberFormatError	-	-	1	internal fun numberFormatError(input: String): Nothing = throw NumberFormatException("Invalid number format: '$input'")
kotlin.text	val	NumberHexFormat	-	-	1	public val number: NumberHexFormat
kotlin.text	class	NumberHexFormat	-	-	1	public class NumberHexFormat internal constructor(
kotlin.text	val	numberOfBytes	-	-	4	val numberOfBytes = numberOfChars shr 1
kotlin.text	val	numberOfChars	-	-	2	val numberOfChars = endIndex - startIndex
kotlin.text	var	numberOfChars	-	-	1	var numberOfChars = stringLength.toLong()
kotlin.text	var	offset	-	-	1	var offset = bytePrefix.toCharArrayIfNotEmpty(destination, destinationOffset)
kotlin.text	fun	offsetByCodePoints	String	-	1	public inline fun String.offsetByCodePoints(index: Int, codePointOffset: Int): Int =
kotlin.text	val	oldValueLength	-	-	1	val oldValueLength = oldValue.length
kotlin.text	fun	onEach	S	1.1	1	public inline fun <S : CharSequence> S.onEach(action: (Char) -> Unit): S {
kotlin.text	fun	onEachIndexed	S	1.4	1	public inline fun <S : CharSequence> S.onEachIndexed(action: (index: Int, Char) -> Unit): S {
kotlin.text	fun	orEmpty	String	-	1	public inline fun String?.orEmpty(): String = this ?: ""
kotlin.text	val	otherLength	-	-	1	val otherLength = other.length
kotlin.text	val	otherUpper	-	-	1	val otherUpper = other.uppercaseChar()
kotlin.text	fun	padEnd	CharSequence	-	2	public fun String.padEnd(length: Int, padChar: Char = ' '): String =
kotlin.text	val	pads	-	-	1	val pads = (minLength - typeHexLength).coerceAtLeast(0)
kotlin.text	fun	padStart	CharSequence	-	2	public fun String.padStart(length: Int, padChar: Char = ' '): String =
kotlin.text	fun	parseByteAt	String	-	1	private fun String.parseByteAt(index: Int): Byte {
kotlin.text	fun	parsedByteArrayMaxSize	-	-	1	internal fun parsedByteArrayMaxSize(
kotlin.text	fun	parseInt	String	-	1	private fun String.parseInt(startIndex: Int, endIndex: Int): Int {
kotlin.text	fun	parseLong	String	-	1	private fun String.parseLong(startIndex: Int, endIndex: Int): Long {
kotlin.text	val	parseMaxSize	-	-	1	val parseMaxSize = parsedByteArrayMaxSize(
kotlin.text	fun	partition	CharSequence	-	2	public inline fun String.partition(predicate: (Char) -> Boolean): Pair<String, String> {
kotlin.text	fun	plus	Char	-	1	public inline operator fun Char.plus(other: String): String = this.toString() + other
kotlin.text	val	prefix	-	-	3	val prefix = numberFormat.prefix
kotlin.text	fun	prependIndent	String	-	1	public fun String.prependIndent(indent: String = " "): String =
kotlin.text	fun	random	CharSequence	1.3	2	public inline fun CharSequence.random(): Char {
kotlin.text	fun	randomOrNull	CharSequence	1.4	2	public inline fun CharSequence.randomOrNull(): Char? {
kotlin.text	val	range	-	-	1	val range = matchResult.range(index)
kotlin.text	fun	range	java.util.regex.MatchResult	-	2	private fun java.util.regex.MatchResult.range(): IntRange = start() until end()
kotlin.text	fun	rangesDelimitedBy	CharSequence	-	2	private fun CharSequence.rangesDelimitedBy(delimiters: CharArray, startIndex: Int = 0, ignoreCase: Boolean = false, limit: Int = 0): Sequence<IntRange> {
kotlin.text	fun	readObject	-	-	1	private fun readObject(input: ObjectInputStream): Unit = throwReadObjectNotSupported()
kotlin.text	fun	readResolve	-	-	1	private fun readResolve(): Any = Regex(Pattern.compile(pattern, flags))
kotlin.text	fun	reduce	CharSequence	-	1	public inline fun CharSequence.reduce(operation: (acc: Char, Char) -> Char): Char {
kotlin.text	fun	reduceIndexed	CharSequence	-	1	public inline fun CharSequence.reduceIndexed(operation: (index: Int, acc: Char, Char) -> Char): Char {
kotlin.text	fun	reduceIndexedOrNull	CharSequence	1.4	1	public inline fun CharSequence.reduceIndexedOrNull(operation: (index: Int, acc: Char, Char) -> Char): Char? {
kotlin.text	fun	reduceOrNull	CharSequence	1.4	1	public inline fun CharSequence.reduceOrNull(operation: (acc: Char, Char) -> Char): Char? {
kotlin.text	fun	reduceRight	CharSequence	-	1	public inline fun CharSequence.reduceRight(operation: (Char, acc: Char) -> Char): Char {
kotlin.text	fun	reduceRightIndexed	CharSequence	-	1	public inline fun CharSequence.reduceRightIndexed(operation: (index: Int, Char, acc: Char) -> Char): Char {
kotlin.text	fun	reduceRightIndexedOrNull	CharSequence	1.4	1	public inline fun CharSequence.reduceRightIndexedOrNull(operation: (index: Int, Char, acc: Char) -> Char): Char? {
kotlin.text	fun	reduceRightOrNull	CharSequence	1.4	1	public inline fun CharSequence.reduceRightOrNull(operation: (Char, acc: Char) -> Char): Char? {
kotlin.text	class	Regex	-	-	2	public actual class Regex
kotlin.text	class	RegexOption	-	-	2	public expect enum class RegexOption {
kotlin.text	fun	regionMatches	CharSequence	1.9	4	public expect fun String.regionMatches(
kotlin.text	fun	regionMatchesImpl	CharSequence	-	1	internal fun CharSequence.regionMatchesImpl(thisOffset: Int, other: CharSequence, otherOffset: Int, length: Int, ignoreCase: Boolean): Boolean {
kotlin.text	fun	reindent	-	-	1	private inline fun List<String>.reindent(
kotlin.text	fun	removePrefix	CharSequence	-	2	public fun String.removePrefix(prefix: CharSequence): String {
kotlin.text	fun	removeRange	CharSequence	-	4	public inline fun String.removeRange(range: IntRange): String =
kotlin.text	fun	removeSuffix	CharSequence	-	2	public fun String.removeSuffix(suffix: CharSequence): String {
kotlin.text	fun	removeSurrounding	CharSequence	-	4	public fun String.removeSurrounding(prefix: CharSequence, suffix: CharSequence): String {
kotlin.text	var	removeZeros	-	-	1	var removeZeros = numberFormat.removeLeadingZeros
kotlin.text	fun	repeat	CharSequence	-	2	public expect fun CharSequence.repeat(n: Int): String
kotlin.text	fun	replace	CharSequence	-	10	public fun replace(input: CharSequence, replacement: String): String
kotlin.text	fun	replaceAfter	String	-	2	public fun String.replaceAfter(delimiter: Char, replacement: String, missingDelimiterValue: String = this): String {
kotlin.text	fun	replaceAfterLast	String	-	2	public fun String.replaceAfterLast(delimiter: Char, replacement: String, missingDelimiterValue: String = this): String {
kotlin.text	fun	replaceBefore	String	-	2	public fun String.replaceBefore(delimiter: Char, replacement: String, missingDelimiterValue: String = this): String {
kotlin.text	fun	replaceBeforeLast	String	-	2	public fun String.replaceBeforeLast(delimiter: Char, replacement: String, missingDelimiterValue: String = this): String {
kotlin.text	fun	replaceFirst	CharSequence	-	7	public fun replaceFirst(input: CharSequence, replacement: String): String
kotlin.text	fun	replaceFirstChar	String	1.5	2	public inline fun String.replaceFirstChar(transform: (Char) -> Char): String {
kotlin.text	fun	replaceIndent	String	-	1	public fun String.replaceIndent(newIndent: String = ""): String {
kotlin.text	fun	replaceIndentByMargin	String	-	1	public fun String.replaceIndentByMargin(newIndent: String = "", marginPrefix: String = "|"): String {
kotlin.text	fun	replaceRange	CharSequence	-	4	public inline fun String.replaceRange(range: IntRange, replacement: CharSequence): String =
kotlin.text	fun	requireNonNegativeLimit	-	-	1	internal fun requireNonNegativeLimit(limit: Int) =
kotlin.text	val	result	-	-	12	val result = transform(element)
kotlin.text	var	result	-	-	7	var result = 0
kotlin.text	val	resultCapacity	-	-	1	val resultCapacity = thisSize / step + if (thisSize % step == 0) 0 else 1
kotlin.text	fun	reverse	-	-	1	public fun reverse(): StringBuilder
kotlin.text	fun	reversed	CharSequence	-	2	public inline fun String.reversed(): String {
kotlin.text	fun	runningFold	CharSequence	1.4	1	public inline fun <R> CharSequence.runningFold(initial: R, operation: (acc: R, Char) -> R): List<R> {
kotlin.text	fun	runningFoldIndexed	CharSequence	1.4	1	public inline fun <R> CharSequence.runningFoldIndexed(initial: R, operation: (index: Int, acc: R, Char) -> R): List<R> {
kotlin.text	fun	runningReduce	CharSequence	1.4	1	public inline fun CharSequence.runningReduce(operation: (acc: Char, Char) -> Char): List<Char> {
kotlin.text	fun	runningReduceIndexed	CharSequence	1.4	1	public inline fun CharSequence.runningReduceIndexed(operation: (index: Int, acc: Char, Char) -> Char): List<Char> {
kotlin.text	val	sb	-	-	6	val sb = StringBuilder()
kotlin.text	fun	scan	CharSequence	1.4	1	public inline fun <R> CharSequence.scan(initial: R, operation: (acc: R, Char) -> R): List<R> {
kotlin.text	fun	scanIndexed	CharSequence	1.4	1	public inline fun <R> CharSequence.scanIndexed(initial: R, operation: (index: Int, acc: R, Char) -> R): List<R> {
kotlin.text	fun	screenFloatValue	-	-	1	private inline fun <T> screenFloatValue(str: String, parse: (String) -> T): T? {
kotlin.text	val	searchStep	-	-	1	val searchStep = oldValueLength.coerceAtLeast(1)
kotlin.text	val	second	-	-	2	val second = StringBuilder()
kotlin.text	class	Serialized	-	-	1	private class Serialized(val pattern: String, val flags: Int) : Serializable {
kotlin.text	fun	set	StringBuilder	1.4	2	public expect operator fun StringBuilder.set(index: Int, value: Char)
kotlin.text	val	Set	-	-	1	public val options: Set<RegexOption>
kotlin.text	fun	setLength	-	1.4	1	public fun setLength(newLength: Int)
kotlin.text	fun	setRange	StringBuilder	1.4	2	public expect fun StringBuilder.setRange(startIndex: Int, endIndex: Int, value: String): StringBuilder
kotlin.text	var	shift	-	-	1	var shift = bits
kotlin.text	val	shortestLength	-	-	2	val shortestLength = minOf(thisLength, otherLength)
kotlin.text	fun	single	CharSequence	-	2	public fun CharSequence.single(): Char {
kotlin.text	fun	singleOrNull	CharSequence	-	2	public fun CharSequence.singleOrNull(): Char? {
kotlin.text	val	size	-	-	2	val size = length - 1
kotlin.text	fun	slice	CharSequence	-	4	public fun String.slice(indices: IntRange): String {
kotlin.text	val	spare	-	-	1	val spare = if (numberOfChars > 0L) 1 else 0
kotlin.text	fun	split	CharSequence	-	7	public fun split(input: CharSequence, limit: Int = 0): List<String>
kotlin.text	var	splitCount	-	-	1	var splitCount = 0
kotlin.text	fun	splitToSequence	CharSequence	1.6	5	public fun splitToSequence(input: CharSequence, limit: Int = 0): Sequence<String>
kotlin.text	val	start	-	-	1	val start = if (this[0] == '-') 1 else 0
kotlin.text	var	start	-	-	3	var start = 0
kotlin.text	var	startFound	-	-	1	var startFound = false
kotlin.text	var	startIndex	-	-	1	var startIndex = 0
kotlin.text	fun	startsWith	CharSequence	-	7	public fun CharSequence.startsWith(char: Char, ignoreCase: Boolean = false): Boolean =
kotlin.text	object	State	-	-	1	private companion object State {
kotlin.text	val	string	-	-	1	val string = strings.single()
kotlin.text	val	String	-	-	11	public val code: String
kotlin.text	var	String	-	-	6	public var prefix: String = Default.prefix
kotlin.text	fun	String	-	1.2	11	public expect fun String(chars: CharArray): String
kotlin.text	val	stringBuilder	-	-	1	val stringBuilder = StringBuilder(newLengthHint)
kotlin.text	class	StringBuilder	-	-	1	public expect class StringBuilder : Appendable, CharSequence {
kotlin.text	typealias	StringBuilder	-	1.1	1	@SinceKotlin("1.1") public actual typealias StringBuilder = java.lang.StringBuilder
kotlin.text	fun	subSequence	CharSequence	-	2	public inline fun String.subSequence(start: Int, end: Int): CharSequence = subSequence(start, end)
kotlin.text	val	substring	-	-	3	val substring = substring(startIndex, endIndex)
kotlin.text	fun	substring	-	1.4	9	public fun substring(startIndex: Int): String
kotlin.text	fun	substringAfter	String	-	2	public fun String.substringAfter(delimiter: Char, missingDelimiterValue: String = this): String {
kotlin.text	fun	substringAfterLast	String	-	2	public fun String.substringAfterLast(delimiter: Char, missingDelimiterValue: String = this): String {
kotlin.text	fun	substringBefore	String	-	2	public fun String.substringBefore(delimiter: Char, missingDelimiterValue: String = this): String {
kotlin.text	fun	substringBeforeLast	String	-	2	public fun String.substringBeforeLast(delimiter: Char, missingDelimiterValue: String = this): String {
kotlin.text	val	suffix	-	-	3	val suffix = numberFormat.suffix
kotlin.text	fun	sumBy	CharSequence	-	1	public inline fun CharSequence.sumBy(selector: (Char) -> Int): Int {
kotlin.text	fun	sumByDouble	CharSequence	-	1	public inline fun CharSequence.sumByDouble(selector: (Char) -> Double): Double {
kotlin.text	fun	sumOf	CharSequence	1.4,1.5	7	public inline fun CharSequence.sumOf(selector: (Char) -> Int): Int {
kotlin.text	object	SystemProperties	-	-	1	private object SystemProperties {
kotlin.text	fun	take	CharSequence	-	2	public fun String.take(n: Int): String {
kotlin.text	fun	takeLast	CharSequence	-	2	public fun String.takeLast(n: Int): String {
kotlin.text	fun	takeLastWhile	CharSequence	-	2	public inline fun String.takeLastWhile(predicate: (Char) -> Boolean): String {
kotlin.text	fun	takeWhile	CharSequence	-	2	public inline fun String.takeWhile(predicate: (Char) -> Boolean): String {
kotlin.text	val	thisLength	-	-	1	val thisLength = this.length
kotlin.text	val	thisSize	-	-	1	val thisSize = this.length
kotlin.text	val	thisUpper	-	-	1	val thisUpper = this.uppercaseChar()
kotlin.text	fun	throwInvalidDigitAt	String	-	1	private fun String.throwInvalidDigitAt(index: Int): Nothing {
kotlin.text	fun	throwInvalidNumberOfDigits	String	-	1	private fun String.throwInvalidNumberOfDigits(startIndex: Int, endIndex: Int, specifier: String, expected: Int) {
kotlin.text	fun	throwInvalidPrefixSuffix	String	-	1	private fun String.throwInvalidPrefixSuffix(startIndex: Int, endIndex: Int, prefix: String, suffix: String) {
kotlin.text	fun	throwNotContainedAt	String	-	1	private fun String.throwNotContainedAt(index: Int, endIndex: Int, part: String, partName: String) {
kotlin.text	fun	titlecase	Char	1.5	2	public fun Char.titlecase(locale: Locale): String {
kotlin.text	fun	titlecaseChar	Char	1.5	2	public expect fun Char.titlecaseChar(): Char
kotlin.text	fun	titlecaseImpl	Char	-	1	internal fun Char.titlecaseImpl(): String {
kotlin.text	val	titleChar	-	-	1	val titleChar = firstChar.titlecaseChar()
kotlin.text	fun	toBigDecimal	String	1.2	2	public inline fun String.toBigDecimal(): java.math.BigDecimal =
kotlin.text	fun	toBigDecimalOrNull	String	1.2	2	public fun String.toBigDecimalOrNull(): java.math.BigDecimal? =
kotlin.text	fun	toBigInteger	String	1.2	2	public inline fun String.toBigInteger(): java.math.BigInteger =
kotlin.text	fun	toBigIntegerOrNull	String	1.2	2	public fun String.toBigIntegerOrNull(radix: Int): java.math.BigInteger? {
kotlin.text	fun	toBoolean	String	1.4	2	public expect fun String?.toBoolean(): Boolean
kotlin.text	fun	toBooleanStrict	String	1.5	1	public fun String.toBooleanStrict(): Boolean = when (this) {
kotlin.text	fun	toBooleanStrictOrNull	String	1.5	1	public fun String.toBooleanStrictOrNull(): Boolean? = when (this) {
kotlin.text	fun	toByte	String	1.1	4	public expect fun String.toByte(): Byte
kotlin.text	fun	toByteArray	String	-	1	public inline fun String.toByteArray(charset: Charset = Charsets.UTF_8): ByteArray = (this as java.lang.String).getBytes(charset)
kotlin.text	fun	toByteOrNull	String	1.1	2	public fun String.toByteOrNull(radix: Int): Byte? {
kotlin.text	fun	toCharArray	StringBuilder	1.4,2.0	8	public expect fun String.toCharArray(
kotlin.text	fun	toCharArrayIfNotEmpty	String	-	1	private fun String.toCharArrayIfNotEmpty(destination: CharArray, destinationOffset: Int): Int {
kotlin.text	fun	toCollection	CharSequence	-	1	public fun <C : MutableCollection<in Char>> CharSequence.toCollection(destination: C): C {
kotlin.text	fun	toDouble	String	-	2	public expect fun String.toDouble(): Double
kotlin.text	fun	toDoubleOrNull	String	1.1	2	public expect fun String.toDoubleOrNull(): Double?
kotlin.text	fun	toFloat	String	-	2	public expect fun String.toFloat(): Float
kotlin.text	fun	toFloatOrNull	String	1.1	2	public expect fun String.toFloatOrNull(): Float?
kotlin.text	fun	toHashSet	CharSequence	-	1	public fun CharSequence.toHashSet(): HashSet<Char> {
kotlin.text	fun	toHexString	ByteArray	2.2	12	public fun ByteArray.toHexString(
kotlin.text	fun	toHexStringImpl	Long	-	1	private fun Long.toHexStringImpl(numberFormat: HexFormat.NumberHexFormat, digits: String, bits: Int): String {
kotlin.text	fun	toHexStringNoLineAndGroupSeparator	ByteArray	-	1	private fun ByteArray.toHexStringNoLineAndGroupSeparator(
kotlin.text	fun	toHexStringNoLineAndGroupSeparatorSlowPath	ByteArray	-	1	private fun ByteArray.toHexStringNoLineAndGroupSeparatorSlowPath(
kotlin.text	fun	toHexStringShortByteSeparatorNoPrefixAndSuffix	ByteArray	-	1	private fun ByteArray.toHexStringShortByteSeparatorNoPrefixAndSuffix(
kotlin.text	fun	toHexStringSlowPath	ByteArray	-	1	private fun ByteArray.toHexStringSlowPath(
kotlin.text	fun	toInt	String	1.1	5	public expect fun String.toInt(): Int
kotlin.text	fun	toIntOrNull	String	1.1	2	public fun String.toIntOrNull(radix: Int): Int? {
kotlin.text	fun	toList	CharSequence	-	2	public fun CharSequence.toList(): List<Char> {
kotlin.text	fun	toLong	String	1.1	4	public expect fun String.toLong(): Long
kotlin.text	fun	toLongOrNull	String	1.1	2	public fun String.toLongOrNull(radix: Int): Long? {
kotlin.text	fun	toLowerCase	Char	-	5	public expect fun Char.toLowerCase(): Char
kotlin.text	fun	toMutableList	CharSequence	-	1	public fun CharSequence.toMutableList(): MutableList<Char> {
kotlin.text	fun	toPattern	-	-	2	public fun toPattern(): Pattern = nativePattern
kotlin.text	fun	toRegex	String	-	4	public inline fun String.toRegex(): Regex = Regex(this)
kotlin.text	fun	toSet	CharSequence	-	1	public fun CharSequence.toSet(): Set<Char> {
kotlin.text	fun	toShort	String	1.1	4	public expect fun String.toShort(): Short
kotlin.text	fun	toShortOrNull	String	1.1	2	public fun String.toShortOrNull(radix: Int): Short? {
kotlin.text	fun	toSortedSet	CharSequence	-	1	public fun CharSequence.toSortedSet(): java.util.SortedSet<Char> {
kotlin.text	fun	toString	Byte	1.1,1.2,1.5	9	public expect fun Int.toString(radix: Int): String
kotlin.text	fun	toTitleCase	Char	-	1	public inline fun Char.toTitleCase(): Char = titlecaseChar()
kotlin.text	fun	toUByte	String	1.5	2	public fun String.toUByte(): UByte = toUByteOrNull() ?: numberFormatError(this)
kotlin.text	fun	toUByteOrNull	String	1.5	2	public fun String.toUByteOrNull(radix: Int): UByte? {
kotlin.text	fun	toUInt	String	1.5	2	public fun String.toUInt(): UInt = toUIntOrNull() ?: numberFormatError(this)
kotlin.text	fun	toUIntOrNull	String	1.5	2	public fun String.toUIntOrNull(radix: Int): UInt? {
kotlin.text	fun	toULong	String	1.5	2	public fun String.toULong(): ULong = toULongOrNull() ?: numberFormatError(this)
kotlin.text	fun	toULongOrNull	String	1.5	2	public fun String.toULongOrNull(radix: Int): ULong? {
kotlin.text	fun	toUpperCase	Char	-	5	public expect fun Char.toUpperCase(): Char
kotlin.text	fun	toUShort	String	1.5	2	public fun String.toUShort(): UShort = toUShortOrNull() ?: numberFormatError(this)
kotlin.text	fun	toUShortOrNull	String	1.5	2	public fun String.toUShortOrNull(radix: Int): UShort? {
kotlin.text	fun	trim	CharSequence	-	6	public inline fun String.trim(predicate: (Char) -> Boolean): String =
kotlin.text	fun	trimEnd	CharSequence	-	6	public inline fun String.trimEnd(predicate: (Char) -> Boolean): String =
kotlin.text	fun	trimIndent	String	-	1	public fun String.trimIndent(): String = replaceIndent("")
kotlin.text	fun	trimMargin	String	-	1	public fun String.trimMargin(marginPrefix: String = "|"): String =
kotlin.text	fun	trimStart	CharSequence	-	6	public inline fun String.trimStart(predicate: (Char) -> Boolean): String =
kotlin.text	fun	trimToSize	-	1.4	1	public fun trimToSize()
kotlin.text	val	typeHexLength	-	-	1	val typeHexLength = bits shr 2
kotlin.text	object	Typography	-	-	1	public object Typography {
kotlin.text	var	UInt	-	-	1	var sum: UInt = 0.toUInt()
kotlin.text	val	UInt	-	-	1	val limit: UInt = UInt.MAX_VALUE
kotlin.text	var	ULong	-	-	1	var sum: ULong = 0.toULong()
kotlin.text	val	ULong	-	-	1	val limit: ULong = ULong.MAX_VALUE
kotlin.text	val	UNKNOWN	-	-	1	const val UNKNOWN = 0
kotlin.text	val	UPPER_CASE_HEX_DIGITS	-	-	1	private const val UPPER_CASE_HEX_DIGITS = "0123456789ABCDEF"
kotlin.text	val	uppercase	-	-	1	val uppercase = uppercase()
kotlin.text	fun	uppercase	Char	1.5	6	public expect fun Char.uppercase(): String
kotlin.text	fun	uppercaseChar	Char	1.5	2	public expect fun Char.uppercaseChar(): Char
kotlin.text	val	uradix	-	-	2	val uradix = radix.toUInt()
kotlin.text	val	v	-	-	20	val v = selector(e)
kotlin.text	val	value	-	-	5	val value = this
kotlin.text	fun	valueOf	-	-	2	public fun valueOf(category: Int): CharCategory =
kotlin.text	val	wholeBytesInLastGroup	-	-	1	val wholeBytesInLastGroup = wholeElementsPerSet(numberOfChars, charsPerByte, byteSeparatorLength)
kotlin.text	fun	wholeElementsPerSet	-	-	1	private fun wholeElementsPerSet(charsPerSet: Long, charsPerElement: Long, elementSeparatorLength: Int): Long {
kotlin.text	val	wholeGroupsInLastLine	-	-	1	val wholeGroupsInLastLine = wholeElementsPerSet(numberOfChars, charsPerGroup, groupSeparatorLength)
kotlin.text	val	wholeLines	-	-	1	val wholeLines = wholeElementsPerSet(numberOfChars, charsPerLine, 1)
kotlin.text	fun	windowed	CharSequence	1.2	2	public fun CharSequence.windowed(size: Int, step: Int = 1, partialWindows: Boolean = false): List<String> {
kotlin.text	fun	windowedSequence	CharSequence	1.2	2	public fun CharSequence.windowedSequence(size: Int, step: Int = 1, partialWindows: Boolean = false): Sequence<String> {
kotlin.text	val	windows	-	-	1	val windows = (if (partialWindows) indices else 0 until length - size + 1) step step
kotlin.text	fun	withIndex	CharSequence	-	1	public fun CharSequence.withIndex(): Iterable<IndexedValue<Char>> {
kotlin.text	fun	writeReplace	-	-	1	private fun writeReplace(): Any = Serialized(nativePattern.pattern(), nativePattern.flags())
kotlin.text	fun	zip	CharSequence	-	2	public infix fun CharSequence.zip(other: CharSequence): List<Pair<Char, Char>> {
kotlin.text	fun	zipWithNext	CharSequence	1.2	2	public fun CharSequence.zipWithNext(): List<Pair<Char, Char>> {
kotlin.time	class	AbstractDoubleTimeSource	-	1.3	1	public abstract class AbstractDoubleTimeSource(protected val unit: DurationUnit) : TimeSource.WithComparableMarks {
kotlin.time	val	AbstractDoubleTimeSource	-	-	1	private val timeSource: AbstractDoubleTimeSource,
kotlin.time	class	AbstractLongTimeSource	-	1.9	1	public abstract class AbstractLongTimeSource(protected val unit: DurationUnit) : TimeSource.WithComparableMarks {
kotlin.time	var	absYear	-	-	1	var absYear = 0
kotlin.time	fun	addValuesMixedRanges	-	-	1	private fun addValuesMixedRanges(thisMillis: Long, otherNanos: Long): Duration {
kotlin.time	var	adjust	-	-	1	var adjust = 0L
kotlin.time	val	adjustCycles	-	-	1	val adjustCycles = (zeroDay + 1) / DAYS_PER_CYCLE - 1
kotlin.time	fun	adjustedRead	-	-	1	private fun adjustedRead(): Long = read() - zero
kotlin.time	class	AdjustedTimeMark	-	-	1	private class AdjustedTimeMark(val mark: TimeMark, val adjustment: Duration) : TimeMark {
kotlin.time	fun	adjustReading	-	-	2	actual fun adjustReading(timeMark: ValueTimeMark, duration: Duration): ValueTimeMark =
kotlin.time	var	afterFirst	-	-	1	var afterFirst = false
kotlin.time	var	allowSpaces	-	-	1	var allowSpaces = !hasSign
kotlin.time	fun	appendFractional	StringBuilder	-	1	private fun StringBuilder.appendFractional(whole: Int, fractional: Int, fractionalSize: Int, unit: String, isoZeroes: Boolean) {
kotlin.time	fun	appendTwoDigits	Appendable	-	1	fun Appendable.appendTwoDigits(number: Int) {
kotlin.time	val	asciiDigitPositionsInIsoStringAfterYear	-	-	1	private val asciiDigitPositionsInIsoStringAfterYear = intArrayOf(1, 2, 4, 5, 7, 8, 10, 11, 13, 14)
kotlin.time	val	asciiDigitsInIsoOffsetString	-	-	1	private val asciiDigitsInIsoOffsetString = intArrayOf(1, 2, 4, 5, 7, 8)
kotlin.time	fun	asClock	TimeSource	2.2	1	public fun TimeSource.asClock(origin: Instant): Clock = object : Clock {
kotlin.time	val	Boolean	-	2.1	4	public inline val Instant.isDistantPast: Boolean
kotlin.time	val	c	-	-	1	val c = isoString[where]
kotlin.time	fun	checkInfiniteSumDefined	-	-	1	private fun checkInfiniteSumDefined(value: Long, duration: Duration, durationInUnit: Long): Long {
kotlin.time	interface	Clock	-	2.1	1	public interface Clock {
kotlin.time	val	Clock	-	-	1	private val systemClock: Clock = IMPLEMENTATIONS.getSystemClock()
kotlin.time	val	coarserUnit	-	-	1	val coarserUnit = maxOf(this.storageUnit, other.storageUnit)
kotlin.time	val	colonsInIsoOffsetString	-	-	1	private val colonsInIsoOffsetString = intArrayOf(3, 6)
kotlin.time	interface	ComparableTimeMark	-	1.9	1	public interface ComparableTimeMark : TimeMark, Comparable<ComparableTimeMark> {
kotlin.time	val	compareBits	-	-	1	val compareBits = this.rawValue xor other.rawValue
kotlin.time	fun	compareTo	-	-	1	public operator fun compareTo(other: ValueTimeMark): Int =
kotlin.time	val	component	-	-	2	val component = value.substringWhile(index) { it in '0'..'9' || it == '.' }
kotlin.time	var	components	-	-	1	var components = 0
kotlin.time	fun	convert	-	-	1	public fun convert(value: Double, sourceUnit: DurationUnit, targetUnit: DurationUnit): Double =
kotlin.time	fun	convertDurationUnit	-	1.3,1.5	4	internal expect fun convertDurationUnit(value: Long, sourceUnit: DurationUnit, targetUnit: DurationUnit): Long
kotlin.time	fun	convertDurationUnitOverflow	-	1.5	2	internal expect fun convertDurationUnitOverflow(value: Long, sourceUnit: DurationUnit, targetUnit: DurationUnit): Long
kotlin.time	val	correction	-	-	1	val correction = restUnderUnitNs.sign.toDuration(unit)
kotlin.time	fun	createFormatForDecimals	-	-	1	private fun createFormatForDecimals(decimals: Int) = DecimalFormat("0").apply {
kotlin.time	val	day	-	-	1	val day = twoDigitNumber(i + 4)
kotlin.time	val	DAYS_0000_TO_1970	-	-	1	private const val DAYS_0000_TO_1970 = DAYS_PER_CYCLE * 5 - (30 * 365 + 7)
kotlin.time	val	DAYS_PER_CYCLE	-	-	1	private const val DAYS_PER_CYCLE = 146097
kotlin.time	val	daySeconds	-	-	1	val daySeconds = hour * SECONDS_PER_HOUR + minute * SECONDS_PER_MINUTE + second
kotlin.time	fun	differenceBetween	-	-	2	actual fun differenceBetween(one: ValueTimeMark, another: ValueTimeMark): Duration =
kotlin.time	val	DISTANT_FUTURE_SECONDS	-	-	1	private const val DISTANT_FUTURE_SECONDS = 3093527980800
kotlin.time	val	DISTANT_PAST_SECONDS	-	-	1	private const val DISTANT_PAST_SECONDS = -3217862419201
kotlin.time	fun	div	-	-	3	public operator fun div(scale: Int): Duration {
kotlin.time	val	dotIndex	-	-	2	val dotIndex = component.indexOf('.')
kotlin.time	val	Double	-	-	1	private val startedAt: Double,
kotlin.time	class	DoubleTimeMark	-	-	1	private class DoubleTimeMark(
kotlin.time	var	doyEst	-	-	1	var doyEst = zeroDay - (365 * yearEst + yearEst / 4 - yearEst / 100 + yearEst / 400)
kotlin.time	class	Duration	-	1.6	1	public value class Duration internal constructor(private val rawValue: Long) : Comparable<Duration> {
kotlin.time	val	Duration	-	-	4	private val offset: Duration
kotlin.time	val	durationInUnit	-	-	2	val durationInUnit = duration.toLong(unit)
kotlin.time	fun	durationOf	-	-	1	private fun durationOf(normalValue: Long, unitDiscriminator: Int) = Duration((normalValue shl 1) + unitDiscriminator)
kotlin.time	fun	durationOfMillis	-	-	1	private fun durationOfMillis(normalMillis: Long) = Duration((normalMillis shl 1) + 1)
kotlin.time	fun	durationOfMillisNormalized	-	-	1	private fun durationOfMillisNormalized(millis: Long) =
kotlin.time	fun	durationOfNanos	-	-	1	private fun durationOfNanos(normalNanos: Long) = Duration(normalNanos shl 1)
kotlin.time	fun	durationOfNanosNormalized	-	-	1	private fun durationOfNanosNormalized(nanos: Long) =
kotlin.time	var	DurationUnit	-	-	2	var prevUnit: DurationUnit? = null
kotlin.time	class	DurationUnit	-	1.6	2	public expect enum class DurationUnit {
kotlin.time	fun	durationUnitByIsoChar	-	1.5	1	internal fun durationUnitByIsoChar(isoChar: Char, isTimeComponent: Boolean): DurationUnit =
kotlin.time	fun	durationUnitByShortName	-	1.5	1	internal fun durationUnitByShortName(shortName: String): DurationUnit = when (shortName) {
kotlin.time	fun	elapsedFrom	-	-	2	actual fun elapsedFrom(timeMark: ValueTimeMark): Duration =
kotlin.time	fun	elapsedNow	-	-	1	public abstract fun elapsedNow(): Duration
kotlin.time	val	epochDays	-	-	1	val epochDays = localSecond.floorDiv(SECONDS_PER_DAY.toLong())
kotlin.time	val	epochSeconds	-	-	2	val epochSeconds = run {
kotlin.time	fun	expect	-	-	1	fun expect(what: String, where: Int, predicate: (Char) -> Boolean): InstantParseResult.Failure? {
kotlin.time	class	ExperimentalTime	-	1.3	1	public annotation class ExperimentalTime
kotlin.time	class	Failure	-	-	1	class Failure(val error: String, val input: CharSequence) : InstantParseResult {
kotlin.time	var	firstNonZero	-	-	1	var firstNonZero = startIndex
kotlin.time	val	format	-	-	1	val format = if (decimals < precisionFormats.size) {
kotlin.time	fun	formatIso	-	-	1	private fun formatIso(instant: Instant): String = buildString {
kotlin.time	fun	formatToExactDecimals	-	-	2	internal expect fun formatToExactDecimals(value: Double, decimals: Int): String
kotlin.time	val	fracString	-	-	1	val fracString = fractional.toString().padStart(fractionalSize, '0')
kotlin.time	var	fraction	-	-	1	var fraction = 0
kotlin.time	val	fractionStart	-	-	1	val fractionStart = i + 16
kotlin.time	val	fractionStrLength	-	-	1	val fractionStrLength = i - fractionStart
kotlin.time	fun	fromEpochMilliseconds	-	-	1	public fun fromEpochMilliseconds(epochMilliseconds: Long): Instant {
kotlin.time	fun	fromEpochSeconds	-	-	2	public fun fromEpochSeconds(epochSeconds: Long, nanosecondAdjustment: Int): Instant =
kotlin.time	fun	fromInstant	-	-	1	fun fromInstant(instant: Instant): UnboundLocalDateTime {
kotlin.time	val	get	-	-	25	private val value: Long get() = rawValue shr 1
kotlin.time	val	half	-	-	2	val half = duration / 2
kotlin.time	val	halfInUnit	-	-	1	val halfInUnit = half.toLong(unit)
kotlin.time	val	hasDays	-	-	1	val hasDays = days != 0L
kotlin.time	val	hasHours	-	-	2	val hasHours = hours != 0
kotlin.time	val	hasMinutes	-	-	2	val hasMinutes = minutes != 0
kotlin.time	fun	hasNotPassedNow	-	-	1	public fun hasNotPassedNow(): Boolean = elapsedNow().isNegative()
kotlin.time	fun	hasPassedNow	-	-	1	public fun hasPassedNow(): Boolean = !elapsedNow().isNegative()
kotlin.time	val	hasSeconds	-	-	2	val hasSeconds = seconds != 0 || nanoseconds != 0
kotlin.time	val	hasSign	-	-	1	val hasSign = index > 0
kotlin.time	val	hour	-	-	1	val hour = twoDigitNumber(i + 7)
kotlin.time	var	hours	-	-	1	var hours = hours
kotlin.time	val	hours	-	-	1	val hours = (secsOfDay / SECONDS_PER_HOUR)
kotlin.time	val	HOURS_PER_DAY	-	-	1	private const val HOURS_PER_DAY = 24
kotlin.time	var	i	-	-	2	var i = 0
kotlin.time	var	index	-	-	1	var index = 0
kotlin.time	fun	infinityOfSign	-	-	1	private fun infinityOfSign(value: Long): Duration = if (value < 0) Duration.NEG_INFINITE else Duration.INFINITE
kotlin.time	val	infinityString	-	-	1	val infinityString = "Infinity"
kotlin.time	val	innerBuilder	-	-	1	val innerBuilder = StringBuilder()
kotlin.time	class	Instant	-	2.1	1	public class Instant internal constructor(
kotlin.time	val	Instant	-	-	2	public val DISTANT_PAST: Instant
kotlin.time	class	InstantFormatException	-	-	1	private class InstantFormatException(message: String) : IllegalArgumentException(message)
kotlin.time	interface	InstantParseResult	-	-	1	private sealed interface InstantParseResult {
kotlin.time	class	InstantSerialized	-	-	1	private class InstantSerialized(
kotlin.time	val	Int	-	-	16	val day: Int
kotlin.time	var	Int	-	-	1	var nanosecondsOfSecond: Int
kotlin.time	val	intScale	-	-	2	val intScale = scale.roundToInt()
kotlin.time	fun	isFinite	-	-	1	public fun isFinite(): Boolean = !isInfinite()
kotlin.time	fun	isInfinite	-	-	1	public fun isInfinite(): Boolean = rawValue == INFINITE.rawValue || rawValue == NEG_INFINITE.rawValue
kotlin.time	fun	isInMillis	-	-	1	private fun isInMillis() = unitDiscriminator == 1
kotlin.time	fun	isInNanos	-	-	1	private fun isInNanos() = unitDiscriminator == 0
kotlin.time	fun	isLeapYear	-	-	1	internal fun isLeapYear(year: Int): Boolean {
kotlin.time	fun	isNegative	-	-	1	public fun isNegative(): Boolean = rawValue < 0
kotlin.time	val	isNegative	-	-	2	val isNegative = isNegative()
kotlin.time	fun	isPositive	-	-	1	public fun isPositive(): Boolean = rawValue > 0
kotlin.time	fun	isSaturated	Long	-	1	internal inline fun Long.isSaturated(): Boolean =
kotlin.time	var	isTimeComponent	-	-	1	var isTimeComponent = false
kotlin.time	val	lazy	-	-	1	private val zero by lazy { read() }
kotlin.time	val	ldt	-	-	1	val ldt = UnboundLocalDateTime.fromInstant(instant)
kotlin.time	var	length	-	-	1	var length = value.length
kotlin.time	val	length	-	-	1	val length = value.length
kotlin.time	val	Long	-	-	13	val epochDays: Long = run {
kotlin.time	var	Long	-	-	2	var epochSeconds: Long,
kotlin.time	val	longDelta	-	-	1	val longDelta = duration.toLong(unit)
kotlin.time	class	LongTimeMark	-	-	1	private class LongTimeMark(private val startedAt: Long, private val timeSource: AbstractLongTimeSource, private val offset: Duration) : ComparableTimeMark {
kotlin.time	val	marchDoy0	-	-	1	val marchDoy0 = doyEst.toInt()
kotlin.time	val	marchMonth0	-	-	1	val marchMonth0 = (marchDoy0 * 5 + 2) / 153
kotlin.time	val	mark	-	-	4	val mark = markNow()
kotlin.time	fun	markNow	-	-	1	public fun markNow(): TimeMark
kotlin.time	val	MAX	-	-	1	internal val MAX = Instant(MAX_SECOND, 999_999_999)
kotlin.time	val	MAX_MILLIS	-	-	1	internal const val MAX_MILLIS = Long.MAX_VALUE / 2
kotlin.time	val	MAX_NANOS	-	-	1	internal const val MAX_NANOS = Long.MAX_VALUE / 2 / NANOS_IN_MILLIS * NANOS_IN_MILLIS - 1
kotlin.time	val	MAX_NANOS_IN_MILLIS	-	-	1	private const val MAX_NANOS_IN_MILLIS = MAX_NANOS / NANOS_IN_MILLIS
kotlin.time	val	MAX_SECOND	-	-	1	private const val MAX_SECOND = 31556889864403199L
kotlin.time	val	maxNsInUnit	-	-	1	val maxNsInUnit = convertDurationUnitOverflow(MAX_NANOS, DurationUnit.NANOSECONDS, unit)
kotlin.time	fun	measureTime	-	1.9	3	public inline fun measureTime(block: () -> Unit): Duration {
kotlin.time	fun	measureTimedValue	-	1.9	3	public inline fun <T> measureTimedValue(block: () -> T): TimedValue<T> {
kotlin.time	val	millis	-	-	5	val millis = nanosToMillis(value)
kotlin.time	val	MILLIS_PER_SECOND	-	-	1	private const val MILLIS_PER_SECOND = 1_000
kotlin.time	fun	millisToNanos	-	-	1	private fun millisToNanos(millis: Long): Long = millis * NANOS_IN_MILLIS
kotlin.time	val	MIN	-	-	1	internal val MIN = Instant(MIN_SECOND, 0)
kotlin.time	val	MIN_SECOND	-	-	1	private const val MIN_SECOND = -31557014167219200L
kotlin.time	fun	minus	-	-	6	public operator fun minus(other: Instant): Duration =
kotlin.time	val	minute	-	-	1	val minute = twoDigitNumber(i + 10)
kotlin.time	val	minutes	-	-	1	val minutes = (secondWithoutHours / SECONDS_PER_MINUTE)
kotlin.time	object	Monotonic	-	-	1	public object Monotonic : TimeSource.WithComparableMarks {
kotlin.time	object	MonotonicTimeSource	-	1.3	2	internal expect object MonotonicTimeSource : TimeSource.WithComparableMarks {
kotlin.time	val	month	-	-	1	val month = twoDigitNumber(i + 1)
kotlin.time	fun	monthLength	Int	-	1	private fun Int.monthLength(isLeapYear: Boolean): Int =
kotlin.time	val	nanoAdjustment	-	-	1	val nanoAdjustment = nanosecondsOfSecond + nanosecondsToAdd
kotlin.time	val	nanos	-	-	1	val nanos = valueInNs.roundToLong()
kotlin.time	val	NANOS_IN_MILLIS	-	-	1	internal const val NANOS_IN_MILLIS = 1_000_000
kotlin.time	val	NANOS_PER_MILLI	-	-	1	private const val NANOS_PER_MILLI = 1_000_000
kotlin.time	val	NANOS_PER_SECOND	-	-	1	internal const val NANOS_PER_SECOND = 1_000_000_000
kotlin.time	val	nanosecond	-	-	1	val nanosecond = if (s[i + 15] == '.') {
kotlin.time	val	nanoseconds	-	-	1	val nanoseconds = nanosecondAdjustment.mod(NANOS_PER_SECOND.toLong()).toInt()
kotlin.time	val	nanosecondsOfSecond	-	-	1	val nanosecondsOfSecond = (epochMilliseconds.mod(MILLIS_PER_SECOND.toLong()) * NANOS_PER_MILLI).toInt()
kotlin.time	fun	nanosToMillis	-	-	1	private fun nanosToMillis(nanos: Long): Long = nanos / NANOS_IN_MILLIS
kotlin.time	val	newOffset	-	-	1	val newOffset = if (newValue.isSaturated()) Duration.ZERO else restUnderUnit
kotlin.time	val	newReading	-	-	1	val newReading = reading + longDelta
kotlin.time	val	newValue	-	-	2	val newValue = sum
kotlin.time	val	nonDigitSymbols	-	-	1	val nonDigitSymbols = "+-."
kotlin.time	val	nonZeroDigits	-	-	1	val nonZeroDigits = fracString.indexOfLast { it != '0' } + 1
kotlin.time	fun	now	-	-	2	public fun now(): Instant
kotlin.time	val	number	-	-	2	val number = ldt.year
kotlin.time	val	numberToOutput	-	-	1	val numberToOutput = ldt.nanosecond / POWERS_OF_TEN[zerosToStrip]
kotlin.time	val	offsetDiff	-	-	1	val offsetDiff = this.offset - other.offset
kotlin.time	val	offsetHour	-	-	1	val offsetHour = twoDigitNumber(i + 1)
kotlin.time	val	offsetMinute	-	-	1	val offsetMinute = if (offsetStrLength > 3) { twoDigitNumber(i + 4) } else { 0 }
kotlin.time	val	offsetSecond	-	-	1	val offsetSecond = if (offsetStrLength > 6) { twoDigitNumber(i + 7) } else { 0 }
kotlin.time	val	offsetSeconds	-	-	1	val offsetSeconds = when (val sign = s[i]) {
kotlin.time	val	offsetStrLength	-	-	1	val offsetStrLength = s.length - i
kotlin.time	val	otherInThis	-	-	1	val otherInThis = sourceUnit.timeUnit.convert(1, targetUnit.timeUnit)
kotlin.time	val	otherMillis	-	-	1	val otherMillis = nanosToMillis(otherNanos)
kotlin.time	val	otherNanoRemainder	-	-	1	val otherNanoRemainder = otherNanos - millisToNanos(otherMillis)
kotlin.time	fun	overflow	-	-	1	private fun overflow(duration: Duration) {
kotlin.time	fun	parse	-	-	2	public fun parse(value: String): Duration = try {
kotlin.time	fun	parseDuration	-	-	1	private fun parseDuration(value: String, strictIso: Boolean): Duration {
kotlin.time	fun	parseFailure	-	-	1	fun parseFailure(error: String): InstantParseResult.Failure = InstantParseResult.Failure(
kotlin.time	fun	parseIso	-	-	1	private fun parseIso(isoString: CharSequence): InstantParseResult {
kotlin.time	fun	parseIsoString	-	-	1	public fun parseIsoString(value: String): Duration = try {
kotlin.time	fun	parseIsoStringOrNull	-	-	1	public fun parseIsoStringOrNull(value: String): Duration? = try {
kotlin.time	fun	parseOrNull	-	2.2	2	public fun parseOrNull(value: String): Duration? = try {
kotlin.time	fun	parseOverLongIsoComponent	-	-	1	private fun parseOverLongIsoComponent(value: String): Long {
kotlin.time	fun	plus	-	-	3	public operator fun plus(other: Duration): Duration {
kotlin.time	fun	plusAssign	-	-	1	public operator fun plusAssign(duration: Duration) {
kotlin.time	val	POWERS_OF_TEN	-	-	1	private val POWERS_OF_TEN = intArrayOf(
kotlin.time	val	precisionFormats	-	-	1	private val precisionFormats = Array(4) { ThreadLocal<DecimalFormat>() }
kotlin.time	val	r	-	-	1	val r = this.unitDiscriminator - other.unitDiscriminator
kotlin.time	fun	read	-	-	3	protected abstract fun read(): Long
kotlin.time	val	readingBefore	-	-	1	val readingBefore = reading
kotlin.time	fun	readObject	-	-	1	private fun readObject(input: ReadObjectParameterType): Unit = throwReadObjectNotSupported()
kotlin.time	fun	readResolve	-	-	1	private fun readResolve(): Any =
kotlin.time	val	rem	-	-	1	val rem = millisToNanos(value - (result * scale)) / scale
kotlin.time	val	remNanos	-	-	1	val remNanos = value - millisToNanos(millis)
kotlin.time	val	rest	-	-	1	val rest = (duration - durationInUnit) + offset
kotlin.time	val	restInUnit	-	-	1	val restInUnit = rest.truncateTo(unit)
kotlin.time	var	restUnderUnit	-	-	1	var restUnderUnit = rest - restInUnit
kotlin.time	val	restUnderUnitNs	-	-	1	val restUnderUnitNs = restUnderUnit.inWholeNanoseconds
kotlin.time	val	result	-	-	10	val result = block()
kotlin.time	var	result	-	-	1	var result = Duration.ZERO
kotlin.time	val	resultMillis	-	-	2	val resultMillis = millis * scale
kotlin.time	val	resultMs	-	-	1	val resultMs = value1 / unitsInMilli - value2 / unitsInMilli
kotlin.time	val	resultUnit	-	-	1	val resultUnit = value1 % unitsInMilli - value2 % unitsInMilli
kotlin.time	val	s	-	-	2	val s = isoString
kotlin.time	fun	safeAddOrElse	-	-	1	private inline fun safeAddOrElse(a: Long, b: Long, action: () -> Nothing): Long {
kotlin.time	fun	safeMultiplyOrElse	-	-	1	private inline fun safeMultiplyOrElse(a: Long, b: Long, action: () -> Nothing): Long {
kotlin.time	fun	saturatingAdd	-	-	1	internal fun saturatingAdd(value: Long, unit: DurationUnit, duration: Duration): Long {
kotlin.time	fun	saturatingAddInHalves	-	-	1	private fun saturatingAddInHalves(value: Long, unit: DurationUnit, duration: Duration): Long {
kotlin.time	fun	saturatingDiff	-	-	1	internal fun saturatingDiff(valueNs: Long, origin: Long, unit: DurationUnit): Duration {
kotlin.time	fun	saturatingFiniteDiff	-	-	1	private fun saturatingFiniteDiff(value1: Long, value2: Long, unit: DurationUnit): Duration {
kotlin.time	fun	saturatingOriginsDiff	-	-	1	internal fun saturatingOriginsDiff(origin1: Long, origin2: Long, unit: DurationUnit): Duration {
kotlin.time	val	scale	-	-	1	val scale = convertDurationUnit(1, unit, storageUnit)
kotlin.time	val	second	-	-	2	val second = twoDigitNumber(i + 13)
kotlin.time	val	seconds	-	-	1	val seconds = safeAddOrElse(epochSeconds, nanosecondAdjustment.floorDiv(NANOS_PER_SECOND.toLong())) {
kotlin.time	val	SECONDS_PER_HOUR	-	-	1	private const val SECONDS_PER_HOUR = 60 * 60
kotlin.time	val	SECONDS_PER_MINUTE	-	-	1	private const val SECONDS_PER_MINUTE = 60
kotlin.time	val	secondWithoutHours	-	-	1	val secondWithoutHours = secsOfDay - hours * SECONDS_PER_HOUR
kotlin.time	val	secsOfDay	-	-	1	val secsOfDay = localSecond.mod(SECONDS_PER_DAY.toLong()).toInt()
kotlin.time	fun	serializedInstant	-	-	2	internal expect fun serializedInstant(instant: Instant): Any
kotlin.time	fun	shortName	DurationUnit	1.3	1	internal fun DurationUnit.shortName(): String = when (this) {
kotlin.time	fun	skipWhile	String	-	1	private inline fun String.skipWhile(startIndex: Int, predicate: (Char) -> Boolean): Int {
kotlin.time	val	sourceInTargets	-	-	1	val sourceInTargets = targetUnit.timeUnit.convert(1, sourceUnit.timeUnit)
kotlin.time	val	startedAtDiff	-	-	2	val startedAtDiff = (this.startedAt - other.startedAt).toDuration(timeSource.unit)
kotlin.time	var	startIndex	-	-	1	var startIndex = 0
kotlin.time	val	storageUnit	-	-	1	val storageUnit = storageUnit
kotlin.time	fun	substringWhile	String	-	1	private inline fun String.substringWhile(startIndex: Int, predicate: (Char) -> Boolean): String =
kotlin.time	class	Success	-	-	1	class Success(val epochSeconds: Long, val nanosecondsOfSecond: Int) : InstantParseResult {
kotlin.time	val	sum	-	-	1	val sum = a + b
kotlin.time	var	sum	-	-	1	var sum = saturatingAdd(startedAt, unit, durationInUnit)
kotlin.time	object	System	-	-	1	public object System : Clock {
kotlin.time	fun	systemClockNow	-	-	2	internal expect fun systemClockNow(): Instant
kotlin.time	class	TestTimeSource	-	1.9	1	public class TestTimeSource : AbstractLongTimeSource(unit = DurationUnit.NANOSECONDS) {
kotlin.time	class	TimedValue	-	1.9	1	public data class TimedValue<T>(val value: T, val duration: Duration)
kotlin.time	val	TimeMark	-	-	1	private val startMark: TimeMark = markNow()
kotlin.time	interface	TimeMark	-	1.9	1	public interface TimeMark {
kotlin.time	fun	times	-	1.6	4	public operator fun times(scale: Int): Duration {
kotlin.time	interface	TimeSource	-	1.9	1	public interface TimeSource {
kotlin.time	fun	toComponents	-	-	4	public inline fun <T> toComponents(action: (seconds: Long, nanoseconds: Int) -> T): T {
kotlin.time	fun	toDouble	-	-	1	public fun toDouble(unit: DurationUnit): Double {
kotlin.time	fun	toDuration	Int	1.6	3	public fun Int.toDuration(unit: DurationUnit): Duration {
kotlin.time	fun	toDurationUnit	TimeUnit	1.8	1	public fun TimeUnit.toDurationUnit(): DurationUnit = when (this) {
kotlin.time	fun	toEpochMilliseconds	-	-	1	public fun toEpochMilliseconds(): Long {
kotlin.time	fun	toInstant	-	-	2	fun toInstant(): Instant
kotlin.time	fun	toInstantOrNull	-	-	1	fun toInstantOrNull(): Instant?
kotlin.time	fun	toInt	-	-	1	public fun toInt(unit: DurationUnit): Int =
kotlin.time	fun	toIsoString	-	-	1	public fun toIsoString(): String = buildString {
kotlin.time	fun	toJavaDuration	Duration	1.6	1	public inline fun Duration.toJavaDuration(): java.time.Duration =
kotlin.time	fun	toJavaInstant	Instant	2.1	1	public fun Instant.toJavaInstant(): java.time.Instant =
kotlin.time	fun	toKotlinDuration	java.time.Duration	1.6	1	public inline fun java.time.Duration.toKotlinDuration(): Duration =
kotlin.time	fun	toKotlinInstant	java.time.Instant	2.1	1	public fun java.time.Instant.toKotlinInstant(): Instant =
kotlin.time	fun	toLong	-	-	1	public fun toLong(unit: DurationUnit): Long {
kotlin.time	fun	toString	-	-	1	public fun toString(unit: DurationUnit, decimals: Int = 0): String {
kotlin.time	var	total	-	-	1	var total = 365 * y
kotlin.time	val	total	-	-	1	val total = a * b
kotlin.time	val	totalMillis	-	-	1	val totalMillis = resultMillis + nanosToMillis(remNanos * scale)
kotlin.time	fun	toTimeUnit	DurationUnit	1.8	1	public fun DurationUnit.toTimeUnit(): TimeUnit = timeUnit
kotlin.time	fun	truncateForErrorMessage	CharSequence	-	1	private fun CharSequence.truncateForErrorMessage(maxLength: Int): String {
kotlin.time	fun	truncateTo	-	-	1	internal fun truncateTo(unit: DurationUnit): Duration {
kotlin.time	fun	twoDigitNumber	-	-	1	fun twoDigitNumber(index: Int) = (s[index] - '0') * 10 + (s[index + 1] - '0')
kotlin.time	fun	unaryMinus	-	-	1	public operator fun unaryMinus(): Duration = durationOf(-value, unitDiscriminator)
kotlin.time	class	UnboundLocalDateTime	-	-	1	private class UnboundLocalDateTime(
kotlin.time	val	unit	-	-	5	val unit = storageUnit
kotlin.time	val	unitChar	-	-	1	val unitChar = value.getOrElse(index) { throw IllegalArgumentException("Missing unit for value $component") }
kotlin.time	val	unitName	-	-	1	val unitName = value.substringWhile(index) { it in 'a'..'z' }
kotlin.time	val	unitsInMilli	-	-	1	val unitsInMilli = convertDurationUnit(1, DurationUnit.MILLISECONDS, unit)
kotlin.time	val	value	-	-	2	val value = value
kotlin.time	val	valueInNs	-	-	1	val valueInNs = convertDurationUnit(this, unit, DurationUnit.NANOSECONDS)
kotlin.time	class	ValueTimeMark	-	1.9	1	public value class ValueTimeMark internal constructor(internal val reading: ValueTimeMarkReading) : ComparableTimeMark {
kotlin.time	class	ValueTimeMarkReading	-	-	1	internal expect class ValueTimeMarkReading
kotlin.time	typealias	ValueTimeMarkReading	-	-	1	internal actual typealias ValueTimeMarkReading = Long
kotlin.time	val	whole	-	-	2	val whole = component.substring(0, dotIndex)
kotlin.time	interface	WithComparableMarks	-	1.9	1	public interface WithComparableMarks : TimeSource {
kotlin.time	fun	writeReplace	-	-	1	private fun writeReplace(): Any = serializedInstant(this)
kotlin.time	val	y	-	-	1	val y = year.toLong()
kotlin.time	val	year	-	-	1	val year = when {
kotlin.time	var	yearEst	-	-	1	var yearEst = ((400 * zeroDay + 591) / DAYS_PER_CYCLE)
kotlin.time	val	yearSign	-	-	1	val yearSign = when (val c = s[i]) {
kotlin.time	val	yearStart	-	-	1	val yearStart = i
kotlin.time	val	yearStrLength	-	-	1	val yearStrLength = i - yearStart
kotlin.time	var	zeroDay	-	-	1	var zeroDay = epochDays + DAYS_0000_TO_1970
kotlin.time	var	zerosToStrip	-	-	1	var zerosToStrip = 0
kotlin.uuid	val	byte	-	-	1	val byte = ((this shr shift) and 0xFF).toInt()
kotlin.uuid	val	byteDigits	-	-	1	val byteDigits = BYTE_TO_LOWER_CASE_HEX_DIGITS[byte]
kotlin.uuid	val	bytes	-	-	3	val bytes = ByteArray(36)
kotlin.uuid	fun	checkHyphenAt	String	-	1	internal fun String.checkHyphenAt(index: Int) {
kotlin.uuid	val	Comparator	-	-	1	public val LEXICAL_ORDER: Comparator<Uuid>
kotlin.uuid	var	dstIndex	-	-	1	var dstIndex = dstOffset
kotlin.uuid	class	ExperimentalUuidApi	-	2.0	1	public annotation class ExperimentalUuidApi
kotlin.uuid	fun	formatBytesInto	Long	-	2	internal expect fun Long.formatBytesInto(dst: ByteArray, dstOffset: Int, startIndex: Int, endIndex: Int)
kotlin.uuid	fun	formatBytesIntoCommonImpl	Long	-	1	internal fun Long.formatBytesIntoCommonImpl(dst: ByteArray, dstOffset: Int, startIndex: Int, endIndex: Int) {
kotlin.uuid	fun	fromByteArray	-	-	1	public fun fromByteArray(byteArray: ByteArray): Uuid {
kotlin.uuid	fun	fromLongs	-	-	1	public fun fromLongs(mostSignificantBits: Long, leastSignificantBits: Long): Uuid =
kotlin.uuid	fun	fromUByteArray	-	2.1	1	public fun fromUByteArray(ubyteArray: UByteArray): Uuid {
kotlin.uuid	fun	fromULongs	-	-	1	public fun fromULongs(mostSignificantBits: ULong, leastSignificantBits: ULong): Uuid =
kotlin.uuid	fun	getLongAt	ByteArray	-	2	internal expect fun ByteArray.getLongAt(index: Int): Long
kotlin.uuid	fun	getLongAtCommonImpl	ByteArray	-	1	internal fun ByteArray.getLongAtCommonImpl(index: Int): Long {
kotlin.uuid	fun	getUuid	ByteBuffer	2.0	2	public fun ByteBuffer.getUuid(): Uuid {
kotlin.uuid	var	i	-	-	1	var i = index
kotlin.uuid	val	instance	-	-	1	val instance = SecureRandom()
kotlin.uuid	val	Int	-	-	2	public const val SIZE_BYTES: Int = 16
kotlin.uuid	val	Long	-	-	3	private const val serialVersionUID: Long = 0L
kotlin.uuid	var	Long	-	-	2	var mostSignificantBits: Long,
kotlin.uuid	val	lsb	-	-	2	val lsb = (part4 shl 48) or part5
kotlin.uuid	var	lsb	-	-	2	var lsb = getLong()
kotlin.uuid	val	msb	-	-	2	val msb = (part1 shl 32) or (part2 shl 16) or part3
kotlin.uuid	var	msb	-	-	2	var msb = getLong()
kotlin.uuid	fun	parse	-	-	1	public fun parse(uuidString: String): Uuid {
kotlin.uuid	fun	parseHex	-	-	1	public fun parseHex(hexString: String): Uuid {
kotlin.uuid	fun	parseHexDash	-	2.1	1	public fun parseHexDash(hexDashString: String): Uuid {
kotlin.uuid	val	part1	-	-	1	val part1 = hexDashString.hexToLong(startIndex = 0, endIndex = 8)
kotlin.uuid	val	part2	-	-	1	val part2 = hexDashString.hexToLong(startIndex = 9, endIndex = 13)
kotlin.uuid	val	part3	-	-	1	val part3 = hexDashString.hexToLong(startIndex = 14, endIndex = 18)
kotlin.uuid	val	part4	-	-	1	val part4 = hexDashString.hexToLong(startIndex = 19, endIndex = 23)
kotlin.uuid	val	part5	-	-	1	val part5 = hexDashString.hexToLong(startIndex = 24, endIndex = 36)
kotlin.uuid	fun	putUuid	ByteBuffer	2.0	2	public fun ByteBuffer.putUuid(uuid: Uuid): ByteBuffer = uuid.toLongs { msb, lsb ->
kotlin.uuid	fun	random	-	-	1	public fun random(): Uuid =
kotlin.uuid	val	randomBytes	-	-	1	val randomBytes = ByteArray(Uuid.SIZE_BYTES)
kotlin.uuid	fun	readObject	-	-	1	private fun readObject(input: ReadObjectParameterType): Unit = throwReadObjectNotSupported()
kotlin.uuid	fun	readResolve	-	-	1	private fun readResolve(): Any =
kotlin.uuid	fun	reverseBytes	Long	-	1	internal inline fun Long.reverseBytes(): Long = java.lang.Long.reverseBytes(this)
kotlin.uuid	object	SecureRandomHolder	-	-	1	private object SecureRandomHolder {
kotlin.uuid	fun	secureRandomUuid	-	-	2	internal expect fun secureRandomUuid(): Uuid
kotlin.uuid	fun	serializedUuid	-	-	2	internal expect fun serializedUuid(uuid: Uuid): Any
kotlin.uuid	fun	setLongAt	ByteArray	-	2	internal expect fun ByteArray.setLongAt(index: Int, value: Long)
kotlin.uuid	fun	setLongAtCommonImpl	ByteArray	-	1	internal fun ByteArray.setLongAtCommonImpl(index: Int, value: Long) {
kotlin.uuid	val	shift	-	-	2	val shift = reversedIndex shl 3
kotlin.uuid	fun	toByteArray	-	-	1	public fun toByteArray(): ByteArray {
kotlin.uuid	fun	toHexDashString	-	2.1	1	public fun toHexDashString(): String {
kotlin.uuid	fun	toHexString	-	-	1	public fun toHexString(): String {
kotlin.uuid	fun	toJavaUuid	Uuid	2.0	1	public inline fun Uuid.toJavaUuid(): java.util.UUID = toLongs { mostSignificantBits, leastSignificantBits ->
kotlin.uuid	fun	toKotlinUuid	java.util.UUID	2.0	1	public inline fun java.util.UUID.toKotlinUuid(): Uuid =
kotlin.uuid	fun	toLongs	-	-	1	public inline fun <T> toLongs(action: (mostSignificantBits: Long, leastSignificantBits: Long) -> T): T {
kotlin.uuid	fun	toUByteArray	-	2.1	1	public fun toUByteArray(): UByteArray {
kotlin.uuid	fun	toULongs	-	-	1	public inline fun <T> toULongs(action: (mostSignificantBits: ULong, leastSignificantBits: ULong) -> T): T {
kotlin.uuid	fun	truncateForErrorMessage	String	-	2	private fun String.truncateForErrorMessage(maxLength: Int): String {
kotlin.uuid	class	Uuid	-	2.0	1	public class Uuid private constructor(
kotlin.uuid	val	Uuid	-	-	1	public val NIL: Uuid = Uuid(0, 0)
kotlin.uuid	fun	uuidFromRandomBytes	-	-	1	internal fun uuidFromRandomBytes(randomBytes: ByteArray): Uuid {
kotlin.uuid	fun	uuidParseHex	-	-	2	internal expect fun uuidParseHex(hexString: String): Uuid
kotlin.uuid	fun	uuidParseHexCommonImpl	-	-	1	internal fun uuidParseHexCommonImpl(hexString: String): Uuid {
kotlin.uuid	fun	uuidParseHexDash	-	-	2	internal expect fun uuidParseHexDash(hexDashString: String): Uuid
kotlin.uuid	fun	uuidParseHexDashCommonImpl	-	-	1	internal fun uuidParseHexDashCommonImpl(hexDashString: String): Uuid {
kotlin.uuid	class	UuidSerialized	-	-	1	private class UuidSerialized(
kotlin.uuid	fun	writeReplace	-	-	1	private fun writeReplace(): Any = serializedUuid(this)
