since	kind	name	receiver	arity	sig	loc
-	interface	Annotation	-	0	public expect interface Annotation	commonMain/kotlin/Annotation.kt:14
2.0	class	ConsistentCopyVisibility	-	0	public annotation class ConsistentCopyVisibility	commonMain/kotlin/annotations/ConsistentCopyVisibility.kt:61
2.0	class	ExposedCopyVisibility	-	0	public annotation class ExposedCopyVisibility	commonMain/kotlin/annotations/ConsistentCopyVisibility.kt:115
1.3	class	ExperimentalStdlibApi	-	0	public annotation class ExperimentalStdlibApi	commonMain/kotlin/annotations/ExperimentalStdlibApi.kt:36
1.3	class	BuilderInference	-	0	public annotation class BuilderInference	commonMain/kotlin/annotations/Inference.kt:37
1.4	class	OverloadResolutionByLambdaReturnType	-	0	public annotation class OverloadResolutionByLambdaReturnType	commonMain/kotlin/annotations/Inference.kt:69
-	class	ExperimentalMultiplatform	-	0	public annotation class ExperimentalMultiplatform	commonMain/kotlin/annotations/Multiplatform.kt:35
-	class	OptionalExpectation	-	0	public annotation class OptionalExpectation	commonMain/kotlin/annotations/Multiplatform.kt:50
1.3	class	RequiresOptIn	-	0	public annotation class RequiresOptIn(	commonMain/kotlin/annotations/OptIn.kt:100
-	val	String	-	1	val message: String = "",	commonMain/kotlin/annotations/OptIn.kt:101
-	val	Level	-	0	val level: Level = Level.ERROR	commonMain/kotlin/annotations/OptIn.kt:102
-	class	Level	-	0	public enum class Level {	commonMain/kotlin/annotations/OptIn.kt:108
1.3	class	OptIn	-	0	public annotation class OptIn(	commonMain/kotlin/annotations/OptIn.kt:135
1.8	class	ExperimentalSubclassOptIn	-	0	public annotation class ExperimentalSubclassOptIn	commonMain/kotlin/annotations/OptIn.kt:150
2.1	class	SubclassOptInRequired	-	0	public annotation class SubclassOptInRequired(	commonMain/kotlin/annotations/OptIn.kt:181
2.2	class	IgnorableReturnValue	-	0	public annotation class IgnorableReturnValue	commonMain/kotlin/annotations/ReturnValue.kt:18
2.2	class	MustUseReturnValue	-	0	public annotation class MustUseReturnValue	commonMain/kotlin/annotations/ReturnValue.kt:32
1.4	class	Throws	-	0	public expect annotation class Throws(vararg val exceptionClasses: KClass<out Throwable>)	commonMain/kotlin/annotations/Throws.kt:20
-	class	ExperimentalUnsignedTypes	-	0	public annotation class ExperimentalUnsignedTypes	commonMain/kotlin/annotations/Unsigned.kt:26
-	class	WasExperimental	-	0	internal annotation class WasExperimental(	commonMain/kotlin/annotations/WasExperimental.kt:17
-	class	Deprecated	-	0	public annotation class Deprecated(	commonMain/kotlin/Annotations.kt:36
-	val	String	-	1	val message: String,	commonMain/kotlin/Annotations.kt:37
-	val	ReplaceWith	-	1	val replaceWith: ReplaceWith = ReplaceWith(""),	commonMain/kotlin/Annotations.kt:38
-	val	DeprecationLevel	-	0	val level: DeprecationLevel = DeprecationLevel.WARNING	commonMain/kotlin/Annotations.kt:39
1.4	class	DeprecatedSinceKotlin	-	0	public annotation class DeprecatedSinceKotlin(	commonMain/kotlin/Annotations.kt:57
-	val	String	-	1	val warningSince: String = "",	commonMain/kotlin/Annotations.kt:58
-	val	String	-	1	val errorSince: String = "",	commonMain/kotlin/Annotations.kt:59
-	val	String	-	0	val hiddenSince: String = ""	commonMain/kotlin/Annotations.kt:60
-	class	ReplaceWith	-	1	public annotation class ReplaceWith(val expression: String, vararg val imports: String)	commonMain/kotlin/Annotations.kt:79
-	class	DeprecationLevel	-	0	public enum class DeprecationLevel {	commonMain/kotlin/Annotations.kt:86
-	class	ExtensionFunctionType	-	0	public annotation class ExtensionFunctionType	commonMain/kotlin/Annotations.kt:100
1.7	class	ContextFunctionTypeParams	-	0	public annotation class ContextFunctionTypeParams(val count: Int)	commonMain/kotlin/Annotations.kt:116
1.1	class	ParameterName	-	0	public annotation class ParameterName(val name: String)	commonMain/kotlin/Annotations.kt:124
-	class	Suppress	-	0	public annotation class Suppress(vararg val names: String)	commonMain/kotlin/Annotations.kt:133
-	class	UnsafeVariance	-	0	public annotation class UnsafeVariance	commonMain/kotlin/Annotations.kt:141
-	class	SinceKotlin	-	0	public annotation class SinceKotlin(val version: String)	commonMain/kotlin/Annotations.kt:153
1.1	class	DslMarker	-	0	public annotation class DslMarker	commonMain/kotlin/Annotations.kt:173
1.1	class	PublishedApi	-	0	public annotation class PublishedApi	commonMain/kotlin/Annotations.kt:192
-	class	Any	-	0	public expect open class Any() {	commonMain/kotlin/Any.kt:12
-	fun	equals	-	0	public open operator fun equals(other: Any?): Boolean	commonMain/kotlin/Any.kt:25
-	fun	hashCode	-	0	public open fun hashCode(): Int	commonMain/kotlin/Any.kt:34
-	fun	toString	-	0	public open fun toString(): String	commonMain/kotlin/Any.kt:39
-	class	Array	-	0	public expect class Array<T> {	commonMain/kotlin/Array.kt:19
-	fun	get	-	0	public operator fun get(index: Int): T	commonMain/kotlin/Array.kt:43
-	fun	set	-	1	public operator fun set(index: Int, value: T): Unit	commonMain/kotlin/Array.kt:56
-	val	Int	-	0	public val size: Int	commonMain/kotlin/Array.kt:61
-	fun	iterator	-	0	public operator fun iterator(): Iterator<T>	commonMain/kotlin/Array.kt:64
-	fun	emptyArray	-	0	public expect fun <reified T> emptyArray(): Array<T>	commonMain/kotlin/ArrayIntrinsics.kt:12
-	class	ByteArray	-	0	public expect class ByteArray	commonMain/kotlin/Arrays.kt:17
-	fun	get	-	0	public operator fun get(index: Int): Byte	commonMain/kotlin/Arrays.kt:46
-	fun	set	-	1	public operator fun set(index: Int, value: Byte): Unit	commonMain/kotlin/Arrays.kt:59
-	val	Int	-	0	public val size: Int	commonMain/kotlin/Arrays.kt:64
-	fun	iterator	-	0	public operator fun iterator(): ByteIterator	commonMain/kotlin/Arrays.kt:67
-	class	CharArray	-	0	public expect class CharArray	commonMain/kotlin/Arrays.kt:76
-	fun	get	-	0	public operator fun get(index: Int): Char	commonMain/kotlin/Arrays.kt:105
-	fun	set	-	1	public operator fun set(index: Int, value: Char): Unit	commonMain/kotlin/Arrays.kt:118
-	val	Int	-	0	public val size: Int	commonMain/kotlin/Arrays.kt:123
-	fun	iterator	-	0	public operator fun iterator(): CharIterator	commonMain/kotlin/Arrays.kt:126
-	class	ShortArray	-	0	public expect class ShortArray	commonMain/kotlin/Arrays.kt:135
-	fun	get	-	0	public operator fun get(index: Int): Short	commonMain/kotlin/Arrays.kt:164
-	fun	set	-	1	public operator fun set(index: Int, value: Short): Unit	commonMain/kotlin/Arrays.kt:177
-	val	Int	-	0	public val size: Int	commonMain/kotlin/Arrays.kt:182
-	fun	iterator	-	0	public operator fun iterator(): ShortIterator	commonMain/kotlin/Arrays.kt:185
-	class	IntArray	-	0	public expect class IntArray	commonMain/kotlin/Arrays.kt:194
-	fun	get	-	0	public operator fun get(index: Int): Int	commonMain/kotlin/Arrays.kt:223
-	fun	set	-	1	public operator fun set(index: Int, value: Int): Unit	commonMain/kotlin/Arrays.kt:236
-	val	Int	-	0	public val size: Int	commonMain/kotlin/Arrays.kt:241
-	fun	iterator	-	0	public operator fun iterator(): IntIterator	commonMain/kotlin/Arrays.kt:244
-	class	LongArray	-	0	public expect class LongArray	commonMain/kotlin/Arrays.kt:253
-	fun	get	-	0	public operator fun get(index: Int): Long	commonMain/kotlin/Arrays.kt:282
-	fun	set	-	1	public operator fun set(index: Int, value: Long): Unit	commonMain/kotlin/Arrays.kt:295
-	val	Int	-	0	public val size: Int	commonMain/kotlin/Arrays.kt:300
-	fun	iterator	-	0	public operator fun iterator(): LongIterator	commonMain/kotlin/Arrays.kt:303
-	class	FloatArray	-	0	public expect class FloatArray	commonMain/kotlin/Arrays.kt:312
-	fun	get	-	0	public operator fun get(index: Int): Float	commonMain/kotlin/Arrays.kt:341
-	fun	set	-	1	public operator fun set(index: Int, value: Float): Unit	commonMain/kotlin/Arrays.kt:354
-	val	Int	-	0	public val size: Int	commonMain/kotlin/Arrays.kt:359
-	fun	iterator	-	0	public operator fun iterator(): FloatIterator	commonMain/kotlin/Arrays.kt:362
-	class	DoubleArray	-	0	public expect class DoubleArray	commonMain/kotlin/Arrays.kt:371
-	fun	get	-	0	public operator fun get(index: Int): Double	commonMain/kotlin/Arrays.kt:400
-	fun	set	-	1	public operator fun set(index: Int, value: Double): Unit	commonMain/kotlin/Arrays.kt:413
-	val	Int	-	0	public val size: Int	commonMain/kotlin/Arrays.kt:418
-	fun	iterator	-	0	public operator fun iterator(): DoubleIterator	commonMain/kotlin/Arrays.kt:421
-	class	BooleanArray	-	0	public expect class BooleanArray	commonMain/kotlin/Arrays.kt:430
-	fun	get	-	0	public operator fun get(index: Int): Boolean	commonMain/kotlin/Arrays.kt:459
-	fun	set	-	1	public operator fun set(index: Int, value: Boolean): Unit	commonMain/kotlin/Arrays.kt:472
-	val	Int	-	0	public val size: Int	commonMain/kotlin/Arrays.kt:477
-	fun	iterator	-	0	public operator fun iterator(): BooleanIterator	commonMain/kotlin/Arrays.kt:480
2.0	interface	AutoCloseable	-	0	public expect interface AutoCloseable {	commonMain/kotlin/AutoCloseable.kt:16
-	fun	close	-	0	public fun close(): Unit	commonMain/kotlin/AutoCloseable.kt:31
2.0	fun	AutoCloseable	-	0	public expect inline fun AutoCloseable(crossinline closeAction: () -> Unit): AutoCloseable	commonMain/kotlin/AutoCloseable.kt:64
2.0	fun	use	T	1	public expect inline fun <T : AutoCloseable?, R> T.use(block: (T) -> R): R {	commonMain/kotlin/AutoCloseable.kt:80
-	class	Boolean	-	0	public expect class Boolean : Comparable<Boolean> {	commonMain/kotlin/Boolean.kt:12
-	fun	not	-	0	public operator fun not(): Boolean	commonMain/kotlin/Boolean.kt:18
-	fun	and	-	0	public infix fun and(other: Boolean): Boolean	commonMain/kotlin/Boolean.kt:25
-	fun	or	-	0	public infix fun or(other: Boolean): Boolean	commonMain/kotlin/Boolean.kt:32
-	fun	xor	-	0	public infix fun xor(other: Boolean): Boolean	commonMain/kotlin/Boolean.kt:36
-	class	Char	-	0	public expect class Char : Comparable<Char> {	commonMain/kotlin/Char.kt:12
-	fun	plus	-	0	public operator fun plus(other: Int): Char	commonMain/kotlin/Char.kt:24
-	fun	minus	-	0	public operator fun minus(other: Char): Int	commonMain/kotlin/Char.kt:28
-	fun	minus	-	0	public operator fun minus(other: Int): Char	commonMain/kotlin/Char.kt:32
-	fun	inc	-	0	public operator fun inc(): Char	commonMain/kotlin/Char.kt:39
-	fun	dec	-	0	public operator fun dec(): Char	commonMain/kotlin/Char.kt:46
-	fun	rangeTo	-	0	public operator fun rangeTo(other: Char): CharRange	commonMain/kotlin/Char.kt:49
1.9	fun	rangeUntil	-	0	public operator fun rangeUntil(other: Char): CharRange	commonMain/kotlin/Char.kt:58
-	fun	toByte	-	0	public fun toByte(): Byte	commonMain/kotlin/Char.kt:64
-	fun	toChar	-	0	public fun toChar(): Char	commonMain/kotlin/Char.kt:68
-	fun	toShort	-	0	public fun toShort(): Short	commonMain/kotlin/Char.kt:74
-	fun	toInt	-	0	public fun toInt(): Int	commonMain/kotlin/Char.kt:80
-	fun	toLong	-	0	public fun toLong(): Long	commonMain/kotlin/Char.kt:86
-	fun	toFloat	-	0	public fun toFloat(): Float	commonMain/kotlin/Char.kt:92
-	fun	toDouble	-	0	public fun toDouble(): Double	commonMain/kotlin/Char.kt:98
1.3	val	Char	-	0	public const val MIN_VALUE: Char = '\u0000'	commonMain/kotlin/Char.kt:114
1.3	val	Char	-	0	public const val MAX_VALUE: Char = '\uFFFF'	commonMain/kotlin/Char.kt:120
-	val	Char	-	0	public const val MIN_HIGH_SURROGATE: Char = '\uD800'	commonMain/kotlin/Char.kt:125
-	val	Char	-	0	public const val MAX_HIGH_SURROGATE: Char = '\uDBFF'	commonMain/kotlin/Char.kt:130
-	val	Char	-	0	public const val MIN_LOW_SURROGATE: Char = '\uDC00'	commonMain/kotlin/Char.kt:135
-	val	Char	-	0	public const val MAX_LOW_SURROGATE: Char = '\uDFFF'	commonMain/kotlin/Char.kt:140
-	val	Char	-	0	public const val MIN_SURROGATE: Char = MIN_HIGH_SURROGATE	commonMain/kotlin/Char.kt:145
-	val	Char	-	0	public const val MAX_SURROGATE: Char = MAX_LOW_SURROGATE	commonMain/kotlin/Char.kt:150
1.3	val	Int	-	0	public const val SIZE_BYTES: Int = 2	commonMain/kotlin/Char.kt:156
1.3	val	Int	-	0	public const val SIZE_BITS: Int = 16	commonMain/kotlin/Char.kt:162
1.5	fun	Char	-	0	public inline fun Char(code: Int): Char {	commonMain/kotlin/CharCode.kt:20
1.5	fun	Char	-	0	public expect fun Char(code: UShort): Char	commonMain/kotlin/CharCode.kt:33
1.5	val	get	-	0	public inline val Char.code: Int get() = this.toInt()	commonMain/kotlin/CharCode.kt:46
-	interface	CharSequence	-	0	public expect interface CharSequence {	commonMain/kotlin/CharSequence.kt:12
-	val	Int	-	0	public val length: Int	commonMain/kotlin/CharSequence.kt:23
-	fun	get	-	0	public operator fun get(index: Int): Char	commonMain/kotlin/CharSequence.kt:33
-	fun	subSequence	-	1	public fun subSequence(startIndex: Int, endIndex: Int): CharSequence	commonMain/kotlin/CharSequence.kt:42
-	interface	Comparable	-	0	public expect interface Comparable<in T> {	commonMain/kotlin/Comparable.kt:12
-	fun	compareTo	-	0	public operator fun compareTo(other: T): Int	commonMain/kotlin/Comparable.kt:18
-	fun	Comparator	-	0	public expect fun interface Comparator<T> {	commonMain/kotlin/Comparator.kt:11
-	fun	compare	-	1	public fun compare(a: T, b: T): Int	commonMain/kotlin/Comparator.kt:17
1.6	fun	compareTo	-	0	public inline infix fun <T> Comparable<T>.compareTo(other: T): Int =	commonMain/kotlin/comparisons/compareTo.kt:19
2.2	fun	context	-	2	public inline fun <T, R> context(with: T, block: context(T) () -> R): R {	commonMain/kotlin/contextParameters/Context.kt:24
2.2	fun	context	-	5	public inline fun <A, B, Result> context(a: A, b: B, block: context(A, B) () -> Result): Result {	commonMain/kotlin/contextParameters/Context.kt:42
2.2	fun	context	-	8	public inline fun <A, B, C, Result> context(a: A, b: B, c: C, block: context(A, B, C) () -> Result): Result {	commonMain/kotlin/contextParameters/Context.kt:60
2.2	fun	context	-	11	public inline fun <A, B, C, D, Result> context(a: A, b: B, c: C, d: D, block: context(A, B, C, D) () -> Result): Result {	commonMain/kotlin/contextParameters/Context.kt:78
2.2	fun	context	-	14	public inline fun <A, B, C, D, E, Result> context(a: A, b: B, c: C, d: D, e: E, block: context(A, B, C, D, E) () -> Result): Result {	commonMain/kotlin/contextParameters/Context.kt:96
2.2	fun	context	-	17	public inline fun <A, B, C, D, E, F, Result> context(a: A, b: B, c: C, d: D, e: E, f: F, block: context(A, B, C, D, E, F) () -> Result): Result {	commonMain/kotlin/contextParameters/Context.kt:114
2.2	fun	context	-	20	public inline fun <A, B, C, D, E, F, G, Result> context(a: A, b: B, c: C, d: D, e: E, f: F, g: G, block: context(A, B, C, D, E, F, G) () -> Result): Result {	commonMain/kotlin/contextParameters/Context.kt:132
2.2	fun	context	-	23	public inline fun <A, B, C, D, E, F, G, H, Result> context(a: A, b: B, c: C, d: D, e: E, f: F, g: G, h: H, block: context(A, B, C, D, E, F, G, H) () -> Result): Result {	commonMain/kotlin/contextParameters/Context.kt:150
2.2	fun	context	-	26	public inline fun <A, B, C, D, E, F, G, H, I, Result> context(a: A, b: B, c: C, d: D, e: E, f: F, g: G, h: H, i: I, block: context(A, B, C, D, E, F, G, H, I) () -> Result): Result {	commonMain/kotlin/contextParameters/Context.kt:168
2.2	fun	context	-	29	public inline fun <A, B, C, D, E, F, G, H, I, J, Result> context(a: A, b: B, c: C, d: D, e: E, f: F, g: G, h: H, i: I, j: J, block: context(A, B, C, D, E, F, G, H, I, J) () -> Result): Result {	commonMain/kotlin/contextParameters/Context.kt:186
2.2	fun	context	-	32	public inline fun <A, B, C, D, E, F, G, H, I, J, K, Result> context(a: A, b: B, c: C, d: D, e: E, f: F, g: G, h: H, i: I, j: J, k: K, block: context(A, B, C, D, E, F, G, H, I, J, K) () -> Result): Result {	commonMain/kotlin/contextParameters/Context.kt:204
2.2	fun	context	-	35	public inline fun <A, B, C, D, E, F, G, H, I, J, K, L, Result> context(a: A, b: B, c: C, d: D, e: E, f: F, g: G, h: H, i: I, j: J, k: K, l: L, block: context(A, B, C, D, E, F, G, H, I, J, K, L) () -> Result): Result {	commonMain/kotlin/contextParameters/Context.kt:222
2.2	fun	context	-	38	public inline fun <A, B, C, D, E, F, G, H, I, J, K, L, M, Result> context(a: A, b: B, c: C, d: D, e: E, f: F, g: G, h: H, i: I, j: J, k: K, l: L, m: M, block: context(A, B, C, D, E, F, G, H, I, J, K, L, M) () -> Result): Result {	commonMain/kotlin/contextParameters/Context.kt:240
2.2	fun	context	-	41	public inline fun <A, B, C, D, E, F, G, H, I, J, K, L, M, N, Result> context(a: A, b: B, c: C, d: D, e: E, f: F, g: G, h: H, i: I, j: J, k: K, l: L, m: M, n: N, block: context(A, B, C, D, E, F, G, H, I, J, K, L, M, N) () -> Result): Result {	commonMain/kotlin/contextParameters/Context.kt:258
2.2	fun	context	-	44	public inline fun <A, B, C, D, E, F, G, H, I, J, K, L, M, N, O, Result> context(a: A, b: B, c: C, d: D, e: E, f: F, g: G, h: H, i: I, j: J, k: K, l: L, m: M, n: N, o: O, block: context(A, B, C, D, E, F, G, H, I, J, K, L, M, N, O) () -> Result): Result {	commonMain/kotlin/contextParameters/Context.kt:276
2.2	fun	context	-	47	public inline fun <A, B, C, D, E, F, G, H, I, J, K, L, M, N, O, P, Result> context(a: A, b: B, c: C, d: D, e: E, f: F, g: G, h: H, i: I, j: J, k: K, l: L, m: M, n: N, o: O, p: P, block: context(A, B, C, D, E, F, G, H, I, J, K, L, M, N, O, P) () -> Result): Res	commonMain/kotlin/contextParameters/Context.kt:294
2.2	fun	context	-	50	public inline fun <A, B, C, D, E, F, G, H, I, J, K, L, M, N, O, P, Q, Result> context(a: A, b: B, c: C, d: D, e: E, f: F, g: G, h: H, i: I, j: J, k: K, l: L, m: M, n: N, o: O, p: P, q: Q, block: context(A, B, C, D, E, F, G, H, I, J, K, L, M, N, O, P, Q) () -> 	commonMain/kotlin/contextParameters/Context.kt:312
2.2	fun	context	-	52	public inline fun <A, B, C, D, E, F, G, H, I, J, K, L, M, N, O, P, Q, R, Result> context(a: A, b: B, c: C, d: D, e: E, f: F, g: G, h: H, i: I, j: J, k: K, l: L, m: M, n: N, o: O, p: P, q: Q, r: R, block: context(A, B, C, D, E, F, G, H, I, J, K, L, M, N, O, P, 	commonMain/kotlin/contextParameters/Context.kt:330
2.2	fun	context	-	51	public inline fun <A, B, C, D, E, F, G, H, I, J, K, L, M, N, O, P, Q, R, S, Result> context(a: A, b: B, c: C, d: D, e: E, f: F, g: G, h: H, i: I, j: J, k: K, l: L, m: M, n: N, o: O, p: P, q: Q, r: R, s: S, block: context(A, B, C, D, E, F, G, H, I, J, K, L, M, 	commonMain/kotlin/contextParameters/Context.kt:348
2.2	fun	context	-	50	public inline fun <A, B, C, D, E, F, G, H, I, J, K, L, M, N, O, P, Q, R, S, T, Result> context(a: A, b: B, c: C, d: D, e: E, f: F, g: G, h: H, i: I, j: J, k: K, l: L, m: M, n: N, o: O, p: P, q: Q, r: R, s: S, t: T, block: context(A, B, C, D, E, F, G, H, I, J, 	commonMain/kotlin/contextParameters/Context.kt:366
2.2	fun	context	-	49	public inline fun <A, B, C, D, E, F, G, H, I, J, K, L, M, N, O, P, Q, R, S, T, U, Result> context(a: A, b: B, c: C, d: D, e: E, f: F, g: G, h: H, i: I, j: J, k: K, l: L, m: M, n: N, o: O, p: P, q: Q, r: R, s: S, t: T, u: U, block: context(A, B, C, D, E, F, G, 	commonMain/kotlin/contextParameters/Context.kt:384
2.2	fun	context	-	48	public inline fun <A, B, C, D, E, F, G, H, I, J, K, L, M, N, O, P, Q, R, S, T, U, V, Result> context(a: A, b: B, c: C, d: D, e: E, f: F, g: G, h: H, i: I, j: J, k: K, l: L, m: M, n: N, o: O, p: P, q: Q, r: R, s: S, t: T, u: U, v: V, block: context(A, B, C, D, 	commonMain/kotlin/contextParameters/Context.kt:402
2.2	fun	contextOf	-	0	public inline fun <A> contextOf(): @NoInfer A = context	commonMain/kotlin/contextParameters/ContextOf.kt:29
-	class	Enum	-	1	public expect abstract class Enum<E : Enum<E>>(name: String, ordinal: Int): Comparable<E> {	commonMain/kotlin/Enum.kt:14
-	val	String	-	0	public final val name: String	commonMain/kotlin/Enum.kt:21
-	val	Int	-	0	public final val ordinal: Int	commonMain/kotlin/Enum.kt:27
-	class	Error	-	0	public expect open class Error : Throwable {	commonMain/kotlin/ExceptionsH.kt:9
-	class	Exception	-	0	public expect open class Exception : Throwable {	commonMain/kotlin/ExceptionsH.kt:16
-	class	RuntimeException	-	0	public expect open class RuntimeException : Exception {	commonMain/kotlin/ExceptionsH.kt:23
-	class	IllegalArgumentException	-	0	public expect open class IllegalArgumentException : RuntimeException {	commonMain/kotlin/ExceptionsH.kt:30
-	class	IllegalStateException	-	0	public expect open class IllegalStateException : RuntimeException {	commonMain/kotlin/ExceptionsH.kt:37
-	class	IndexOutOfBoundsException	-	0	public expect open class IndexOutOfBoundsException : RuntimeException {	commonMain/kotlin/ExceptionsH.kt:44
-	class	ConcurrentModificationException	-	0	public expect open class ConcurrentModificationException : RuntimeException {	commonMain/kotlin/ExceptionsH.kt:49
-	class	UnsupportedOperationException	-	0	public expect open class UnsupportedOperationException : RuntimeException {	commonMain/kotlin/ExceptionsH.kt:56
-	class	NumberFormatException	-	0	public expect open class NumberFormatException : IllegalArgumentException {	commonMain/kotlin/ExceptionsH.kt:63
-	class	NullPointerException	-	0	public expect open class NullPointerException : RuntimeException {	commonMain/kotlin/ExceptionsH.kt:68
-	class	ClassCastException	-	0	public expect open class ClassCastException : RuntimeException {	commonMain/kotlin/ExceptionsH.kt:73
-	class	AssertionError	-	0	public expect open class AssertionError : Error {	commonMain/kotlin/ExceptionsH.kt:78
1.9	class	NoSuchElementException	-	0	public expect open class NoSuchElementException : RuntimeException {	commonMain/kotlin/ExceptionsH.kt:86
1.3	class	ArithmeticException	-	0	public expect open class ArithmeticException : RuntimeException {	commonMain/kotlin/ExceptionsH.kt:92
-	class	NoWhenBranchMatchedException	-	0	public expect open class NoWhenBranchMatchedException : RuntimeException {	commonMain/kotlin/ExceptionsH.kt:99
-	class	UninitializedPropertyAccessException	-	0	public expect class UninitializedPropertyAccessException : RuntimeException {	commonMain/kotlin/ExceptionsH.kt:108
1.4	class	KotlinNothingValueException	-	0	internal class KotlinNothingValueException : RuntimeException {	commonMain/kotlin/ExceptionsH.kt:120
1.4	fun	stackTraceToString	Throwable	0	public expect fun Throwable.stackTraceToString(): String	commonMain/kotlin/ExceptionsH.kt:138
1.4	fun	printStackTrace	Throwable	0	public expect fun Throwable.printStackTrace(): Unit	commonMain/kotlin/ExceptionsH.kt:144
1.4	fun	addSuppressed	Throwable	0	public expect fun Throwable.addSuppressed(exception: Throwable)	commonMain/kotlin/ExceptionsH.kt:151
1.4	val	List	-	0	public expect val Throwable.suppressedExceptions: List<Throwable>	commonMain/kotlin/ExceptionsH.kt:162
-	interface	Function	-	0	public interface Function<out R>	commonMain/kotlin/Function.kt:15
-	fun	isNaN	Double	0	public expect fun Double.isNaN(): Boolean	commonMain/kotlin/KotlinH.kt:15
-	fun	isNaN	Float	0	public expect fun Float.isNaN(): Boolean	commonMain/kotlin/KotlinH.kt:21
-	fun	isInfinite	Double	0	public expect fun Double.isInfinite(): Boolean	commonMain/kotlin/KotlinH.kt:26
-	fun	isInfinite	Float	0	public expect fun Float.isInfinite(): Boolean	commonMain/kotlin/KotlinH.kt:31
-	fun	isFinite	Double	0	public expect fun Double.isFinite(): Boolean	commonMain/kotlin/KotlinH.kt:36
-	fun	isFinite	Float	0	public expect fun Float.isFinite(): Boolean	commonMain/kotlin/KotlinH.kt:41
1.2	fun	toBits	Double	0	public expect fun Double.toBits(): Long	commonMain/kotlin/KotlinH.kt:48
1.2	fun	toRawBits	Double	0	public expect fun Double.toRawBits(): Long	commonMain/kotlin/KotlinH.kt:56
1.2	fun	fromBits	Double.Companion	0	public expect fun Double.Companion.fromBits(bits: Long): Double	commonMain/kotlin/KotlinH.kt:62
1.2	fun	toBits	Float	0	public expect fun Float.toBits(): Int	commonMain/kotlin/KotlinH.kt:69
1.2	fun	toRawBits	Float	0	public expect fun Float.toRawBits(): Int	commonMain/kotlin/KotlinH.kt:77
1.2	fun	fromBits	Float.Companion	0	public expect fun Float.Companion.fromBits(bits: Int): Float	commonMain/kotlin/KotlinH.kt:83
-	fun	lazy	-	0	public expect fun <T> lazy(initializer: () -> T): Lazy<T>	commonMain/kotlin/KotlinH.kt:95
-	fun	lazy	-	1	public expect fun <T> lazy(mode: LazyThreadSafetyMode, initializer: () -> T): Lazy<T>	commonMain/kotlin/KotlinH.kt:108
-	fun	lazy	-	1	public expect fun <T> lazy(lock: Any?, initializer: () -> T): Lazy<T>	commonMain/kotlin/KotlinH.kt:117
-	fun	toString	Any	0	public expect fun Any?.toString(): String	commonMain/kotlin/Library.kt:13
-	fun	plus	String	0	public expect operator fun String?.plus(other: Any?): String	commonMain/kotlin/Library.kt:19
-	fun	arrayOfNulls	-	0	public expect fun <reified T> arrayOfNulls(size: Int): Array<T?>	commonMain/kotlin/Library.kt:27
-	fun	arrayOf	-	0	public expect inline fun <reified T> arrayOf(vararg elements: T): Array<T>	commonMain/kotlin/Library.kt:32
-	fun	doubleArrayOf	-	0	public expect fun doubleArrayOf(vararg elements: Double): DoubleArray	commonMain/kotlin/Library.kt:37
-	fun	floatArrayOf	-	0	public expect fun floatArrayOf(vararg elements: Float): FloatArray	commonMain/kotlin/Library.kt:42
-	fun	longArrayOf	-	0	public expect fun longArrayOf(vararg elements: Long): LongArray	commonMain/kotlin/Library.kt:47
-	fun	intArrayOf	-	0	public expect fun intArrayOf(vararg elements: Int): IntArray	commonMain/kotlin/Library.kt:52
-	fun	charArrayOf	-	0	public expect fun charArrayOf(vararg elements: Char): CharArray	commonMain/kotlin/Library.kt:57
-	fun	shortArrayOf	-	0	public expect fun shortArrayOf(vararg elements: Short): ShortArray	commonMain/kotlin/Library.kt:62
-	fun	byteArrayOf	-	0	public expect fun byteArrayOf(vararg elements: Byte): ByteArray	commonMain/kotlin/Library.kt:67
-	fun	booleanArrayOf	-	0	public expect fun booleanArrayOf(vararg elements: Boolean): BooleanArray	commonMain/kotlin/Library.kt:72
1.1	fun	enumValues	-	0	public expect inline fun <reified T : Enum<T>> enumValues(): Array<T>	commonMain/kotlin/Library.kt:78
1.1	fun	enumValueOf	-	0	public expect inline fun <reified T : Enum<T>> enumValueOf(name: String): T	commonMain/kotlin/Library.kt:84
-	class	Nothing	-	0	public expect class Nothing	commonMain/kotlin/Nothing.kt:13
-	class	Number	-	0	public expect abstract class Number() {	commonMain/kotlin/Number.kt:12
-	fun	toDouble	-	0	public abstract fun toDouble(): Double	commonMain/kotlin/Number.kt:16
-	fun	toFloat	-	0	public abstract fun toFloat(): Float	commonMain/kotlin/Number.kt:21
-	fun	toLong	-	0	public abstract fun toLong(): Long	commonMain/kotlin/Number.kt:26
-	fun	toInt	-	0	public abstract fun toInt(): Int	commonMain/kotlin/Number.kt:31
-	fun	toShort	-	0	public abstract fun toShort(): Short	commonMain/kotlin/Number.kt:45
-	fun	toByte	-	0	public abstract fun toByte(): Byte	commonMain/kotlin/Number.kt:50
-	class	Byte	-	1	public expect class Byte : Number, Comparable<Byte> {	commonMain/kotlin/Primitives.kt:12
-	val	Byte	-	0	public const val MIN_VALUE: Byte = -128	commonMain/kotlin/Primitives.kt:18
-	val	Byte	-	0	public const val MAX_VALUE: Byte = 127	commonMain/kotlin/Primitives.kt:23
1.3	val	Int	-	0	public const val SIZE_BYTES: Int = 1	commonMain/kotlin/Primitives.kt:29
1.3	val	Int	-	0	public const val SIZE_BITS: Int = 8	commonMain/kotlin/Primitives.kt:35
-	fun	compareTo	-	0	public operator fun compareTo(other: Short): Int	commonMain/kotlin/Primitives.kt:52
-	fun	compareTo	-	0	public operator fun compareTo(other: Int): Int	commonMain/kotlin/Primitives.kt:60
-	fun	compareTo	-	0	public operator fun compareTo(other: Long): Int	commonMain/kotlin/Primitives.kt:68
-	fun	compareTo	-	0	public operator fun compareTo(other: Float): Int	commonMain/kotlin/Primitives.kt:76
-	fun	compareTo	-	0	public operator fun compareTo(other: Double): Int	commonMain/kotlin/Primitives.kt:84
-	fun	plus	-	0	public operator fun plus(other: Byte): Int	commonMain/kotlin/Primitives.kt:88
-	fun	plus	-	0	public operator fun plus(other: Short): Int	commonMain/kotlin/Primitives.kt:92
-	fun	plus	-	0	public operator fun plus(other: Int): Int	commonMain/kotlin/Primitives.kt:96
-	fun	plus	-	0	public operator fun plus(other: Long): Long	commonMain/kotlin/Primitives.kt:100
-	fun	plus	-	0	public operator fun plus(other: Float): Float	commonMain/kotlin/Primitives.kt:104
-	fun	plus	-	0	public operator fun plus(other: Double): Double	commonMain/kotlin/Primitives.kt:108
-	fun	minus	-	0	public operator fun minus(other: Byte): Int	commonMain/kotlin/Primitives.kt:112
-	fun	minus	-	0	public operator fun minus(other: Short): Int	commonMain/kotlin/Primitives.kt:116
-	fun	minus	-	0	public operator fun minus(other: Int): Int	commonMain/kotlin/Primitives.kt:120
-	fun	minus	-	0	public operator fun minus(other: Long): Long	commonMain/kotlin/Primitives.kt:124
-	fun	minus	-	0	public operator fun minus(other: Float): Float	commonMain/kotlin/Primitives.kt:128
-	fun	minus	-	0	public operator fun minus(other: Double): Double	commonMain/kotlin/Primitives.kt:132
-	fun	times	-	0	public operator fun times(other: Byte): Int	commonMain/kotlin/Primitives.kt:136
-	fun	times	-	0	public operator fun times(other: Short): Int	commonMain/kotlin/Primitives.kt:140
-	fun	times	-	0	public operator fun times(other: Int): Int	commonMain/kotlin/Primitives.kt:144
-	fun	times	-	0	public operator fun times(other: Long): Long	commonMain/kotlin/Primitives.kt:148
-	fun	times	-	0	public operator fun times(other: Float): Float	commonMain/kotlin/Primitives.kt:152
-	fun	times	-	0	public operator fun times(other: Double): Double	commonMain/kotlin/Primitives.kt:156
-	fun	div	-	0	public operator fun div(other: Byte): Int	commonMain/kotlin/Primitives.kt:160
-	fun	div	-	0	public operator fun div(other: Short): Int	commonMain/kotlin/Primitives.kt:164
-	fun	div	-	0	public operator fun div(other: Int): Int	commonMain/kotlin/Primitives.kt:168
-	fun	div	-	0	public operator fun div(other: Long): Long	commonMain/kotlin/Primitives.kt:172
-	fun	div	-	0	public operator fun div(other: Float): Float	commonMain/kotlin/Primitives.kt:176
-	fun	div	-	0	public operator fun div(other: Double): Double	commonMain/kotlin/Primitives.kt:180
1.1	fun	rem	-	0	public operator fun rem(other: Byte): Int	commonMain/kotlin/Primitives.kt:189
1.1	fun	rem	-	0	public operator fun rem(other: Short): Int	commonMain/kotlin/Primitives.kt:198
1.1	fun	rem	-	0	public operator fun rem(other: Int): Int	commonMain/kotlin/Primitives.kt:207
1.1	fun	rem	-	0	public operator fun rem(other: Long): Long	commonMain/kotlin/Primitives.kt:216
1.1	fun	rem	-	0	public operator fun rem(other: Float): Float	commonMain/kotlin/Primitives.kt:225
1.1	fun	rem	-	0	public operator fun rem(other: Double): Double	commonMain/kotlin/Primitives.kt:234
-	fun	inc	-	0	public operator fun inc(): Byte	commonMain/kotlin/Primitives.kt:241
-	fun	dec	-	0	public operator fun dec(): Byte	commonMain/kotlin/Primitives.kt:248
-	fun	unaryPlus	-	0	public operator fun unaryPlus(): Int	commonMain/kotlin/Primitives.kt:252
-	fun	unaryMinus	-	0	public operator fun unaryMinus(): Int	commonMain/kotlin/Primitives.kt:256
-	fun	rangeTo	-	0	public operator fun rangeTo(other: Byte): IntRange	commonMain/kotlin/Primitives.kt:259
-	fun	rangeTo	-	0	public operator fun rangeTo(other: Short): IntRange	commonMain/kotlin/Primitives.kt:262
-	fun	rangeTo	-	0	public operator fun rangeTo(other: Int): IntRange	commonMain/kotlin/Primitives.kt:265
-	fun	rangeTo	-	0	public operator fun rangeTo(other: Long): LongRange	commonMain/kotlin/Primitives.kt:268
1.9	fun	rangeUntil	-	0	public operator fun rangeUntil(other: Byte): IntRange	commonMain/kotlin/Primitives.kt:277
1.9	fun	rangeUntil	-	0	public operator fun rangeUntil(other: Short): IntRange	commonMain/kotlin/Primitives.kt:286
1.9	fun	rangeUntil	-	0	public operator fun rangeUntil(other: Int): IntRange	commonMain/kotlin/Primitives.kt:295
1.9	fun	rangeUntil	-	0	public operator fun rangeUntil(other: Long): LongRange	commonMain/kotlin/Primitives.kt:304
-	class	Short	-	1	public expect class Short : Number, Comparable<Short> {	commonMain/kotlin/Primitives.kt:382
-	val	Short	-	0	public const val MIN_VALUE: Short = -32768	commonMain/kotlin/Primitives.kt:388
-	val	Short	-	0	public const val MAX_VALUE: Short = 32767	commonMain/kotlin/Primitives.kt:393
1.3	val	Int	-	0	public const val SIZE_BYTES: Int = 2	commonMain/kotlin/Primitives.kt:399
1.3	val	Int	-	0	public const val SIZE_BITS: Int = 16	commonMain/kotlin/Primitives.kt:405
-	fun	compareTo	-	0	public operator fun compareTo(other: Byte): Int	commonMain/kotlin/Primitives.kt:414
-	fun	compareTo	-	0	public operator fun compareTo(other: Int): Int	commonMain/kotlin/Primitives.kt:430
-	fun	compareTo	-	0	public operator fun compareTo(other: Long): Int	commonMain/kotlin/Primitives.kt:438
-	fun	compareTo	-	0	public operator fun compareTo(other: Float): Int	commonMain/kotlin/Primitives.kt:446
-	fun	compareTo	-	0	public operator fun compareTo(other: Double): Int	commonMain/kotlin/Primitives.kt:454
-	fun	plus	-	0	public operator fun plus(other: Byte): Int	commonMain/kotlin/Primitives.kt:458
-	fun	plus	-	0	public operator fun plus(other: Short): Int	commonMain/kotlin/Primitives.kt:462
-	fun	plus	-	0	public operator fun plus(other: Int): Int	commonMain/kotlin/Primitives.kt:466
-	fun	plus	-	0	public operator fun plus(other: Long): Long	commonMain/kotlin/Primitives.kt:470
-	fun	plus	-	0	public operator fun plus(other: Float): Float	commonMain/kotlin/Primitives.kt:474
-	fun	plus	-	0	public operator fun plus(other: Double): Double	commonMain/kotlin/Primitives.kt:478
-	fun	minus	-	0	public operator fun minus(other: Byte): Int	commonMain/kotlin/Primitives.kt:482
-	fun	minus	-	0	public operator fun minus(other: Short): Int	commonMain/kotlin/Primitives.kt:486
-	fun	minus	-	0	public operator fun minus(other: Int): Int	commonMain/kotlin/Primitives.kt:490
-	fun	minus	-	0	public operator fun minus(other: Long): Long	commonMain/kotlin/Primitives.kt:494
-	fun	minus	-	0	public operator fun minus(other: Float): Float	commonMain/kotlin/Primitives.kt:498
-	fun	minus	-	0	public operator fun minus(other: Double): Double	commonMain/kotlin/Primitives.kt:502
-	fun	times	-	0	public operator fun times(other: Byte): Int	commonMain/kotlin/Primitives.kt:506
-	fun	times	-	0	public operator fun times(other: Short): Int	commonMain/kotlin/Primitives.kt:510
-	fun	times	-	0	public operator fun times(other: Int): Int	commonMain/kotlin/Primitives.kt:514
-	fun	times	-	0	public operator fun times(other: Long): Long	commonMain/kotlin/Primitives.kt:518
-	fun	times	-	0	public operator fun times(other: Float): Float	commonMain/kotlin/Primitives.kt:522
-	fun	times	-	0	public operator fun times(other: Double): Double	commonMain/kotlin/Primitives.kt:526
-	fun	div	-	0	public operator fun div(other: Byte): Int	commonMain/kotlin/Primitives.kt:530
-	fun	div	-	0	public operator fun div(other: Short): Int	commonMain/kotlin/Primitives.kt:534
-	fun	div	-	0	public operator fun div(other: Int): Int	commonMain/kotlin/Primitives.kt:538
-	fun	div	-	0	public operator fun div(other: Long): Long	commonMain/kotlin/Primitives.kt:542
-	fun	div	-	0	public operator fun div(other: Float): Float	commonMain/kotlin/Primitives.kt:546
-	fun	div	-	0	public operator fun div(other: Double): Double	commonMain/kotlin/Primitives.kt:550
1.1	fun	rem	-	0	public operator fun rem(other: Byte): Int	commonMain/kotlin/Primitives.kt:559
1.1	fun	rem	-	0	public operator fun rem(other: Short): Int	commonMain/kotlin/Primitives.kt:568
1.1	fun	rem	-	0	public operator fun rem(other: Int): Int	commonMain/kotlin/Primitives.kt:577
1.1	fun	rem	-	0	public operator fun rem(other: Long): Long	commonMain/kotlin/Primitives.kt:586
1.1	fun	rem	-	0	public operator fun rem(other: Float): Float	commonMain/kotlin/Primitives.kt:595
1.1	fun	rem	-	0	public operator fun rem(other: Double): Double	commonMain/kotlin/Primitives.kt:604
-	fun	inc	-	0	public operator fun inc(): Short	commonMain/kotlin/Primitives.kt:611
-	fun	dec	-	0	public operator fun dec(): Short	commonMain/kotlin/Primitives.kt:618
-	fun	unaryPlus	-	0	public operator fun unaryPlus(): Int	commonMain/kotlin/Primitives.kt:622
-	fun	unaryMinus	-	0	public operator fun unaryMinus(): Int	commonMain/kotlin/Primitives.kt:626
-	fun	rangeTo	-	0	public operator fun rangeTo(other: Byte): IntRange	commonMain/kotlin/Primitives.kt:629
-	fun	rangeTo	-	0	public operator fun rangeTo(other: Short): IntRange	commonMain/kotlin/Primitives.kt:632
-	fun	rangeTo	-	0	public operator fun rangeTo(other: Int): IntRange	commonMain/kotlin/Primitives.kt:635
-	fun	rangeTo	-	0	public operator fun rangeTo(other: Long): LongRange	commonMain/kotlin/Primitives.kt:638
1.9	fun	rangeUntil	-	0	public operator fun rangeUntil(other: Byte): IntRange	commonMain/kotlin/Primitives.kt:647
1.9	fun	rangeUntil	-	0	public operator fun rangeUntil(other: Short): IntRange	commonMain/kotlin/Primitives.kt:656
1.9	fun	rangeUntil	-	0	public operator fun rangeUntil(other: Int): IntRange	commonMain/kotlin/Primitives.kt:665
1.9	fun	rangeUntil	-	0	public operator fun rangeUntil(other: Long): LongRange	commonMain/kotlin/Primitives.kt:674
-	class	Int	-	1	public expect class Int : Number, Comparable<Int> {	commonMain/kotlin/Primitives.kt:750
-	val	Int	-	0	public const val MIN_VALUE: Int = -2147483648	commonMain/kotlin/Primitives.kt:756
-	val	Int	-	0	public const val MAX_VALUE: Int = 2147483647	commonMain/kotlin/Primitives.kt:761
1.3	val	Int	-	0	public const val SIZE_BYTES: Int = 4	commonMain/kotlin/Primitives.kt:767
1.3	val	Int	-	0	public const val SIZE_BITS: Int = 32	commonMain/kotlin/Primitives.kt:773
-	fun	compareTo	-	0	public operator fun compareTo(other: Byte): Int	commonMain/kotlin/Primitives.kt:782
-	fun	compareTo	-	0	public operator fun compareTo(other: Short): Int	commonMain/kotlin/Primitives.kt:790
-	fun	compareTo	-	0	public operator fun compareTo(other: Long): Int	commonMain/kotlin/Primitives.kt:806
-	fun	compareTo	-	0	public operator fun compareTo(other: Float): Int	commonMain/kotlin/Primitives.kt:814
-	fun	compareTo	-	0	public operator fun compareTo(other: Double): Int	commonMain/kotlin/Primitives.kt:822
-	fun	plus	-	0	public operator fun plus(other: Byte): Int	commonMain/kotlin/Primitives.kt:826
-	fun	plus	-	0	public operator fun plus(other: Short): Int	commonMain/kotlin/Primitives.kt:830
-	fun	plus	-	0	public operator fun plus(other: Int): Int	commonMain/kotlin/Primitives.kt:834
-	fun	plus	-	0	public operator fun plus(other: Long): Long	commonMain/kotlin/Primitives.kt:838
-	fun	plus	-	0	public operator fun plus(other: Float): Float	commonMain/kotlin/Primitives.kt:842
-	fun	plus	-	0	public operator fun plus(other: Double): Double	commonMain/kotlin/Primitives.kt:846
-	fun	minus	-	0	public operator fun minus(other: Byte): Int	commonMain/kotlin/Primitives.kt:850
-	fun	minus	-	0	public operator fun minus(other: Short): Int	commonMain/kotlin/Primitives.kt:854
-	fun	minus	-	0	public operator fun minus(other: Int): Int	commonMain/kotlin/Primitives.kt:858
-	fun	minus	-	0	public operator fun minus(other: Long): Long	commonMain/kotlin/Primitives.kt:862
-	fun	minus	-	0	public operator fun minus(other: Float): Float	commonMain/kotlin/Primitives.kt:866
-	fun	minus	-	0	public operator fun minus(other: Double): Double	commonMain/kotlin/Primitives.kt:870
-	fun	times	-	0	public operator fun times(other: Byte): Int	commonMain/kotlin/Primitives.kt:874
-	fun	times	-	0	public operator fun times(other: Short): Int	commonMain/kotlin/Primitives.kt:878
-	fun	times	-	0	public operator fun times(other: Int): Int	commonMain/kotlin/Primitives.kt:882
-	fun	times	-	0	public operator fun times(other: Long): Long	commonMain/kotlin/Primitives.kt:886
-	fun	times	-	0	public operator fun times(other: Float): Float	commonMain/kotlin/Primitives.kt:890
-	fun	times	-	0	public operator fun times(other: Double): Double	commonMain/kotlin/Primitives.kt:894
-	fun	div	-	0	public operator fun div(other: Byte): Int	commonMain/kotlin/Primitives.kt:898
-	fun	div	-	0	public operator fun div(other: Short): Int	commonMain/kotlin/Primitives.kt:902
-	fun	div	-	0	public operator fun div(other: Int): Int	commonMain/kotlin/Primitives.kt:906
-	fun	div	-	0	public operator fun div(other: Long): Long	commonMain/kotlin/Primitives.kt:910
-	fun	div	-	0	public operator fun div(other: Float): Float	commonMain/kotlin/Primitives.kt:914
-	fun	div	-	0	public operator fun div(other: Double): Double	commonMain/kotlin/Primitives.kt:918
1.1	fun	rem	-	0	public operator fun rem(other: Byte): Int	commonMain/kotlin/Primitives.kt:927
1.1	fun	rem	-	0	public operator fun rem(other: Short): Int	commonMain/kotlin/Primitives.kt:936
1.1	fun	rem	-	0	public operator fun rem(other: Int): Int	commonMain/kotlin/Primitives.kt:945
1.1	fun	rem	-	0	public operator fun rem(other: Long): Long	commonMain/kotlin/Primitives.kt:954
1.1	fun	rem	-	0	public operator fun rem(other: Float): Float	commonMain/kotlin/Primitives.kt:963
1.1	fun	rem	-	0	public operator fun rem(other: Double): Double	commonMain/kotlin/Primitives.kt:972
-	fun	inc	-	0	public operator fun inc(): Int	commonMain/kotlin/Primitives.kt:979
-	fun	dec	-	0	public operator fun dec(): Int	commonMain/kotlin/Primitives.kt:986
-	fun	unaryPlus	-	0	public operator fun unaryPlus(): Int	commonMain/kotlin/Primitives.kt:990
-	fun	unaryMinus	-	0	public operator fun unaryMinus(): Int	commonMain/kotlin/Primitives.kt:994
-	fun	rangeTo	-	0	public operator fun rangeTo(other: Byte): IntRange	commonMain/kotlin/Primitives.kt:997
-	fun	rangeTo	-	0	public operator fun rangeTo(other: Short): IntRange	commonMain/kotlin/Primitives.kt:1000
-	fun	rangeTo	-	0	public operator fun rangeTo(other: Int): IntRange	commonMain/kotlin/Primitives.kt:1003
-	fun	rangeTo	-	0	public operator fun rangeTo(other: Long): LongRange	commonMain/kotlin/Primitives.kt:1006
1.9	fun	rangeUntil	-	0	public operator fun rangeUntil(other: Byte): IntRange	commonMain/kotlin/Primitives.kt:1015
1.9	fun	rangeUntil	-	0	public operator fun rangeUntil(other: Short): IntRange	commonMain/kotlin/Primitives.kt:1024
1.9	fun	rangeUntil	-	0	public operator fun rangeUntil(other: Int): IntRange	commonMain/kotlin/Primitives.kt:1033
1.9	fun	rangeUntil	-	0	public operator fun rangeUntil(other: Long): LongRange	commonMain/kotlin/Primitives.kt:1042
-	fun	shl	-	0	public infix fun shl(bitCount: Int): Int	commonMain/kotlin/Primitives.kt:1051
-	fun	shr	-	0	public infix fun shr(bitCount: Int): Int	commonMain/kotlin/Primitives.kt:1060
-	fun	ushr	-	0	public infix fun ushr(bitCount: Int): Int	commonMain/kotlin/Primitives.kt:1069
-	fun	and	-	0	public infix fun and(other: Int): Int	commonMain/kotlin/Primitives.kt:1073
-	fun	or	-	0	public infix fun or(other: Int): Int	commonMain/kotlin/Primitives.kt:1077
-	fun	xor	-	0	public infix fun xor(other: Int): Int	commonMain/kotlin/Primitives.kt:1081
-	fun	inv	-	0	public fun inv(): Int	commonMain/kotlin/Primitives.kt:1085
-	class	Long	-	1	public expect class Long : Number, Comparable<Long> {	commonMain/kotlin/Primitives.kt:1164
-	val	Long	-	0	public const val MIN_VALUE: Long = -9223372036854775807L - 1L	commonMain/kotlin/Primitives.kt:1170
-	val	Long	-	0	public const val MAX_VALUE: Long = 9223372036854775807L	commonMain/kotlin/Primitives.kt:1175
1.3	val	Int	-	0	public const val SIZE_BYTES: Int = 8	commonMain/kotlin/Primitives.kt:1181
1.3	val	Int	-	0	public const val SIZE_BITS: Int = 64	commonMain/kotlin/Primitives.kt:1187
-	fun	compareTo	-	0	public operator fun compareTo(other: Byte): Int	commonMain/kotlin/Primitives.kt:1196
-	fun	compareTo	-	0	public operator fun compareTo(other: Short): Int	commonMain/kotlin/Primitives.kt:1204
-	fun	compareTo	-	0	public operator fun compareTo(other: Int): Int	commonMain/kotlin/Primitives.kt:1212
-	fun	compareTo	-	0	public operator fun compareTo(other: Float): Int	commonMain/kotlin/Primitives.kt:1228
-	fun	compareTo	-	0	public operator fun compareTo(other: Double): Int	commonMain/kotlin/Primitives.kt:1236
-	fun	plus	-	0	public operator fun plus(other: Byte): Long	commonMain/kotlin/Primitives.kt:1240
-	fun	plus	-	0	public operator fun plus(other: Short): Long	commonMain/kotlin/Primitives.kt:1244
-	fun	plus	-	0	public operator fun plus(other: Int): Long	commonMain/kotlin/Primitives.kt:1248
-	fun	plus	-	0	public operator fun plus(other: Long): Long	commonMain/kotlin/Primitives.kt:1252
-	fun	plus	-	0	public operator fun plus(other: Float): Float	commonMain/kotlin/Primitives.kt:1256
-	fun	plus	-	0	public operator fun plus(other: Double): Double	commonMain/kotlin/Primitives.kt:1260
-	fun	minus	-	0	public operator fun minus(other: Byte): Long	commonMain/kotlin/Primitives.kt:1264
-	fun	minus	-	0	public operator fun minus(other: Short): Long	commonMain/kotlin/Primitives.kt:1268
-	fun	minus	-	0	public operator fun minus(other: Int): Long	commonMain/kotlin/Primitives.kt:1272
-	fun	minus	-	0	public operator fun minus(other: Long): Long	commonMain/kotlin/Primitives.kt:1276
-	fun	minus	-	0	public operator fun minus(other: Float): Float	commonMain/kotlin/Primitives.kt:1280
-	fun	minus	-	0	public operator fun minus(other: Double): Double	commonMain/kotlin/Primitives.kt:1284
-	fun	times	-	0	public operator fun times(other: Byte): Long	commonMain/kotlin/Primitives.kt:1288
-	fun	times	-	0	public operator fun times(other: Short): Long	commonMain/kotlin/Primitives.kt:1292
-	fun	times	-	0	public operator fun times(other: Int): Long	commonMain/kotlin/Primitives.kt:1296
-	fun	times	-	0	public operator fun times(other: Long): Long	commonMain/kotlin/Primitives.kt:1300
-	fun	times	-	0	public operator fun times(other: Float): Float	commonMain/kotlin/Primitives.kt:1304
-	fun	times	-	0	public operator fun times(other: Double): Double	commonMain/kotlin/Primitives.kt:1308
-	fun	div	-	0	public operator fun div(other: Byte): Long	commonMain/kotlin/Primitives.kt:1312
-	fun	div	-	0	public operator fun div(other: Short): Long	commonMain/kotlin/Primitives.kt:1316
-	fun	div	-	0	public operator fun div(other: Int): Long	commonMain/kotlin/Primitives.kt:1320
-	fun	div	-	0	public operator fun div(other: Long): Long	commonMain/kotlin/Primitives.kt:1324
-	fun	div	-	0	public operator fun div(other: Float): Float	commonMain/kotlin/Primitives.kt:1328
-	fun	div	-	0	public operator fun div(other: Double): Double	commonMain/kotlin/Primitives.kt:1332
1.1	fun	rem	-	0	public operator fun rem(other: Byte): Long	commonMain/kotlin/Primitives.kt:1341
1.1	fun	rem	-	0	public operator fun rem(other: Short): Long	commonMain/kotlin/Primitives.kt:1350
1.1	fun	rem	-	0	public operator fun rem(other: Int): Long	commonMain/kotlin/Primitives.kt:1359
1.1	fun	rem	-	0	public operator fun rem(other: Long): Long	commonMain/kotlin/Primitives.kt:1368
1.1	fun	rem	-	0	public operator fun rem(other: Float): Float	commonMain/kotlin/Primitives.kt:1377
1.1	fun	rem	-	0	public operator fun rem(other: Double): Double	commonMain/kotlin/Primitives.kt:1386
-	fun	inc	-	0	public operator fun inc(): Long	commonMain/kotlin/Primitives.kt:1393
-	fun	dec	-	0	public operator fun dec(): Long	commonMain/kotlin/Primitives.kt:1400
-	fun	unaryPlus	-	0	public operator fun unaryPlus(): Long	commonMain/kotlin/Primitives.kt:1404
-	fun	unaryMinus	-	0	public operator fun unaryMinus(): Long	commonMain/kotlin/Primitives.kt:1408
-	fun	rangeTo	-	0	public operator fun rangeTo(other: Byte): LongRange	commonMain/kotlin/Primitives.kt:1411
-	fun	rangeTo	-	0	public operator fun rangeTo(other: Short): LongRange	commonMain/kotlin/Primitives.kt:1414
-	fun	rangeTo	-	0	public operator fun rangeTo(other: Int): LongRange	commonMain/kotlin/Primitives.kt:1417
-	fun	rangeTo	-	0	public operator fun rangeTo(other: Long): LongRange	commonMain/kotlin/Primitives.kt:1420
1.9	fun	rangeUntil	-	0	public operator fun rangeUntil(other: Byte): LongRange	commonMain/kotlin/Primitives.kt:1429
1.9	fun	rangeUntil	-	0	public operator fun rangeUntil(other: Short): LongRange	commonMain/kotlin/Primitives.kt:1438
1.9	fun	rangeUntil	-	0	public operator fun rangeUntil(other: Int): LongRange	commonMain/kotlin/Primitives.kt:1447
1.9	fun	rangeUntil	-	0	public operator fun rangeUntil(other: Long): LongRange	commonMain/kotlin/Primitives.kt:1456
-	fun	shl	-	0	public infix fun shl(bitCount: Int): Long	commonMain/kotlin/Primitives.kt:1465
-	fun	shr	-	0	public infix fun shr(bitCount: Int): Long	commonMain/kotlin/Primitives.kt:1474
-	fun	ushr	-	0	public infix fun ushr(bitCount: Int): Long	commonMain/kotlin/Primitives.kt:1483
-	fun	and	-	0	public infix fun and(other: Long): Long	commonMain/kotlin/Primitives.kt:1487
-	fun	or	-	0	public infix fun or(other: Long): Long	commonMain/kotlin/Primitives.kt:1491
-	fun	xor	-	0	public infix fun xor(other: Long): Long	commonMain/kotlin/Primitives.kt:1495
-	fun	inv	-	0	public fun inv(): Long	commonMain/kotlin/Primitives.kt:1499
-	class	Float	-	1	public expect class Float : Number, Comparable<Float> {	commonMain/kotlin/Primitives.kt:1581
-	val	Float	-	0	public const val MIN_VALUE: Float = 1.4E-45F	commonMain/kotlin/Primitives.kt:1587
-	val	Float	-	0	public const val MAX_VALUE: Float = 3.4028235E38F	commonMain/kotlin/Primitives.kt:1592
-	val	Float	-	0	public const val POSITIVE_INFINITY: Float = 1.0F/0.0F	commonMain/kotlin/Primitives.kt:1597
-	val	Float	-	0	public const val NEGATIVE_INFINITY: Float = -1.0F/0.0F	commonMain/kotlin/Primitives.kt:1602
-	val	Float	-	0	public const val NaN: Float = -(0.0F/0.0F)	commonMain/kotlin/Primitives.kt:1607
1.4	val	Int	-	0	public const val SIZE_BYTES: Int = 4	commonMain/kotlin/Primitives.kt:1613
1.4	val	Int	-	0	public const val SIZE_BITS: Int = 32	commonMain/kotlin/Primitives.kt:1619
-	fun	compareTo	-	0	public operator fun compareTo(other: Byte): Int	commonMain/kotlin/Primitives.kt:1628
-	fun	compareTo	-	0	public operator fun compareTo(other: Short): Int	commonMain/kotlin/Primitives.kt:1636
-	fun	compareTo	-	0	public operator fun compareTo(other: Int): Int	commonMain/kotlin/Primitives.kt:1644
-	fun	compareTo	-	0	public operator fun compareTo(other: Long): Int	commonMain/kotlin/Primitives.kt:1652
-	fun	compareTo	-	0	public operator fun compareTo(other: Double): Int	commonMain/kotlin/Primitives.kt:1668
-	fun	plus	-	0	public operator fun plus(other: Byte): Float	commonMain/kotlin/Primitives.kt:1672
-	fun	plus	-	0	public operator fun plus(other: Short): Float	commonMain/kotlin/Primitives.kt:1676
-	fun	plus	-	0	public operator fun plus(other: Int): Float	commonMain/kotlin/Primitives.kt:1680
-	fun	plus	-	0	public operator fun plus(other: Long): Float	commonMain/kotlin/Primitives.kt:1684
-	fun	plus	-	0	public operator fun plus(other: Float): Float	commonMain/kotlin/Primitives.kt:1688
-	fun	plus	-	0	public operator fun plus(other: Double): Double	commonMain/kotlin/Primitives.kt:1692
-	fun	minus	-	0	public operator fun minus(other: Byte): Float	commonMain/kotlin/Primitives.kt:1696
-	fun	minus	-	0	public operator fun minus(other: Short): Float	commonMain/kotlin/Primitives.kt:1700
-	fun	minus	-	0	public operator fun minus(other: Int): Float	commonMain/kotlin/Primitives.kt:1704
-	fun	minus	-	0	public operator fun minus(other: Long): Float	commonMain/kotlin/Primitives.kt:1708
-	fun	minus	-	0	public operator fun minus(other: Float): Float	commonMain/kotlin/Primitives.kt:1712
-	fun	minus	-	0	public operator fun minus(other: Double): Double	commonMain/kotlin/Primitives.kt:1716
-	fun	times	-	0	public operator fun times(other: Byte): Float	commonMain/kotlin/Primitives.kt:1720
-	fun	times	-	0	public operator fun times(other: Short): Float	commonMain/kotlin/Primitives.kt:1724
-	fun	times	-	0	public operator fun times(other: Int): Float	commonMain/kotlin/Primitives.kt:1728
-	fun	times	-	0	public operator fun times(other: Long): Float	commonMain/kotlin/Primitives.kt:1732
-	fun	times	-	0	public operator fun times(other: Float): Float	commonMain/kotlin/Primitives.kt:1736
-	fun	times	-	0	public operator fun times(other: Double): Double	commonMain/kotlin/Primitives.kt:1740
-	fun	div	-	0	public operator fun div(other: Byte): Float	commonMain/kotlin/Primitives.kt:1744
-	fun	div	-	0	public operator fun div(other: Short): Float	commonMain/kotlin/Primitives.kt:1748
-	fun	div	-	0	public operator fun div(other: Int): Float	commonMain/kotlin/Primitives.kt:1752
-	fun	div	-	0	public operator fun div(other: Long): Float	commonMain/kotlin/Primitives.kt:1756
-	fun	div	-	0	public operator fun div(other: Float): Float	commonMain/kotlin/Primitives.kt:1760
-	fun	div	-	0	public operator fun div(other: Double): Double	commonMain/kotlin/Primitives.kt:1764
1.1	fun	rem	-	0	public operator fun rem(other: Byte): Float	commonMain/kotlin/Primitives.kt:1773
1.1	fun	rem	-	0	public operator fun rem(other: Short): Float	commonMain/kotlin/Primitives.kt:1782
1.1	fun	rem	-	0	public operator fun rem(other: Int): Float	commonMain/kotlin/Primitives.kt:1791
1.1	fun	rem	-	0	public operator fun rem(other: Long): Float	commonMain/kotlin/Primitives.kt:1800
1.1	fun	rem	-	0	public operator fun rem(other: Float): Float	commonMain/kotlin/Primitives.kt:1809
1.1	fun	rem	-	0	public operator fun rem(other: Double): Double	commonMain/kotlin/Primitives.kt:1818
-	fun	inc	-	0	public operator fun inc(): Float	commonMain/kotlin/Primitives.kt:1825
-	fun	dec	-	0	public operator fun dec(): Float	commonMain/kotlin/Primitives.kt:1832
-	fun	unaryPlus	-	0	public operator fun unaryPlus(): Float	commonMain/kotlin/Primitives.kt:1836
-	fun	unaryMinus	-	0	public operator fun unaryMinus(): Float	commonMain/kotlin/Primitives.kt:1840
-	class	Double	-	1	public expect class Double : Number, Comparable<Double> {	commonMain/kotlin/Primitives.kt:1914
-	val	Double	-	0	public const val MIN_VALUE: Double = 4.9E-324	commonMain/kotlin/Primitives.kt:1920
-	val	Double	-	0	public const val MAX_VALUE: Double = 1.7976931348623157E308	commonMain/kotlin/Primitives.kt:1925
-	val	Double	-	0	public const val POSITIVE_INFINITY: Double = 1.0/0.0	commonMain/kotlin/Primitives.kt:1930
-	val	Double	-	0	public const val NEGATIVE_INFINITY: Double = -1.0/0.0	commonMain/kotlin/Primitives.kt:1935
-	val	Double	-	0	public const val NaN: Double = -(0.0/0.0)	commonMain/kotlin/Primitives.kt:1940
1.4	val	Int	-	0	public const val SIZE_BYTES: Int = 8	commonMain/kotlin/Primitives.kt:1946
1.4	val	Int	-	0	public const val SIZE_BITS: Int = 64	commonMain/kotlin/Primitives.kt:1952
-	fun	compareTo	-	0	public operator fun compareTo(other: Byte): Int	commonMain/kotlin/Primitives.kt:1961
-	fun	compareTo	-	0	public operator fun compareTo(other: Short): Int	commonMain/kotlin/Primitives.kt:1969
-	fun	compareTo	-	0	public operator fun compareTo(other: Int): Int	commonMain/kotlin/Primitives.kt:1977
-	fun	compareTo	-	0	public operator fun compareTo(other: Long): Int	commonMain/kotlin/Primitives.kt:1985
-	fun	compareTo	-	0	public operator fun compareTo(other: Float): Int	commonMain/kotlin/Primitives.kt:1993
-	fun	plus	-	0	public operator fun plus(other: Byte): Double	commonMain/kotlin/Primitives.kt:2005
-	fun	plus	-	0	public operator fun plus(other: Short): Double	commonMain/kotlin/Primitives.kt:2009
-	fun	plus	-	0	public operator fun plus(other: Int): Double	commonMain/kotlin/Primitives.kt:2013
-	fun	plus	-	0	public operator fun plus(other: Long): Double	commonMain/kotlin/Primitives.kt:2017
-	fun	plus	-	0	public operator fun plus(other: Float): Double	commonMain/kotlin/Primitives.kt:2021
-	fun	plus	-	0	public operator fun plus(other: Double): Double	commonMain/kotlin/Primitives.kt:2025
-	fun	minus	-	0	public operator fun minus(other: Byte): Double	commonMain/kotlin/Primitives.kt:2029
-	fun	minus	-	0	public operator fun minus(other: Short): Double	commonMain/kotlin/Primitives.kt:2033
-	fun	minus	-	0	public operator fun minus(other: Int): Double	commonMain/kotlin/Primitives.kt:2037
-	fun	minus	-	0	public operator fun minus(other: Long): Double	commonMain/kotlin/Primitives.kt:2041
-	fun	minus	-	0	public operator fun minus(other: Float): Double	commonMain/kotlin/Primitives.kt:2045
-	fun	minus	-	0	public operator fun minus(other: Double): Double	commonMain/kotlin/Primitives.kt:2049
-	fun	times	-	0	public operator fun times(other: Byte): Double	commonMain/kotlin/Primitives.kt:2053
-	fun	times	-	0	public operator fun times(other: Short): Double	commonMain/kotlin/Primitives.kt:2057
-	fun	times	-	0	public operator fun times(other: Int): Double	commonMain/kotlin/Primitives.kt:2061
-	fun	times	-	0	public operator fun times(other: Long): Double	commonMain/kotlin/Primitives.kt:2065
-	fun	times	-	0	public operator fun times(other: Float): Double	commonMain/kotlin/Primitives.kt:2069
-	fun	times	-	0	public operator fun times(other: Double): Double	commonMain/kotlin/Primitives.kt:2073
-	fun	div	-	0	public operator fun div(other: Byte): Double	commonMain/kotlin/Primitives.kt:2077
-	fun	div	-	0	public operator fun div(other: Short): Double	commonMain/kotlin/Primitives.kt:2081
-	fun	div	-	0	public operator fun div(other: Int): Double	commonMain/kotlin/Primitives.kt:2085
-	fun	div	-	0	public operator fun div(other: Long): Double	commonMain/kotlin/Primitives.kt:2089
-	fun	div	-	0	public operator fun div(other: Float): Double	commonMain/kotlin/Primitives.kt:2093
-	fun	div	-	0	public operator fun div(other: Double): Double	commonMain/kotlin/Primitives.kt:2097
1.1	fun	rem	-	0	public operator fun rem(other: Byte): Double	commonMain/kotlin/Primitives.kt:2106
1.1	fun	rem	-	0	public operator fun rem(other: Short): Double	commonMain/kotlin/Primitives.kt:2115
1.1	fun	rem	-	0	public operator fun rem(other: Int): Double	commonMain/kotlin/Primitives.kt:2124
1.1	fun	rem	-	0	public operator fun rem(other: Long): Double	commonMain/kotlin/Primitives.kt:2133
1.1	fun	rem	-	0	public operator fun rem(other: Float): Double	commonMain/kotlin/Primitives.kt:2142
1.1	fun	rem	-	0	public operator fun rem(other: Double): Double	commonMain/kotlin/Primitives.kt:2151
-	fun	inc	-	0	public operator fun inc(): Double	commonMain/kotlin/Primitives.kt:2158
-	fun	dec	-	0	public operator fun dec(): Double	commonMain/kotlin/Primitives.kt:2165
-	fun	unaryPlus	-	0	public operator fun unaryPlus(): Double	commonMain/kotlin/Primitives.kt:2169
-	fun	unaryMinus	-	0	public operator fun unaryMinus(): Double	commonMain/kotlin/Primitives.kt:2173
1.4	fun	getValue	-	1	public inline operator fun <V> KProperty0<V>.getValue(thisRef: Any?, property: KProperty<*>): V {	commonMain/kotlin/properties/PropertyReferenceDelegates.kt:31
1.4	fun	setValue	-	2	public inline operator fun <V> KMutableProperty0<V>.setValue(thisRef: Any?, property: KProperty<*>, value: V) {	commonMain/kotlin/properties/PropertyReferenceDelegates.kt:57
1.4	fun	getValue	-	3	public inline operator fun <T, V> KProperty1<T, V>.getValue(thisRef: T, property: KProperty<*>): V {	commonMain/kotlin/properties/PropertyReferenceDelegates.kt:80
1.4	fun	setValue	-	4	public inline operator fun <T, V> KMutableProperty1<T, V>.setValue(thisRef: T, property: KProperty<*>, value: V) {	commonMain/kotlin/properties/PropertyReferenceDelegates.kt:104
-	class	String	-	1	public expect class String : Comparable<String>, CharSequence {	commonMain/kotlin/String.kt:13
-	fun	plus	-	0	public operator fun plus(other: Any?): String	commonMain/kotlin/String.kt:22
-	class	Throwable	-	0	public expect open class Throwable {	commonMain/kotlin/Throwable.kt:15
-	val	String	-	0	public open val message: String?	commonMain/kotlin/Throwable.kt:16
-	val	Throwable	-	0	public open val cause: Throwable?	commonMain/kotlin/Throwable.kt:17
1.5	class	UByte	-	0	public value class UByte @kotlin.internal.IntrinsicConstEvaluation @PublishedApi internal constructor(@PublishedApi internal val data: Byte) : Comparable<UByte> {	commonMain/kotlin/UByte.kt:16
-	val	UByte	-	0	public const val MIN_VALUE: UByte = UByte(0)	commonMain/kotlin/UByte.kt:22
-	val	UByte	-	0	public const val MAX_VALUE: UByte = UByte(-1)	commonMain/kotlin/UByte.kt:27
-	val	Int	-	0	public const val SIZE_BYTES: Int = 1	commonMain/kotlin/UByte.kt:32
-	val	Int	-	0	public const val SIZE_BITS: Int = 8	commonMain/kotlin/UByte.kt:37
-	fun	compareTo	-	0	public inline operator fun compareTo(other: UShort): Int = this.toInt().compareTo(other.toInt())	commonMain/kotlin/UByte.kt:55
-	fun	compareTo	-	0	public inline operator fun compareTo(other: UInt): Int = this.toUInt().compareTo(other)	commonMain/kotlin/UByte.kt:63
-	fun	compareTo	-	0	public inline operator fun compareTo(other: ULong): Int = this.toULong().compareTo(other)	commonMain/kotlin/UByte.kt:71
-	fun	plus	-	0	public inline operator fun plus(other: UByte): UInt = this.toUInt().plus(other.toUInt())	commonMain/kotlin/UByte.kt:75
-	fun	plus	-	0	public inline operator fun plus(other: UShort): UInt = this.toUInt().plus(other.toUInt())	commonMain/kotlin/UByte.kt:78
-	fun	plus	-	0	public inline operator fun plus(other: UInt): UInt = this.toUInt().plus(other)	commonMain/kotlin/UByte.kt:81
-	fun	plus	-	0	public inline operator fun plus(other: ULong): ULong = this.toULong().plus(other)	commonMain/kotlin/UByte.kt:84
-	fun	minus	-	0	public inline operator fun minus(other: UByte): UInt = this.toUInt().minus(other.toUInt())	commonMain/kotlin/UByte.kt:88
-	fun	minus	-	0	public inline operator fun minus(other: UShort): UInt = this.toUInt().minus(other.toUInt())	commonMain/kotlin/UByte.kt:91
-	fun	minus	-	0	public inline operator fun minus(other: UInt): UInt = this.toUInt().minus(other)	commonMain/kotlin/UByte.kt:94
-	fun	minus	-	0	public inline operator fun minus(other: ULong): ULong = this.toULong().minus(other)	commonMain/kotlin/UByte.kt:97
-	fun	times	-	0	public inline operator fun times(other: UByte): UInt = this.toUInt().times(other.toUInt())	commonMain/kotlin/UByte.kt:101
-	fun	times	-	0	public inline operator fun times(other: UShort): UInt = this.toUInt().times(other.toUInt())	commonMain/kotlin/UByte.kt:104
-	fun	times	-	0	public inline operator fun times(other: UInt): UInt = this.toUInt().times(other)	commonMain/kotlin/UByte.kt:107
-	fun	times	-	0	public inline operator fun times(other: ULong): ULong = this.toULong().times(other)	commonMain/kotlin/UByte.kt:110
-	fun	div	-	0	public inline operator fun div(other: UByte): UInt = this.toUInt().div(other.toUInt())	commonMain/kotlin/UByte.kt:114
-	fun	div	-	0	public inline operator fun div(other: UShort): UInt = this.toUInt().div(other.toUInt())	commonMain/kotlin/UByte.kt:117
-	fun	div	-	0	public inline operator fun div(other: UInt): UInt = this.toUInt().div(other)	commonMain/kotlin/UByte.kt:120
-	fun	div	-	0	public inline operator fun div(other: ULong): ULong = this.toULong().div(other)	commonMain/kotlin/UByte.kt:123
-	fun	rem	-	0	public inline operator fun rem(other: UByte): UInt = this.toUInt().rem(other.toUInt())	commonMain/kotlin/UByte.kt:131
-	fun	rem	-	0	public inline operator fun rem(other: UShort): UInt = this.toUInt().rem(other.toUInt())	commonMain/kotlin/UByte.kt:138
-	fun	rem	-	0	public inline operator fun rem(other: UInt): UInt = this.toUInt().rem(other)	commonMain/kotlin/UByte.kt:145
-	fun	rem	-	0	public inline operator fun rem(other: ULong): ULong = this.toULong().rem(other)	commonMain/kotlin/UByte.kt:152
-	fun	floorDiv	-	0	public inline fun floorDiv(other: UByte): UInt = this.toUInt().floorDiv(other.toUInt())	commonMain/kotlin/UByte.kt:160
-	fun	floorDiv	-	0	public inline fun floorDiv(other: UShort): UInt = this.toUInt().floorDiv(other.toUInt())	commonMain/kotlin/UByte.kt:167
-	fun	floorDiv	-	0	public inline fun floorDiv(other: UInt): UInt = this.toUInt().floorDiv(other)	commonMain/kotlin/UByte.kt:174
-	fun	floorDiv	-	0	public inline fun floorDiv(other: ULong): ULong = this.toULong().floorDiv(other)	commonMain/kotlin/UByte.kt:181
-	fun	mod	-	0	public inline fun mod(other: UByte): UByte = this.toUInt().mod(other.toUInt()).toUByte()	commonMain/kotlin/UByte.kt:191
-	fun	mod	-	0	public inline fun mod(other: UShort): UShort = this.toUInt().mod(other.toUInt()).toUShort()	commonMain/kotlin/UByte.kt:200
-	fun	mod	-	0	public inline fun mod(other: UInt): UInt = this.toUInt().mod(other)	commonMain/kotlin/UByte.kt:209
-	fun	mod	-	0	public inline fun mod(other: ULong): ULong = this.toULong().mod(other)	commonMain/kotlin/UByte.kt:218
-	fun	inc	-	0	public inline operator fun inc(): UByte = UByte(data.inc())	commonMain/kotlin/UByte.kt:226
-	fun	dec	-	0	public inline operator fun dec(): UByte = UByte(data.dec())	commonMain/kotlin/UByte.kt:234
-	fun	rangeTo	-	1	public inline operator fun rangeTo(other: UByte): UIntRange = UIntRange(this.toUInt(), other.toUInt())	commonMain/kotlin/UByte.kt:238
1.9	fun	rangeUntil	-	0	public inline operator fun rangeUntil(other: UByte): UIntRange = this.toUInt() until other.toUInt()	commonMain/kotlin/UByte.kt:248
-	fun	and	-	0	public inline infix fun and(other: UByte): UByte = UByte(this.data and other.data)	commonMain/kotlin/UByte.kt:252
-	fun	or	-	0	public inline infix fun or(other: UByte): UByte = UByte(this.data or other.data)	commonMain/kotlin/UByte.kt:255
-	fun	xor	-	0	public inline infix fun xor(other: UByte): UByte = UByte(this.data xor other.data)	commonMain/kotlin/UByte.kt:258
-	fun	inv	-	0	public inline fun inv(): UByte = UByte(data.inv())	commonMain/kotlin/UByte.kt:261
-	fun	toByte	-	0	public inline fun toByte(): Byte = data	commonMain/kotlin/UByte.kt:272
-	fun	toShort	-	0	public inline fun toShort(): Short = data.toShort() and 0xFF	commonMain/kotlin/UByte.kt:282
-	fun	toInt	-	0	public inline fun toInt(): Int = data.toInt() and 0xFF	commonMain/kotlin/UByte.kt:292
-	fun	toLong	-	0	public inline fun toLong(): Long = data.toLong() and 0xFF	commonMain/kotlin/UByte.kt:302
-	fun	toUByte	-	0	public inline fun toUByte(): UByte = this	commonMain/kotlin/UByte.kt:306
-	fun	toUShort	-	0	public inline fun toUShort(): UShort = UShort(data.toShort() and 0xFF)	commonMain/kotlin/UByte.kt:316
-	fun	toUInt	-	0	public inline fun toUInt(): UInt = UInt(data.toInt() and 0xFF)	commonMain/kotlin/UByte.kt:326
-	fun	toULong	-	0	public inline fun toULong(): ULong = ULong(data.toLong() and 0xFF)	commonMain/kotlin/UByte.kt:336
-	fun	toFloat	-	0	public inline fun toFloat(): Float = uintToFloat(this.toInt())	commonMain/kotlin/UByte.kt:344
-	fun	toDouble	-	0	public inline fun toDouble(): Double = uintToDouble(this.toInt())	commonMain/kotlin/UByte.kt:351
1.5	fun	toUByte	Byte	0	public inline fun Byte.toUByte(): UByte = UByte(this)	commonMain/kotlin/UByte.kt:366
1.5	fun	toUByte	Short	0	public inline fun Short.toUByte(): UByte = UByte(this.toByte())	commonMain/kotlin/UByte.kt:377
1.5	fun	toUByte	Int	0	public inline fun Int.toUByte(): UByte = UByte(this.toByte())	commonMain/kotlin/UByte.kt:388
1.5	fun	toUByte	Long	0	public inline fun Long.toUByte(): UByte = UByte(this.toByte())	commonMain/kotlin/UByte.kt:399
1.3	class	UByteArray	-	0	public value class UByteArray	commonMain/kotlin/UByteArray.kt:16
-	fun	get	-	0	public operator fun get(index: Int): UByte = storage[index].toUByte()	commonMain/kotlin/UByteArray.kt:29
-	fun	set	-	1	public operator fun set(index: Int, value: UByte) {	commonMain/kotlin/UByteArray.kt:37
-	class	Iterator	-	0	private class Iterator(private val array: ByteArray) : kotlin.collections.Iterator<UByte> {	commonMain/kotlin/UByteArray.kt:47
-	var	index	-	0	private var index = 0	commonMain/kotlin/UByteArray.kt:48
1.3	fun	UByteArray	-	1	public inline fun UByteArray(size: Int, init: (Int) -> UByte): UByteArray {	commonMain/kotlin/UByteArray.kt:74
1.3	fun	ubyteArrayOf	-	0	public inline fun ubyteArrayOf(vararg elements: UByte): UByteArray = elements	commonMain/kotlin/UByteArray.kt:81
1.5	class	UInt	-	0	public value class UInt @kotlin.internal.IntrinsicConstEvaluation @PublishedApi internal constructor(@PublishedApi internal val data: Int) : Comparable<UInt> {	commonMain/kotlin/UInt.kt:16
-	val	UInt	-	0	public const val MIN_VALUE: UInt = UInt(0)	commonMain/kotlin/UInt.kt:22
-	val	UInt	-	0	public const val MAX_VALUE: UInt = UInt(-1)	commonMain/kotlin/UInt.kt:27
-	val	Int	-	0	public const val SIZE_BYTES: Int = 4	commonMain/kotlin/UInt.kt:32
-	val	Int	-	0	public const val SIZE_BITS: Int = 32	commonMain/kotlin/UInt.kt:37
-	fun	compareTo	-	0	public inline operator fun compareTo(other: UByte): Int = this.compareTo(other.toUInt())	commonMain/kotlin/UInt.kt:46
-	fun	compareTo	-	0	public inline operator fun compareTo(other: UShort): Int = this.compareTo(other.toUInt())	commonMain/kotlin/UInt.kt:54
-	fun	compareTo	-	0	public inline operator fun compareTo(other: ULong): Int = this.toULong().compareTo(other)	commonMain/kotlin/UInt.kt:71
-	fun	plus	-	0	public inline operator fun plus(other: UByte): UInt = this.plus(other.toUInt())	commonMain/kotlin/UInt.kt:75
-	fun	plus	-	0	public inline operator fun plus(other: UShort): UInt = this.plus(other.toUInt())	commonMain/kotlin/UInt.kt:78
-	fun	plus	-	0	public inline operator fun plus(other: UInt): UInt = UInt(this.data.plus(other.data))	commonMain/kotlin/UInt.kt:81
-	fun	plus	-	0	public inline operator fun plus(other: ULong): ULong = this.toULong().plus(other)	commonMain/kotlin/UInt.kt:84
-	fun	minus	-	0	public inline operator fun minus(other: UByte): UInt = this.minus(other.toUInt())	commonMain/kotlin/UInt.kt:88
-	fun	minus	-	0	public inline operator fun minus(other: UShort): UInt = this.minus(other.toUInt())	commonMain/kotlin/UInt.kt:91
-	fun	minus	-	0	public inline operator fun minus(other: UInt): UInt = UInt(this.data.minus(other.data))	commonMain/kotlin/UInt.kt:94
-	fun	minus	-	0	public inline operator fun minus(other: ULong): ULong = this.toULong().minus(other)	commonMain/kotlin/UInt.kt:97
-	fun	times	-	0	public inline operator fun times(other: UByte): UInt = this.times(other.toUInt())	commonMain/kotlin/UInt.kt:101
-	fun	times	-	0	public inline operator fun times(other: UShort): UInt = this.times(other.toUInt())	commonMain/kotlin/UInt.kt:104
-	fun	times	-	0	public inline operator fun times(other: UInt): UInt = UInt(this.data.times(other.data))	commonMain/kotlin/UInt.kt:107
-	fun	times	-	0	public inline operator fun times(other: ULong): ULong = this.toULong().times(other)	commonMain/kotlin/UInt.kt:110
-	fun	div	-	0	public inline operator fun div(other: UByte): UInt = this.div(other.toUInt())	commonMain/kotlin/UInt.kt:114
-	fun	div	-	0	public inline operator fun div(other: UShort): UInt = this.div(other.toUInt())	commonMain/kotlin/UInt.kt:117
-	fun	div	-	1	public inline operator fun div(other: UInt): UInt = uintDivide(this, other)	commonMain/kotlin/UInt.kt:120
-	fun	div	-	0	public inline operator fun div(other: ULong): ULong = this.toULong().div(other)	commonMain/kotlin/UInt.kt:123
-	fun	rem	-	0	public inline operator fun rem(other: UByte): UInt = this.rem(other.toUInt())	commonMain/kotlin/UInt.kt:131
-	fun	rem	-	0	public inline operator fun rem(other: UShort): UInt = this.rem(other.toUInt())	commonMain/kotlin/UInt.kt:138
-	fun	rem	-	1	public inline operator fun rem(other: UInt): UInt = uintRemainder(this, other)	commonMain/kotlin/UInt.kt:145
-	fun	rem	-	0	public inline operator fun rem(other: ULong): ULong = this.toULong().rem(other)	commonMain/kotlin/UInt.kt:152
-	fun	floorDiv	-	0	public inline fun floorDiv(other: UByte): UInt = this.floorDiv(other.toUInt())	commonMain/kotlin/UInt.kt:160
-	fun	floorDiv	-	0	public inline fun floorDiv(other: UShort): UInt = this.floorDiv(other.toUInt())	commonMain/kotlin/UInt.kt:167
-	fun	floorDiv	-	0	public inline fun floorDiv(other: UInt): UInt = div(other)	commonMain/kotlin/UInt.kt:174
-	fun	floorDiv	-	0	public inline fun floorDiv(other: ULong): ULong = this.toULong().floorDiv(other)	commonMain/kotlin/UInt.kt:181
-	fun	mod	-	0	public inline fun mod(other: UByte): UByte = this.mod(other.toUInt()).toUByte()	commonMain/kotlin/UInt.kt:191
-	fun	mod	-	0	public inline fun mod(other: UShort): UShort = this.mod(other.toUInt()).toUShort()	commonMain/kotlin/UInt.kt:200
-	fun	mod	-	0	public inline fun mod(other: UInt): UInt = rem(other)	commonMain/kotlin/UInt.kt:209
-	fun	mod	-	0	public inline fun mod(other: ULong): ULong = this.toULong().mod(other)	commonMain/kotlin/UInt.kt:218
-	fun	inc	-	0	public inline operator fun inc(): UInt = UInt(data.inc())	commonMain/kotlin/UInt.kt:226
-	fun	dec	-	0	public inline operator fun dec(): UInt = UInt(data.dec())	commonMain/kotlin/UInt.kt:234
-	fun	rangeTo	-	1	public inline operator fun rangeTo(other: UInt): UIntRange = UIntRange(this, other)	commonMain/kotlin/UInt.kt:238
1.9	fun	rangeUntil	-	0	public inline operator fun rangeUntil(other: UInt): UIntRange = this until other	commonMain/kotlin/UInt.kt:248
-	fun	shl	-	0	public inline infix fun shl(bitCount: Int): UInt = UInt(data shl bitCount)	commonMain/kotlin/UInt.kt:257
-	fun	shr	-	0	public inline infix fun shr(bitCount: Int): UInt = UInt(data ushr bitCount)	commonMain/kotlin/UInt.kt:266
-	fun	and	-	0	public inline infix fun and(other: UInt): UInt = UInt(this.data and other.data)	commonMain/kotlin/UInt.kt:270
-	fun	or	-	0	public inline infix fun or(other: UInt): UInt = UInt(this.data or other.data)	commonMain/kotlin/UInt.kt:273
-	fun	xor	-	0	public inline infix fun xor(other: UInt): UInt = UInt(this.data xor other.data)	commonMain/kotlin/UInt.kt:276
-	fun	inv	-	0	public inline fun inv(): UInt = UInt(data.inv())	commonMain/kotlin/UInt.kt:279
-	fun	toByte	-	0	public inline fun toByte(): Byte = data.toByte()	commonMain/kotlin/UInt.kt:291
-	fun	toShort	-	0	public inline fun toShort(): Short = data.toShort()	commonMain/kotlin/UInt.kt:302
-	fun	toInt	-	0	public inline fun toInt(): Int = data	commonMain/kotlin/UInt.kt:312
-	fun	toLong	-	0	public inline fun toLong(): Long = uintToLong(data)	commonMain/kotlin/UInt.kt:322
-	fun	toUByte	-	0	public inline fun toUByte(): UByte = data.toUByte()	commonMain/kotlin/UInt.kt:333
-	fun	toUShort	-	0	public inline fun toUShort(): UShort = data.toUShort()	commonMain/kotlin/UInt.kt:343
-	fun	toUInt	-	0	public inline fun toUInt(): UInt = this	commonMain/kotlin/UInt.kt:346
-	fun	toULong	-	0	public inline fun toULong(): ULong = uintToULong(data)	commonMain/kotlin/UInt.kt:356
-	fun	toFloat	-	0	public inline fun toFloat(): Float = uintToFloat(data)	commonMain/kotlin/UInt.kt:366
-	fun	toDouble	-	0	public inline fun toDouble(): Double = uintToDouble(data)	commonMain/kotlin/UInt.kt:373
1.5	fun	toUInt	Byte	0	public inline fun Byte.toUInt(): UInt = UInt(this.toInt())	commonMain/kotlin/UInt.kt:389
1.5	fun	toUInt	Short	0	public inline fun Short.toUInt(): UInt = UInt(this.toInt())	commonMain/kotlin/UInt.kt:400
1.5	fun	toUInt	Int	0	public inline fun Int.toUInt(): UInt = UInt(this)	commonMain/kotlin/UInt.kt:410
1.5	fun	toUInt	Long	0	public inline fun Long.toUInt(): UInt = UInt(this.toInt())	commonMain/kotlin/UInt.kt:421
1.5	fun	toUInt	Float	0	public inline fun Float.toUInt(): UInt = floatToUInt(this)	commonMain/kotlin/UInt.kt:431
1.5	fun	toUInt	Double	0	public inline fun Double.toUInt(): UInt = doubleToUInt(this)	commonMain/kotlin/UInt.kt:440
1.3	class	UIntArray	-	0	public value class UIntArray	commonMain/kotlin/UIntArray.kt:16
-	fun	get	-	0	public operator fun get(index: Int): UInt = storage[index].toUInt()	commonMain/kotlin/UIntArray.kt:29
-	fun	set	-	1	public operator fun set(index: Int, value: UInt) {	commonMain/kotlin/UIntArray.kt:37
-	class	Iterator	-	0	private class Iterator(private val array: IntArray) : kotlin.collections.Iterator<UInt> {	commonMain/kotlin/UIntArray.kt:47
-	var	index	-	0	private var index = 0	commonMain/kotlin/UIntArray.kt:48
1.3	fun	UIntArray	-	1	public inline fun UIntArray(size: Int, init: (Int) -> UInt): UIntArray {	commonMain/kotlin/UIntArray.kt:74
1.3	fun	uintArrayOf	-	0	public inline fun uintArrayOf(vararg elements: UInt): UIntArray = elements	commonMain/kotlin/UIntArray.kt:81
1.5	class	ULong	-	0	public value class ULong @kotlin.internal.IntrinsicConstEvaluation @PublishedApi internal constructor(@PublishedApi internal val data: Long) : Comparable<ULong> {	commonMain/kotlin/ULong.kt:16
-	val	ULong	-	0	public const val MIN_VALUE: ULong = ULong(0)	commonMain/kotlin/ULong.kt:22
-	val	ULong	-	0	public const val MAX_VALUE: ULong = ULong(-1)	commonMain/kotlin/ULong.kt:27
-	val	Int	-	0	public const val SIZE_BYTES: Int = 8	commonMain/kotlin/ULong.kt:32
-	val	Int	-	0	public const val SIZE_BITS: Int = 64	commonMain/kotlin/ULong.kt:37
-	fun	compareTo	-	0	public inline operator fun compareTo(other: UByte): Int = this.compareTo(other.toULong())	commonMain/kotlin/ULong.kt:46
-	fun	compareTo	-	0	public inline operator fun compareTo(other: UShort): Int = this.compareTo(other.toULong())	commonMain/kotlin/ULong.kt:54
-	fun	compareTo	-	0	public inline operator fun compareTo(other: UInt): Int = this.compareTo(other.toULong())	commonMain/kotlin/ULong.kt:62
-	fun	plus	-	0	public inline operator fun plus(other: UByte): ULong = this.plus(other.toULong())	commonMain/kotlin/ULong.kt:75
-	fun	plus	-	0	public inline operator fun plus(other: UShort): ULong = this.plus(other.toULong())	commonMain/kotlin/ULong.kt:78
-	fun	plus	-	0	public inline operator fun plus(other: UInt): ULong = this.plus(other.toULong())	commonMain/kotlin/ULong.kt:81
-	fun	plus	-	0	public inline operator fun plus(other: ULong): ULong = ULong(this.data.plus(other.data))	commonMain/kotlin/ULong.kt:84
-	fun	minus	-	0	public inline operator fun minus(other: UByte): ULong = this.minus(other.toULong())	commonMain/kotlin/ULong.kt:88
-	fun	minus	-	0	public inline operator fun minus(other: UShort): ULong = this.minus(other.toULong())	commonMain/kotlin/ULong.kt:91
-	fun	minus	-	0	public inline operator fun minus(other: UInt): ULong = this.minus(other.toULong())	commonMain/kotlin/ULong.kt:94
-	fun	minus	-	0	public inline operator fun minus(other: ULong): ULong = ULong(this.data.minus(other.data))	commonMain/kotlin/ULong.kt:97
-	fun	times	-	0	public inline operator fun times(other: UByte): ULong = this.times(other.toULong())	commonMain/kotlin/ULong.kt:101
-	fun	times	-	0	public inline operator fun times(other: UShort): ULong = this.times(other.toULong())	commonMain/kotlin/ULong.kt:104
-	fun	times	-	0	public inline operator fun times(other: UInt): ULong = this.times(other.toULong())	commonMain/kotlin/ULong.kt:107
-	fun	times	-	0	public inline operator fun times(other: ULong): ULong = ULong(this.data.times(other.data))	commonMain/kotlin/ULong.kt:110
-	fun	div	-	0	public inline operator fun div(other: UByte): ULong = this.div(other.toULong())	commonMain/kotlin/ULong.kt:114
-	fun	div	-	0	public inline operator fun div(other: UShort): ULong = this.div(other.toULong())	commonMain/kotlin/ULong.kt:117
-	fun	div	-	0	public inline operator fun div(other: UInt): ULong = this.div(other.toULong())	commonMain/kotlin/ULong.kt:120
-	fun	div	-	1	public inline operator fun div(other: ULong): ULong = ulongDivide(this, other)	commonMain/kotlin/ULong.kt:123
-	fun	rem	-	0	public inline operator fun rem(other: UByte): ULong = this.rem(other.toULong())	commonMain/kotlin/ULong.kt:131
-	fun	rem	-	0	public inline operator fun rem(other: UShort): ULong = this.rem(other.toULong())	commonMain/kotlin/ULong.kt:138
-	fun	rem	-	0	public inline operator fun rem(other: UInt): ULong = this.rem(other.toULong())	commonMain/kotlin/ULong.kt:145
-	fun	rem	-	1	public inline operator fun rem(other: ULong): ULong = ulongRemainder(this, other)	commonMain/kotlin/ULong.kt:152
-	fun	floorDiv	-	0	public inline fun floorDiv(other: UByte): ULong = this.floorDiv(other.toULong())	commonMain/kotlin/ULong.kt:160
-	fun	floorDiv	-	0	public inline fun floorDiv(other: UShort): ULong = this.floorDiv(other.toULong())	commonMain/kotlin/ULong.kt:167
-	fun	floorDiv	-	0	public inline fun floorDiv(other: UInt): ULong = this.floorDiv(other.toULong())	commonMain/kotlin/ULong.kt:174
-	fun	floorDiv	-	0	public inline fun floorDiv(other: ULong): ULong = div(other)	commonMain/kotlin/ULong.kt:181
-	fun	mod	-	0	public inline fun mod(other: UByte): UByte = this.mod(other.toULong()).toUByte()	commonMain/kotlin/ULong.kt:191
-	fun	mod	-	0	public inline fun mod(other: UShort): UShort = this.mod(other.toULong()).toUShort()	commonMain/kotlin/ULong.kt:200
-	fun	mod	-	0	public inline fun mod(other: UInt): UInt = this.mod(other.toULong()).toUInt()	commonMain/kotlin/ULong.kt:209
-	fun	mod	-	0	public inline fun mod(other: ULong): ULong = rem(other)	commonMain/kotlin/ULong.kt:218
-	fun	inc	-	0	public inline operator fun inc(): ULong = ULong(data.inc())	commonMain/kotlin/ULong.kt:226
-	fun	dec	-	0	public inline operator fun dec(): ULong = ULong(data.dec())	commonMain/kotlin/ULong.kt:234
-	fun	rangeTo	-	1	public inline operator fun rangeTo(other: ULong): ULongRange = ULongRange(this, other)	commonMain/kotlin/ULong.kt:238
1.9	fun	rangeUntil	-	0	public inline operator fun rangeUntil(other: ULong): ULongRange = this until other	commonMain/kotlin/ULong.kt:248
-	fun	shl	-	0	public inline infix fun shl(bitCount: Int): ULong = ULong(data shl bitCount)	commonMain/kotlin/ULong.kt:257
-	fun	shr	-	0	public inline infix fun shr(bitCount: Int): ULong = ULong(data ushr bitCount)	commonMain/kotlin/ULong.kt:266
-	fun	and	-	0	public inline infix fun and(other: ULong): ULong = ULong(this.data and other.data)	commonMain/kotlin/ULong.kt:270
-	fun	or	-	0	public inline infix fun or(other: ULong): ULong = ULong(this.data or other.data)	commonMain/kotlin/ULong.kt:273
-	fun	xor	-	0	public inline infix fun xor(other: ULong): ULong = ULong(this.data xor other.data)	commonMain/kotlin/ULong.kt:276
-	fun	inv	-	0	public inline fun inv(): ULong = ULong(data.inv())	commonMain/kotlin/ULong.kt:279
-	fun	toByte	-	0	public inline fun toByte(): Byte = data.toByte()	commonMain/kotlin/ULong.kt:291
-	fun	toShort	-	0	public inline fun toShort(): Short = data.toShort()	commonMain/kotlin/ULong.kt:302
-	fun	toInt	-	0	public inline fun toInt(): Int = data.toInt()	commonMain/kotlin/ULong.kt:313
-	fun	toLong	-	0	public inline fun toLong(): Long = data	commonMain/kotlin/ULong.kt:323
-	fun	toUByte	-	0	public inline fun toUByte(): UByte = data.toUByte()	commonMain/kotlin/ULong.kt:334
-	fun	toUShort	-	0	public inline fun toUShort(): UShort = data.toUShort()	commonMain/kotlin/ULong.kt:344
-	fun	toUInt	-	0	public inline fun toUInt(): UInt = data.toUInt()	commonMain/kotlin/ULong.kt:354
-	fun	toULong	-	0	public inline fun toULong(): ULong = this	commonMain/kotlin/ULong.kt:357
-	fun	toFloat	-	0	public inline fun toFloat(): Float = ulongToFloat(data)	commonMain/kotlin/ULong.kt:367
-	fun	toDouble	-	0	public inline fun toDouble(): Double = ulongToDouble(data)	commonMain/kotlin/ULong.kt:376
1.5	fun	toULong	Byte	0	public inline fun Byte.toULong(): ULong = ULong(this.toLong())	commonMain/kotlin/ULong.kt:392
1.5	fun	toULong	Short	0	public inline fun Short.toULong(): ULong = ULong(this.toLong())	commonMain/kotlin/ULong.kt:403
1.5	fun	toULong	Int	0	public inline fun Int.toULong(): ULong = ULong(this.toLong())	commonMain/kotlin/ULong.kt:414
1.5	fun	toULong	Long	0	public inline fun Long.toULong(): ULong = ULong(this)	commonMain/kotlin/ULong.kt:424
1.5	fun	toULong	Float	0	public inline fun Float.toULong(): ULong = floatToULong(this)	commonMain/kotlin/ULong.kt:434
1.5	fun	toULong	Double	0	public inline fun Double.toULong(): ULong = doubleToULong(this)	commonMain/kotlin/ULong.kt:443
1.3	class	ULongArray	-	0	public value class ULongArray	commonMain/kotlin/ULongArray.kt:16
-	fun	get	-	0	public operator fun get(index: Int): ULong = storage[index].toULong()	commonMain/kotlin/ULongArray.kt:29
-	fun	set	-	1	public operator fun set(index: Int, value: ULong) {	commonMain/kotlin/ULongArray.kt:37
-	class	Iterator	-	0	private class Iterator(private val array: LongArray) : kotlin.collections.Iterator<ULong> {	commonMain/kotlin/ULongArray.kt:47
-	var	index	-	0	private var index = 0	commonMain/kotlin/ULongArray.kt:48
1.3	fun	ULongArray	-	1	public inline fun ULongArray(size: Int, init: (Int) -> ULong): ULongArray {	commonMain/kotlin/ULongArray.kt:74
1.3	fun	ulongArrayOf	-	0	public inline fun ulongArrayOf(vararg elements: ULong): ULongArray = elements	commonMain/kotlin/ULongArray.kt:81
-	object	Unit	-	0	public expect object Unit	commonMain/kotlin/Unit.kt:11
-	fun	uintRemainder	-	1	internal expect fun uintRemainder(v1: UInt, v2: UInt): UInt	commonMain/kotlin/UnsignedCommon.kt:9
-	fun	ulongRemainder	-	1	internal expect fun ulongRemainder(v1: ULong, v2: ULong): ULong	commonMain/kotlin/UnsignedCommon.kt:12
-	fun	uintDivide	-	1	internal expect fun uintDivide(v1: UInt, v2: UInt): UInt	commonMain/kotlin/UnsignedCommon.kt:15
-	fun	ulongDivide	-	1	internal expect fun ulongDivide(v1: ULong, v2: ULong): ULong	commonMain/kotlin/UnsignedCommon.kt:18
-	fun	uintCompare	-	1	internal expect fun uintCompare(v1: Int, v2: Int): Int	commonMain/kotlin/UnsignedCommon.kt:21
-	fun	ulongCompare	-	1	internal expect fun ulongCompare(v1: Long, v2: Long): Int	commonMain/kotlin/UnsignedCommon.kt:24
-	fun	uintToULong	-	0	internal expect fun uintToULong(value: Int): ULong	commonMain/kotlin/UnsignedCommon.kt:27
-	fun	uintToLong	-	0	internal expect fun uintToLong(value: Int): Long	commonMain/kotlin/UnsignedCommon.kt:30
-	fun	uintToFloat	-	0	internal expect fun uintToFloat(value: Int): Float	commonMain/kotlin/UnsignedCommon.kt:33
-	fun	floatToUInt	-	0	internal expect fun floatToUInt(value: Float): UInt	commonMain/kotlin/UnsignedCommon.kt:36
-	fun	uintToDouble	-	0	internal expect fun uintToDouble(value: Int): Double	commonMain/kotlin/UnsignedCommon.kt:39
-	fun	doubleToUInt	-	0	internal expect fun doubleToUInt(value: Double): UInt	commonMain/kotlin/UnsignedCommon.kt:42
-	fun	ulongToFloat	-	0	internal expect fun ulongToFloat(value: Long): Float	commonMain/kotlin/UnsignedCommon.kt:45
-	fun	floatToULong	-	0	internal expect fun floatToULong(value: Float): ULong	commonMain/kotlin/UnsignedCommon.kt:48
-	fun	ulongToDouble	-	0	internal expect fun ulongToDouble(value: Long): Double	commonMain/kotlin/UnsignedCommon.kt:51
-	fun	doubleToULong	-	0	internal expect fun doubleToULong(value: Double): ULong	commonMain/kotlin/UnsignedCommon.kt:54
-	fun	uintToString	-	0	internal expect fun uintToString(value: Int): String	commonMain/kotlin/UnsignedCommon.kt:56
-	fun	uintToString	-	1	internal expect fun uintToString(value: Int, base: Int): String	commonMain/kotlin/UnsignedCommon.kt:58
-	fun	ulongToString	-	0	internal expect fun ulongToString(value: Long): String	commonMain/kotlin/UnsignedCommon.kt:60
-	fun	ulongToString	-	1	internal expect fun ulongToString(value: Long, base: Int): String	commonMain/kotlin/UnsignedCommon.kt:62
1.5	fun	countOneBits	UInt	0	public inline fun UInt.countOneBits(): Int = toInt().countOneBits()	commonMain/kotlin/UNumbers.kt:14
1.5	fun	countLeadingZeroBits	UInt	0	public inline fun UInt.countLeadingZeroBits(): Int = toInt().countLeadingZeroBits()	commonMain/kotlin/UNumbers.kt:21
1.5	fun	countTrailingZeroBits	UInt	0	public inline fun UInt.countTrailingZeroBits(): Int = toInt().countTrailingZeroBits()	commonMain/kotlin/UNumbers.kt:28
1.5	fun	takeHighestOneBit	UInt	0	public inline fun UInt.takeHighestOneBit(): UInt = toInt().takeHighestOneBit().toUInt()	commonMain/kotlin/UNumbers.kt:36
1.5	fun	takeLowestOneBit	UInt	0	public inline fun UInt.takeLowestOneBit(): UInt = toInt().takeLowestOneBit().toUInt()	commonMain/kotlin/UNumbers.kt:44
1.6	fun	rotateLeft	UInt	0	public inline fun UInt.rotateLeft(bitCount: Int): UInt = toInt().rotateLeft(bitCount).toUInt()	commonMain/kotlin/UNumbers.kt:58
1.6	fun	rotateRight	UInt	0	public inline fun UInt.rotateRight(bitCount: Int): UInt = toInt().rotateRight(bitCount).toUInt()	commonMain/kotlin/UNumbers.kt:73
1.5	fun	countOneBits	ULong	0	public inline fun ULong.countOneBits(): Int = toLong().countOneBits()	commonMain/kotlin/UNumbers.kt:81
1.5	fun	countLeadingZeroBits	ULong	0	public inline fun ULong.countLeadingZeroBits(): Int = toLong().countLeadingZeroBits()	commonMain/kotlin/UNumbers.kt:88
1.5	fun	countTrailingZeroBits	ULong	0	public inline fun ULong.countTrailingZeroBits(): Int = toLong().countTrailingZeroBits()	commonMain/kotlin/UNumbers.kt:95
1.5	fun	takeHighestOneBit	ULong	0	public inline fun ULong.takeHighestOneBit(): ULong = toLong().takeHighestOneBit().toULong()	commonMain/kotlin/UNumbers.kt:103
1.5	fun	takeLowestOneBit	ULong	0	public inline fun ULong.takeLowestOneBit(): ULong = toLong().takeLowestOneBit().toULong()	commonMain/kotlin/UNumbers.kt:111
1.6	fun	rotateLeft	ULong	0	public inline fun ULong.rotateLeft(bitCount: Int): ULong = toLong().rotateLeft(bitCount).toULong()	commonMain/kotlin/UNumbers.kt:125
1.6	fun	rotateRight	ULong	0	public inline fun ULong.rotateRight(bitCount: Int): ULong = toLong().rotateRight(bitCount).toULong()	commonMain/kotlin/UNumbers.kt:139
1.5	fun	countOneBits	UByte	0	public inline fun UByte.countOneBits(): Int = toUInt().countOneBits()	commonMain/kotlin/UNumbers.kt:146
1.5	fun	countLeadingZeroBits	UByte	0	public inline fun UByte.countLeadingZeroBits(): Int = toByte().countLeadingZeroBits()	commonMain/kotlin/UNumbers.kt:153
1.5	fun	countTrailingZeroBits	UByte	0	public inline fun UByte.countTrailingZeroBits(): Int = toByte().countTrailingZeroBits()	commonMain/kotlin/UNumbers.kt:160
1.5	fun	takeHighestOneBit	UByte	0	public inline fun UByte.takeHighestOneBit(): UByte = toInt().takeHighestOneBit().toUByte()	commonMain/kotlin/UNumbers.kt:168
1.5	fun	takeLowestOneBit	UByte	0	public inline fun UByte.takeLowestOneBit(): UByte = toInt().takeLowestOneBit().toUByte()	commonMain/kotlin/UNumbers.kt:176
1.6	fun	rotateLeft	UByte	0	public inline fun UByte.rotateLeft(bitCount: Int): UByte = toByte().rotateLeft(bitCount).toUByte()	commonMain/kotlin/UNumbers.kt:191
1.6	fun	rotateRight	UByte	0	public inline fun UByte.rotateRight(bitCount: Int): UByte = toByte().rotateRight(bitCount).toUByte()	commonMain/kotlin/UNumbers.kt:205
1.5	fun	countOneBits	UShort	0	public inline fun UShort.countOneBits(): Int = toUInt().countOneBits()	commonMain/kotlin/UNumbers.kt:212
1.5	fun	countLeadingZeroBits	UShort	0	public inline fun UShort.countLeadingZeroBits(): Int = toShort().countLeadingZeroBits()	commonMain/kotlin/UNumbers.kt:219
1.5	fun	countTrailingZeroBits	UShort	0	public inline fun UShort.countTrailingZeroBits(): Int = toShort().countTrailingZeroBits()	commonMain/kotlin/UNumbers.kt:226
1.5	fun	takeHighestOneBit	UShort	0	public inline fun UShort.takeHighestOneBit(): UShort = toInt().takeHighestOneBit().toUShort()	commonMain/kotlin/UNumbers.kt:234
1.5	fun	takeLowestOneBit	UShort	0	public inline fun UShort.takeLowestOneBit(): UShort = toInt().takeLowestOneBit().toUShort()	commonMain/kotlin/UNumbers.kt:242
1.6	fun	rotateLeft	UShort	0	public inline fun UShort.rotateLeft(bitCount: Int): UShort = toShort().rotateLeft(bitCount).toUShort()	commonMain/kotlin/UNumbers.kt:257
1.6	fun	rotateRight	UShort	0	public inline fun UShort.rotateRight(bitCount: Int): UShort = toShort().rotateRight(bitCount).toUShort()	commonMain/kotlin/UNumbers.kt:271
1.5	class	UShort	-	0	public value class UShort @kotlin.internal.IntrinsicConstEvaluation @PublishedApi internal constructor(@PublishedApi internal val data: Short) : Comparable<UShort> {	commonMain/kotlin/UShort.kt:16
-	val	UShort	-	0	public const val MIN_VALUE: UShort = UShort(0)	commonMain/kotlin/UShort.kt:22
-	val	UShort	-	0	public const val MAX_VALUE: UShort = UShort(-1)	commonMain/kotlin/UShort.kt:27
-	val	Int	-	0	public const val SIZE_BYTES: Int = 2	commonMain/kotlin/UShort.kt:32
-	val	Int	-	0	public const val SIZE_BITS: Int = 16	commonMain/kotlin/UShort.kt:37
-	fun	compareTo	-	0	public inline operator fun compareTo(other: UByte): Int = this.toInt().compareTo(other.toInt())	commonMain/kotlin/UShort.kt:46
-	fun	compareTo	-	0	public inline operator fun compareTo(other: UInt): Int = this.toUInt().compareTo(other)	commonMain/kotlin/UShort.kt:63
-	fun	compareTo	-	0	public inline operator fun compareTo(other: ULong): Int = this.toULong().compareTo(other)	commonMain/kotlin/UShort.kt:71
-	fun	plus	-	0	public inline operator fun plus(other: UByte): UInt = this.toUInt().plus(other.toUInt())	commonMain/kotlin/UShort.kt:75
-	fun	plus	-	0	public inline operator fun plus(other: UShort): UInt = this.toUInt().plus(other.toUInt())	commonMain/kotlin/UShort.kt:78
-	fun	plus	-	0	public inline operator fun plus(other: UInt): UInt = this.toUInt().plus(other)	commonMain/kotlin/UShort.kt:81
-	fun	plus	-	0	public inline operator fun plus(other: ULong): ULong = this.toULong().plus(other)	commonMain/kotlin/UShort.kt:84
-	fun	minus	-	0	public inline operator fun minus(other: UByte): UInt = this.toUInt().minus(other.toUInt())	commonMain/kotlin/UShort.kt:88
-	fun	minus	-	0	public inline operator fun minus(other: UShort): UInt = this.toUInt().minus(other.toUInt())	commonMain/kotlin/UShort.kt:91
-	fun	minus	-	0	public inline operator fun minus(other: UInt): UInt = this.toUInt().minus(other)	commonMain/kotlin/UShort.kt:94
-	fun	minus	-	0	public inline operator fun minus(other: ULong): ULong = this.toULong().minus(other)	commonMain/kotlin/UShort.kt:97
-	fun	times	-	0	public inline operator fun times(other: UByte): UInt = this.toUInt().times(other.toUInt())	commonMain/kotlin/UShort.kt:101
-	fun	times	-	0	public inline operator fun times(other: UShort): UInt = this.toUInt().times(other.toUInt())	commonMain/kotlin/UShort.kt:104
-	fun	times	-	0	public inline operator fun times(other: UInt): UInt = this.toUInt().times(other)	commonMain/kotlin/UShort.kt:107
-	fun	times	-	0	public inline operator fun times(other: ULong): ULong = this.toULong().times(other)	commonMain/kotlin/UShort.kt:110
-	fun	div	-	0	public inline operator fun div(other: UByte): UInt = this.toUInt().div(other.toUInt())	commonMain/kotlin/UShort.kt:114
-	fun	div	-	0	public inline operator fun div(other: UShort): UInt = this.toUInt().div(other.toUInt())	commonMain/kotlin/UShort.kt:117
-	fun	div	-	0	public inline operator fun div(other: UInt): UInt = this.toUInt().div(other)	commonMain/kotlin/UShort.kt:120
-	fun	div	-	0	public inline operator fun div(other: ULong): ULong = this.toULong().div(other)	commonMain/kotlin/UShort.kt:123
-	fun	rem	-	0	public inline operator fun rem(other: UByte): UInt = this.toUInt().rem(other.toUInt())	commonMain/kotlin/UShort.kt:131
-	fun	rem	-	0	public inline operator fun rem(other: UShort): UInt = this.toUInt().rem(other.toUInt())	commonMain/kotlin/UShort.kt:138
-	fun	rem	-	0	public inline operator fun rem(other: UInt): UInt = this.toUInt().rem(other)	commonMain/kotlin/UShort.kt:145
-	fun	rem	-	0	public inline operator fun rem(other: ULong): ULong = this.toULong().rem(other)	commonMain/kotlin/UShort.kt:152
-	fun	floorDiv	-	0	public inline fun floorDiv(other: UByte): UInt = this.toUInt().floorDiv(other.toUInt())	commonMain/kotlin/UShort.kt:160
-	fun	floorDiv	-	0	public inline fun floorDiv(other: UShort): UInt = this.toUInt().floorDiv(other.toUInt())	commonMain/kotlin/UShort.kt:167
-	fun	floorDiv	-	0	public inline fun floorDiv(other: UInt): UInt = this.toUInt().floorDiv(other)	commonMain/kotlin/UShort.kt:174
-	fun	floorDiv	-	0	public inline fun floorDiv(other: ULong): ULong = this.toULong().floorDiv(other)	commonMain/kotlin/UShort.kt:181
-	fun	mod	-	0	public inline fun mod(other: UByte): UByte = this.toUInt().mod(other.toUInt()).toUByte()	commonMain/kotlin/UShort.kt:191
-	fun	mod	-	0	public inline fun mod(other: UShort): UShort = this.toUInt().mod(other.toUInt()).toUShort()	commonMain/kotlin/UShort.kt:200
-	fun	mod	-	0	public inline fun mod(other: UInt): UInt = this.toUInt().mod(other)	commonMain/kotlin/UShort.kt:209
-	fun	mod	-	0	public inline fun mod(other: ULong): ULong = this.toULong().mod(other)	commonMain/kotlin/UShort.kt:218
-	fun	inc	-	0	public inline operator fun inc(): UShort = UShort(data.inc())	commonMain/kotlin/UShort.kt:226
-	fun	dec	-	0	public inline operator fun dec(): UShort = UShort(data.dec())	commonMain/kotlin/UShort.kt:234
-	fun	rangeTo	-	1	public inline operator fun rangeTo(other: UShort): UIntRange = UIntRange(this.toUInt(), other.toUInt())	commonMain/kotlin/UShort.kt:238
1.9	fun	rangeUntil	-	0	public inline operator fun rangeUntil(other: UShort): UIntRange = this.toUInt() until other.toUInt()	commonMain/kotlin/UShort.kt:248
-	fun	and	-	0	public inline infix fun and(other: UShort): UShort = UShort(this.data and other.data)	commonMain/kotlin/UShort.kt:252
-	fun	or	-	0	public inline infix fun or(other: UShort): UShort = UShort(this.data or other.data)	commonMain/kotlin/UShort.kt:255
-	fun	xor	-	0	public inline infix fun xor(other: UShort): UShort = UShort(this.data xor other.data)	commonMain/kotlin/UShort.kt:258
-	fun	inv	-	0	public inline fun inv(): UShort = UShort(data.inv())	commonMain/kotlin/UShort.kt:261
-	fun	toByte	-	0	public inline fun toByte(): Byte = data.toByte()	commonMain/kotlin/UShort.kt:273
-	fun	toShort	-	0	public inline fun toShort(): Short = data	commonMain/kotlin/UShort.kt:283
-	fun	toInt	-	0	public inline fun toInt(): Int = data.toInt() and 0xFFFF	commonMain/kotlin/UShort.kt:293
-	fun	toLong	-	0	public inline fun toLong(): Long = data.toLong() and 0xFFFF	commonMain/kotlin/UShort.kt:303
-	fun	toUByte	-	0	public inline fun toUByte(): UByte = data.toUByte()	commonMain/kotlin/UShort.kt:314
-	fun	toUShort	-	0	public inline fun toUShort(): UShort = this	commonMain/kotlin/UShort.kt:317
-	fun	toUInt	-	0	public inline fun toUInt(): UInt = UInt(data.toInt() and 0xFFFF)	commonMain/kotlin/UShort.kt:327
-	fun	toULong	-	0	public inline fun toULong(): ULong = ULong(data.toLong() and 0xFFFF)	commonMain/kotlin/UShort.kt:337
-	fun	toFloat	-	0	public inline fun toFloat(): Float = uintToFloat(this.toInt())	commonMain/kotlin/UShort.kt:345
-	fun	toDouble	-	0	public inline fun toDouble(): Double = uintToDouble(this.toInt())	commonMain/kotlin/UShort.kt:352
1.5	fun	toUShort	Byte	0	public inline fun Byte.toUShort(): UShort = UShort(this.toShort())	commonMain/kotlin/UShort.kt:368
1.5	fun	toUShort	Short	0	public inline fun Short.toUShort(): UShort = UShort(this)	commonMain/kotlin/UShort.kt:378
1.5	fun	toUShort	Int	0	public inline fun Int.toUShort(): UShort = UShort(this.toShort())	commonMain/kotlin/UShort.kt:389
1.5	fun	toUShort	Long	0	public inline fun Long.toUShort(): UShort = UShort(this.toShort())	commonMain/kotlin/UShort.kt:400
1.3	class	UShortArray	-	0	public value class UShortArray	commonMain/kotlin/UShortArray.kt:16
-	fun	get	-	0	public operator fun get(index: Int): UShort = storage[index].toUShort()	commonMain/kotlin/UShortArray.kt:29
-	fun	set	-	1	public operator fun set(index: Int, value: UShort) {	commonMain/kotlin/UShortArray.kt:37
-	class	Iterator	-	0	private class Iterator(private val array: ShortArray) : kotlin.collections.Iterator<UShort> {	commonMain/kotlin/UShortArray.kt:47
-	var	index	-	0	private var index = 0	commonMain/kotlin/UShortArray.kt:48
1.3	fun	UShortArray	-	1	public inline fun UShortArray(size: Int, init: (Int) -> UShort): UShortArray {	commonMain/kotlin/UShortArray.kt:74
1.3	fun	ushortArrayOf	-	0	public inline fun ushortArrayOf(vararg elements: UShort): UShortArray = elements	commonMain/kotlin/UShortArray.kt:81
1.7	class	DeepRecursiveFunction	-	1	public class DeepRecursiveFunction<T, R>(	commonMain/kotlin/util/DeepRecursive.kt:71
-	val	R	-	1	internal val block: suspend DeepRecursiveScope<T, R>.(T) -> R	commonMain/kotlin/util/DeepRecursive.kt:72
1.7	fun	invoke	-	2	public operator fun <T, R> DeepRecursiveFunction<T, R>.invoke(value: T): R =	commonMain/kotlin/util/DeepRecursive.kt:84
1.7	class	DeepRecursiveScope	-	1	public sealed class DeepRecursiveScope<T, R> {	commonMain/kotlin/util/DeepRecursive.kt:97
-	fun	callRecursive	-	0	public abstract suspend fun callRecursive(value: T): R	commonMain/kotlin/util/DeepRecursive.kt:102
-	fun	callRecursive	-	2	public abstract suspend fun <U, S> DeepRecursiveFunction<U, S>.callRecursive(value: U): S	commonMain/kotlin/util/DeepRecursive.kt:108
-	fun	invoke	-	1	public operator fun DeepRecursiveFunction<*, *>.invoke(value: Any?): Nothing =	commonMain/kotlin/util/DeepRecursive.kt:118
-	typealias	DeepRecursiveFunctionBlock	-	1	private typealias DeepRecursiveFunctionBlock = suspend DeepRecursiveScope<*, *>.(Any?) -> Any?	commonMain/kotlin/util/DeepRecursive.kt:124
-	val	UNDEFINED_RESULT	-	0	private val UNDEFINED_RESULT = Result.success(COROUTINE_SUSPENDED)	commonMain/kotlin/util/DeepRecursive.kt:126
-	class	DeepRecursiveScopeImpl	-	1	private class DeepRecursiveScopeImpl<T, R>(	commonMain/kotlin/util/DeepRecursive.kt:129
-	var	DeepRecursiveFunctionBlock	-	0	private var function: DeepRecursiveFunctionBlock = block as DeepRecursiveFunctionBlock	commonMain/kotlin/util/DeepRecursive.kt:134
-	var	Any	-	0	private var value: Any? = value	commonMain/kotlin/util/DeepRecursive.kt:137
-	var	Result	-	0	private var result: Result<Any?> = UNDEFINED_RESULT	commonMain/kotlin/util/DeepRecursive.kt:143
-	val	function	-	0	val function = block as DeepRecursiveFunctionBlock	commonMain/kotlin/util/DeepRecursive.kt:162
-	val	currentFunction	-	0	val currentFunction = this.function	commonMain/kotlin/util/DeepRecursive.kt:164
-	fun	crossFunctionCompletion	-	0	private fun crossFunctionCompletion(	commonMain/kotlin/util/DeepRecursive.kt:178
-	fun	runCallLoop	-	0	fun runCallLoop(): R {	commonMain/kotlin/util/DeepRecursive.kt:190
-	val	result	-	0	val result = this.result	commonMain/kotlin/util/DeepRecursive.kt:193
-	val	cont	-	0	val cont = this.cont	commonMain/kotlin/util/DeepRecursive.kt:194
-	val	r	-	0	val r = try {	commonMain/kotlin/util/DeepRecursive.kt:199
1.5	fun	floorDiv	Byte	0	public inline fun Byte.floorDiv(other: Byte): Int =	commonMain/kotlin/util/FloorDivMod.kt:19
1.5	fun	mod	Byte	0	public inline fun Byte.mod(other: Byte): Byte =	commonMain/kotlin/util/FloorDivMod.kt:30
1.5	fun	floorDiv	Byte	0	public inline fun Byte.floorDiv(other: Short): Int =	commonMain/kotlin/util/FloorDivMod.kt:37
1.5	fun	mod	Byte	0	public inline fun Byte.mod(other: Short): Short =	commonMain/kotlin/util/FloorDivMod.kt:48
1.5	fun	floorDiv	Byte	0	public inline fun Byte.floorDiv(other: Int): Int =	commonMain/kotlin/util/FloorDivMod.kt:55
1.5	fun	mod	Byte	0	public inline fun Byte.mod(other: Int): Int =	commonMain/kotlin/util/FloorDivMod.kt:66
1.5	fun	floorDiv	Byte	0	public inline fun Byte.floorDiv(other: Long): Long =	commonMain/kotlin/util/FloorDivMod.kt:73
1.5	fun	mod	Byte	0	public inline fun Byte.mod(other: Long): Long =	commonMain/kotlin/util/FloorDivMod.kt:84
1.5	fun	floorDiv	Short	0	public inline fun Short.floorDiv(other: Byte): Int =	commonMain/kotlin/util/FloorDivMod.kt:91
1.5	fun	mod	Short	0	public inline fun Short.mod(other: Byte): Byte =	commonMain/kotlin/util/FloorDivMod.kt:102
1.5	fun	floorDiv	Short	0	public inline fun Short.floorDiv(other: Short): Int =	commonMain/kotlin/util/FloorDivMod.kt:109
1.5	fun	mod	Short	0	public inline fun Short.mod(other: Short): Short =	commonMain/kotlin/util/FloorDivMod.kt:120
1.5	fun	floorDiv	Short	0	public inline fun Short.floorDiv(other: Int): Int =	commonMain/kotlin/util/FloorDivMod.kt:127
1.5	fun	mod	Short	0	public inline fun Short.mod(other: Int): Int =	commonMain/kotlin/util/FloorDivMod.kt:138
1.5	fun	floorDiv	Short	0	public inline fun Short.floorDiv(other: Long): Long =	commonMain/kotlin/util/FloorDivMod.kt:145
1.5	fun	mod	Short	0	public inline fun Short.mod(other: Long): Long =	commonMain/kotlin/util/FloorDivMod.kt:156
1.5	fun	floorDiv	Int	0	public inline fun Int.floorDiv(other: Byte): Int =	commonMain/kotlin/util/FloorDivMod.kt:163
1.5	fun	mod	Int	0	public inline fun Int.mod(other: Byte): Byte =	commonMain/kotlin/util/FloorDivMod.kt:174
1.5	fun	floorDiv	Int	0	public inline fun Int.floorDiv(other: Short): Int =	commonMain/kotlin/util/FloorDivMod.kt:181
1.5	fun	mod	Int	0	public inline fun Int.mod(other: Short): Short =	commonMain/kotlin/util/FloorDivMod.kt:192
1.5	fun	floorDiv	Int	0	public inline fun Int.floorDiv(other: Int): Int {	commonMain/kotlin/util/FloorDivMod.kt:199
-	var	q	-	0	var q = this / other	commonMain/kotlin/util/FloorDivMod.kt:200
1.5	fun	mod	Int	0	public inline fun Int.mod(other: Int): Int {	commonMain/kotlin/util/FloorDivMod.kt:213
-	val	r	-	0	val r = this % other	commonMain/kotlin/util/FloorDivMod.kt:214
1.5	fun	floorDiv	Int	0	public inline fun Int.floorDiv(other: Long): Long =	commonMain/kotlin/util/FloorDivMod.kt:222
1.5	fun	mod	Int	0	public inline fun Int.mod(other: Long): Long =	commonMain/kotlin/util/FloorDivMod.kt:233
1.5	fun	floorDiv	Long	0	public inline fun Long.floorDiv(other: Byte): Long =	commonMain/kotlin/util/FloorDivMod.kt:240
1.5	fun	mod	Long	0	public inline fun Long.mod(other: Byte): Byte =	commonMain/kotlin/util/FloorDivMod.kt:251
1.5	fun	floorDiv	Long	0	public inline fun Long.floorDiv(other: Short): Long =	commonMain/kotlin/util/FloorDivMod.kt:258
1.5	fun	mod	Long	0	public inline fun Long.mod(other: Short): Short =	commonMain/kotlin/util/FloorDivMod.kt:269
1.5	fun	floorDiv	Long	0	public inline fun Long.floorDiv(other: Int): Long =	commonMain/kotlin/util/FloorDivMod.kt:276
1.5	fun	mod	Long	0	public inline fun Long.mod(other: Int): Int =	commonMain/kotlin/util/FloorDivMod.kt:287
1.5	fun	floorDiv	Long	0	public inline fun Long.floorDiv(other: Long): Long {	commonMain/kotlin/util/FloorDivMod.kt:294
-	var	q	-	0	var q = this / other	commonMain/kotlin/util/FloorDivMod.kt:295
1.5	fun	mod	Long	0	public inline fun Long.mod(other: Long): Long {	commonMain/kotlin/util/FloorDivMod.kt:308
-	val	r	-	0	val r = this % other	commonMain/kotlin/util/FloorDivMod.kt:309
1.5	fun	mod	Float	0	public inline fun Float.mod(other: Float): Float {	commonMain/kotlin/util/FloorDivMod.kt:323
-	val	r	-	0	val r = this % other	commonMain/kotlin/util/FloorDivMod.kt:324
1.5	fun	mod	Float	0	public inline fun Float.mod(other: Double): Double =	commonMain/kotlin/util/FloorDivMod.kt:338
1.5	fun	mod	Double	0	public inline fun Double.mod(other: Float): Double =	commonMain/kotlin/util/FloorDivMod.kt:351
1.5	fun	mod	Double	0	public inline fun Double.mod(other: Double): Double {	commonMain/kotlin/util/FloorDivMod.kt:364
-	val	r	-	0	val r = this % other	commonMain/kotlin/util/FloorDivMod.kt:365
1.3	fun	hashCode	Any	0	public inline fun Any?.hashCode(): Int = this?.hashCode() ?: 0	commonMain/kotlin/util/HashCode.kt:18
1.1	class	KotlinVersion	-	2	public class KotlinVersion(public val major: Int, public val minor: Int, public val patch: Int) : Comparable<KotlinVersion> {	commonMain/kotlin/util/KotlinVersion.kt:17
-	val	version	-	2	private val version = versionOf(major, minor, patch)	commonMain/kotlin/util/KotlinVersion.kt:23
-	fun	versionOf	-	2	private fun versionOf(major: Int, minor: Int, patch: Int): Int {	commonMain/kotlin/util/KotlinVersion.kt:25
-	val	otherVersion	-	0	val otherVersion = (other as? KotlinVersion) ?: return false	commonMain/kotlin/util/KotlinVersion.kt:39
-	fun	isAtLeast	-	1	public fun isAtLeast(major: Int, minor: Int): Boolean =	commonMain/kotlin/util/KotlinVersion.kt:51
-	fun	isAtLeast	-	2	public fun isAtLeast(major: Int, minor: Int, patch: Int): Boolean =	commonMain/kotlin/util/KotlinVersion.kt:59
-	val	Int	-	0	public const val MAX_COMPONENT_VALUE: Int = 255	commonMain/kotlin/util/KotlinVersion.kt:69
-	val	KotlinVersion	-	0	public val CURRENT: KotlinVersion = KotlinVersionCurrentValue.get()	commonMain/kotlin/util/KotlinVersion.kt:75
-	object	KotlinVersionCurrentValue	-	0	private object KotlinVersionCurrentValue {	commonMain/kotlin/util/KotlinVersion.kt:80
-	fun	get	-	2	fun get(): KotlinVersion = KotlinVersion(2, 2, 10)	commonMain/kotlin/util/KotlinVersion.kt:82
1.2	val	Boolean	-	0	public inline val @receiver:AccessibleLateinitPropertyLiteral KProperty0<*>.isInitialized: Boolean	commonMain/kotlin/util/Lateinit.kt:22
-	interface	Lazy	-	0	public interface Lazy<out T> {	commonMain/kotlin/util/Lazy.kt:22
-	val	T	-	0	public val value: T	commonMain/kotlin/util/Lazy.kt:29
-	fun	isInitialized	-	0	public fun isInitialized(): Boolean	commonMain/kotlin/util/Lazy.kt:35
-	fun	lazyOf	-	0	public fun <T> lazyOf(value: T): Lazy<T> = InitializedLazyImpl(value)	commonMain/kotlin/util/Lazy.kt:41
-	fun	getValue	-	1	public inline operator fun <T> Lazy<T>.getValue(thisRef: Any?, property: KProperty<*>): T = value	commonMain/kotlin/util/Lazy.kt:52
-	class	LazyThreadSafetyMode	-	0	public enum class LazyThreadSafetyMode {	commonMain/kotlin/util/Lazy.kt:61
-	object	UNINITIALIZED_VALUE	-	0	internal object UNINITIALIZED_VALUE	commonMain/kotlin/util/Lazy.kt:90
-	class	UnsafeLazyImpl	-	1	internal class UnsafeLazyImpl<out T>(initializer: () -> T) : Lazy<T>, Serializable {	commonMain/kotlin/util/Lazy.kt:93
-	var	Any	-	0	private var _value: Any? = UNINITIALIZED_VALUE	commonMain/kotlin/util/Lazy.kt:95
-	fun	writeReplace	-	0	private fun writeReplace(): Any = InitializedLazyImpl(value)	commonMain/kotlin/util/Lazy.kt:111
-	fun	readObject	-	0	private fun readObject(input: ReadObjectParameterType): Unit = throwReadObjectNotSupported()	commonMain/kotlin/util/Lazy.kt:113
-	class	InitializedLazyImpl	-	1	internal class InitializedLazyImpl<out T>(override val value: T) : Lazy<T>, Serializable {	commonMain/kotlin/util/Lazy.kt:116
1.4	fun	countOneBits	Int	0	public expect fun Int.countOneBits(): Int	commonMain/kotlin/util/Numbers.kt:14
1.4	fun	countLeadingZeroBits	Int	0	public expect fun Int.countLeadingZeroBits(): Int	commonMain/kotlin/util/Numbers.kt:20
1.4	fun	countTrailingZeroBits	Int	0	public expect fun Int.countTrailingZeroBits(): Int	commonMain/kotlin/util/Numbers.kt:26
1.4	fun	takeHighestOneBit	Int	0	public expect fun Int.takeHighestOneBit(): Int	commonMain/kotlin/util/Numbers.kt:33
1.4	fun	takeLowestOneBit	Int	0	public expect fun Int.takeLowestOneBit(): Int	commonMain/kotlin/util/Numbers.kt:40
1.6	fun	rotateLeft	Int	0	public expect fun Int.rotateLeft(bitCount: Int): Int	commonMain/kotlin/util/Numbers.kt:53
1.6	fun	rotateRight	Int	0	public expect fun Int.rotateRight(bitCount: Int): Int	commonMain/kotlin/util/Numbers.kt:67
1.4	fun	countOneBits	Long	0	public expect fun Long.countOneBits(): Int	commonMain/kotlin/util/Numbers.kt:74
1.4	fun	countLeadingZeroBits	Long	0	public expect fun Long.countLeadingZeroBits(): Int	commonMain/kotlin/util/Numbers.kt:80
1.4	fun	countTrailingZeroBits	Long	0	public expect fun Long.countTrailingZeroBits(): Int	commonMain/kotlin/util/Numbers.kt:86
1.4	fun	takeHighestOneBit	Long	0	public expect fun Long.takeHighestOneBit(): Long	commonMain/kotlin/util/Numbers.kt:93
1.4	fun	takeLowestOneBit	Long	0	public expect fun Long.takeLowestOneBit(): Long	commonMain/kotlin/util/Numbers.kt:100
1.6	fun	rotateLeft	Long	0	public expect fun Long.rotateLeft(bitCount: Int): Long	commonMain/kotlin/util/Numbers.kt:113
1.6	fun	rotateRight	Long	0	public expect fun Long.rotateRight(bitCount: Int): Long	commonMain/kotlin/util/Numbers.kt:126
1.4	fun	countOneBits	Byte	0	public inline fun Byte.countOneBits(): Int = (toInt() and 0xFF).countOneBits()	commonMain/kotlin/util/Numbers.kt:133
1.4	fun	countLeadingZeroBits	Byte	0	public inline fun Byte.countLeadingZeroBits(): Int = (toInt() and 0xFF).countLeadingZeroBits() - (Int.SIZE_BITS - Byte.SIZE_BITS)	commonMain/kotlin/util/Numbers.kt:140
1.4	fun	countTrailingZeroBits	Byte	0	public inline fun Byte.countTrailingZeroBits(): Int = (toInt() or 0x100).countTrailingZeroBits()	commonMain/kotlin/util/Numbers.kt:147
1.4	fun	takeHighestOneBit	Byte	0	public inline fun Byte.takeHighestOneBit(): Byte = (toInt() and 0xFF).takeHighestOneBit().toByte()	commonMain/kotlin/util/Numbers.kt:155
1.4	fun	takeLowestOneBit	Byte	0	public inline fun Byte.takeLowestOneBit(): Byte = toInt().takeLowestOneBit().toByte()	commonMain/kotlin/util/Numbers.kt:163
1.6	fun	rotateLeft	Byte	0	public fun Byte.rotateLeft(bitCount: Int): Byte =	commonMain/kotlin/util/Numbers.kt:177
1.6	fun	rotateRight	Byte	0	public fun Byte.rotateRight(bitCount: Int): Byte =	commonMain/kotlin/util/Numbers.kt:191
1.4	fun	countOneBits	Short	0	public inline fun Short.countOneBits(): Int = (toInt() and 0xFFFF).countOneBits()	commonMain/kotlin/util/Numbers.kt:199
1.4	fun	countLeadingZeroBits	Short	0	public inline fun Short.countLeadingZeroBits(): Int =	commonMain/kotlin/util/Numbers.kt:206
1.4	fun	countTrailingZeroBits	Short	0	public inline fun Short.countTrailingZeroBits(): Int = (toInt() or 0x10000).countTrailingZeroBits()	commonMain/kotlin/util/Numbers.kt:214
1.4	fun	takeHighestOneBit	Short	0	public inline fun Short.takeHighestOneBit(): Short = (toInt() and 0xFFFF).takeHighestOneBit().toShort()	commonMain/kotlin/util/Numbers.kt:222
1.4	fun	takeLowestOneBit	Short	0	public inline fun Short.takeLowestOneBit(): Short = toInt().takeLowestOneBit().toShort()	commonMain/kotlin/util/Numbers.kt:230
1.6	fun	rotateLeft	Short	0	public fun Short.rotateLeft(bitCount: Int): Short =	commonMain/kotlin/util/Numbers.kt:244
1.6	fun	rotateRight	Short	0	public fun Short.rotateRight(bitCount: Int): Short =	commonMain/kotlin/util/Numbers.kt:258
-	fun	require	-	0	public inline fun require(value: Boolean): Unit {	commonMain/kotlin/util/Preconditions.kt:19
-	fun	require	-	1	public inline fun require(value: Boolean, lazyMessage: () -> Any): Unit {	commonMain/kotlin/util/Preconditions.kt:32
-	val	message	-	0	val message = lazyMessage()	commonMain/kotlin/util/Preconditions.kt:37
-	fun	requireNotNull	-	0	public inline fun <T : Any> requireNotNull(value: T?): T {	commonMain/kotlin/util/Preconditions.kt:46
-	fun	requireNotNull	-	1	public inline fun <T : Any> requireNotNull(value: T?, lazyMessage: () -> Any): T {	commonMain/kotlin/util/Preconditions.kt:60
-	val	message	-	0	val message = lazyMessage()	commonMain/kotlin/util/Preconditions.kt:66
-	fun	check	-	0	public inline fun check(value: Boolean): Unit {	commonMain/kotlin/util/Preconditions.kt:79
-	fun	check	-	1	public inline fun check(value: Boolean, lazyMessage: () -> Any): Unit {	commonMain/kotlin/util/Preconditions.kt:94
-	val	message	-	0	val message = lazyMessage()	commonMain/kotlin/util/Preconditions.kt:99
-	fun	checkNotNull	-	0	public inline fun <T : Any> checkNotNull(value: T?): T {	commonMain/kotlin/util/Preconditions.kt:111
-	fun	checkNotNull	-	1	public inline fun <T : Any> checkNotNull(value: T?, lazyMessage: () -> Any): T {	commonMain/kotlin/util/Preconditions.kt:125
-	val	message	-	0	val message = lazyMessage()	commonMain/kotlin/util/Preconditions.kt:131
-	fun	error	-	0	public inline fun error(message: Any): Nothing = throw IllegalStateException(message.toString())	commonMain/kotlin/util/Preconditions.kt:145
1.3	class	Result	-	0	public value class Result<out T> @PublishedApi internal constructor(	commonMain/kotlin/util/Result.kt:22
-	val	Any	-	0	internal val value: Any?	commonMain/kotlin/util/Result.kt:24
-	val	get	-	0	public val isSuccess: Boolean get() = value !is Failure	commonMain/kotlin/util/Result.kt:32
-	val	get	-	0	public val isFailure: Boolean get() = value is Failure	commonMain/kotlin/util/Result.kt:38
-	fun	getOrNull	-	0	public inline fun getOrNull(): T? =	commonMain/kotlin/util/Result.kt:50
-	fun	exceptionOrNull	-	0	public fun exceptionOrNull(): Throwable? =	commonMain/kotlin/util/Result.kt:62
-	fun	success	-	0	public inline fun <T> success(value: T): Result<T> =	commonMain/kotlin/util/Result.kt:92
-	fun	failure	-	0	public inline fun <T> failure(exception: Throwable): Result<T> =	commonMain/kotlin/util/Result.kt:101
-	class	Failure	-	0	internal class Failure(	commonMain/kotlin/util/Result.kt:105
-	val	Throwable	-	0	val exception: Throwable	commonMain/kotlin/util/Result.kt:107
1.3	fun	createFailure	-	0	internal fun createFailure(exception: Throwable): Any =	commonMain/kotlin/util/Result.kt:121
1.3	fun	throwOnFailure	-	0	internal fun Result<*>.throwOnFailure() {	commonMain/kotlin/util/Result.kt:131
1.3	fun	runCatching	-	0	public inline fun <R> runCatching(block: () -> R): Result<R> {	commonMain/kotlin/util/Result.kt:141
1.3	fun	runCatching	T	1	public inline fun <T, R> T.runCatching(block: T.() -> R): Result<R> {	commonMain/kotlin/util/Result.kt:155
1.3	fun	getOrThrow	-	0	public inline fun <T> Result<T>.getOrThrow(): T {	commonMain/kotlin/util/Result.kt:173
1.3	fun	getOrElse	-	1	public inline fun <R, T : R> Result<T>.getOrElse(onFailure: (exception: Throwable) -> R): R {	commonMain/kotlin/util/Result.kt:188
1.3	fun	getOrDefault	-	1	public inline fun <R, T : R> Result<T>.getOrDefault(defaultValue: R): R {	commonMain/kotlin/util/Result.kt:206
1.3	fun	fold	-	1	public inline fun <R, T> Result<T>.fold(	commonMain/kotlin/util/Result.kt:219
1.3	fun	map	-	1	public inline fun <R, T> Result<T>.map(transform: (value: T) -> R): Result<R> {	commonMain/kotlin/util/Result.kt:245
1.3	fun	mapCatching	-	1	public inline fun <R, T> Result<T>.mapCatching(transform: (value: T) -> R): Result<R> {	commonMain/kotlin/util/Result.kt:265
1.3	fun	recover	-	1	public inline fun <R, T : R> Result<T>.recover(transform: (exception: Throwable) -> R): Result<R> {	commonMain/kotlin/util/Result.kt:282
1.3	fun	recoverCatching	-	1	public inline fun <R, T : R> Result<T>.recoverCatching(transform: (exception: Throwable) -> R): Result<R> {	commonMain/kotlin/util/Result.kt:302
1.3	fun	onFailure	-	0	public inline fun <T> Result<T>.onFailure(action: (exception: Throwable) -> Unit): Result<T> {	commonMain/kotlin/util/Result.kt:317
1.3	fun	onSuccess	-	0	public inline fun <T> Result<T>.onSuccess(action: (value: T) -> Unit): Result<T> {	commonMain/kotlin/util/Result.kt:331
-	class	NotImplementedError	-	0	public class NotImplementedError(message: String = "An operation is not implemented.") : Error(message)	commonMain/kotlin/util/Standard.kt:15
-	fun	TODO	-	0	public inline fun TODO(): Nothing = throw NotImplementedError()	commonMain/kotlin/util/Standard.kt:22
-	fun	TODO	-	0	public inline fun TODO(reason: String): Nothing = throw NotImplementedError("An operation is not implemented: $reason")	commonMain/kotlin/util/Standard.kt:30
-	fun	run	-	0	public inline fun <R> run(block: () -> R): R {	commonMain/kotlin/util/Standard.kt:40
-	fun	run	T	1	public inline fun <T, R> T.run(block: T.() -> R): R {	commonMain/kotlin/util/Standard.kt:53
-	fun	with	-	2	public inline fun <T, R> with(receiver: T, block: T.() -> R): R {	commonMain/kotlin/util/Standard.kt:66
-	fun	apply	T	0	public inline fun <T> T.apply(block: T.() -> Unit): T {	commonMain/kotlin/util/Standard.kt:79
1.1	fun	also	T	0	public inline fun <T> T.also(block: (T) -> Unit): T {	commonMain/kotlin/util/Standard.kt:94
-	fun	let	T	1	public inline fun <T, R> T.let(block: (T) -> R): R {	commonMain/kotlin/util/Standard.kt:108
1.1	fun	takeIf	T	0	public inline fun <T> T.takeIf(predicate: (T) -> Boolean): T? {	commonMain/kotlin/util/Standard.kt:122
1.1	fun	takeUnless	T	0	public inline fun <T> T.takeUnless(predicate: (T) -> Boolean): T? {	commonMain/kotlin/util/Standard.kt:136
-	fun	repeat	-	1	public inline fun repeat(times: Int, action: (Int) -> Unit) {	commonMain/kotlin/util/Standard.kt:153
1.2	fun	suspend	-	0	public inline fun <R> suspend(noinline block: suspend () -> R): suspend () -> R = block	commonMain/kotlin/util/Suspend.kt:27
-	class	Pair	-	1	public data class Pair<out A, out B>(	commonMain/kotlin/util/Tuples.kt:26
-	val	A	-	1	public val first: A,	commonMain/kotlin/util/Tuples.kt:27
-	val	B	-	0	public val second: B	commonMain/kotlin/util/Tuples.kt:28
-	fun	to	A	3	public infix fun <A, B> A.to(that: B): Pair<A, B> = Pair(this, that)	commonMain/kotlin/util/Tuples.kt:43
-	fun	toList	-	2	public fun <T> Pair<T, T>.toList(): List<T> = listOf(first, second)	commonMain/kotlin/util/Tuples.kt:49
-	class	Triple	-	2	public data class Triple<out A, out B, out C>(	commonMain/kotlin/util/Tuples.kt:66
-	val	A	-	1	public val first: A,	commonMain/kotlin/util/Tuples.kt:67
-	val	B	-	1	public val second: B,	commonMain/kotlin/util/Tuples.kt:68
-	val	C	-	0	public val third: C	commonMain/kotlin/util/Tuples.kt:69
-	fun	toList	-	4	public fun <T> Triple<T, T, T>.toList(): List<T> = listOf(first, second, third)	commonMain/kotlin/util/Tuples.kt:82
-	interface	Annotation	-	0	public actual interface Annotation	jvmMain/kotlin/Annotation.kt:15
-	class	Any	-	0	public actual open class Any {	jvmMain/kotlin/Any.kt:15
-	fun	equals	-	0	public actual open operator fun equals(other: Any?): Boolean	jvmMain/kotlin/Any.kt:28
-	fun	hashCode	-	0	public actual open fun hashCode(): Int	jvmMain/kotlin/Any.kt:37
-	fun	toString	-	0	public actual open fun toString(): String	jvmMain/kotlin/Any.kt:42
-	class	Array	-	0	public actual class Array<T> {	jvmMain/kotlin/Array.kt:24
-	fun	get	-	0	public actual operator fun get(index: Int): T	jvmMain/kotlin/Array.kt:48
-	fun	set	-	1	public actual operator fun set(index: Int, value: T): Unit	jvmMain/kotlin/Array.kt:61
-	val	Int	-	0	public actual val size: Int	jvmMain/kotlin/Array.kt:66
-	fun	iterator	-	0	public actual operator fun iterator(): Iterator<T>	jvmMain/kotlin/Array.kt:69
-	fun	emptyArray	-	0	public actual inline fun <reified T> emptyArray(): Array<T> =	jvmMain/kotlin/ArrayIntrinsics.kt:13
-	class	ByteArray	-	0	public actual class ByteArray	jvmMain/kotlin/Arrays.kt:22
-	fun	get	-	0	public actual operator fun get(index: Int): Byte	jvmMain/kotlin/Arrays.kt:51
-	fun	set	-	1	public actual operator fun set(index: Int, value: Byte): Unit	jvmMain/kotlin/Arrays.kt:64
-	val	Int	-	0	public actual val size: Int	jvmMain/kotlin/Arrays.kt:69
-	fun	iterator	-	0	public actual operator fun iterator(): ByteIterator	jvmMain/kotlin/Arrays.kt:72
-	class	CharArray	-	0	public actual class CharArray	jvmMain/kotlin/Arrays.kt:81
-	fun	get	-	0	public actual operator fun get(index: Int): Char	jvmMain/kotlin/Arrays.kt:110
-	fun	set	-	1	public actual operator fun set(index: Int, value: Char): Unit	jvmMain/kotlin/Arrays.kt:123
-	val	Int	-	0	public actual val size: Int	jvmMain/kotlin/Arrays.kt:128
-	fun	iterator	-	0	public actual operator fun iterator(): CharIterator	jvmMain/kotlin/Arrays.kt:131
-	class	ShortArray	-	0	public actual class ShortArray	jvmMain/kotlin/Arrays.kt:140
-	fun	get	-	0	public actual operator fun get(index: Int): Short	jvmMain/kotlin/Arrays.kt:169
-	fun	set	-	1	public actual operator fun set(index: Int, value: Short): Unit	jvmMain/kotlin/Arrays.kt:182
-	val	Int	-	0	public actual val size: Int	jvmMain/kotlin/Arrays.kt:187
-	fun	iterator	-	0	public actual operator fun iterator(): ShortIterator	jvmMain/kotlin/Arrays.kt:190
-	class	IntArray	-	0	public actual class IntArray	jvmMain/kotlin/Arrays.kt:199
-	fun	get	-	0	public actual operator fun get(index: Int): Int	jvmMain/kotlin/Arrays.kt:228
-	fun	set	-	1	public actual operator fun set(index: Int, value: Int): Unit	jvmMain/kotlin/Arrays.kt:241
-	val	Int	-	0	public actual val size: Int	jvmMain/kotlin/Arrays.kt:246
-	fun	iterator	-	0	public actual operator fun iterator(): IntIterator	jvmMain/kotlin/Arrays.kt:249
-	class	LongArray	-	0	public actual class LongArray	jvmMain/kotlin/Arrays.kt:258
-	fun	get	-	0	public actual operator fun get(index: Int): Long	jvmMain/kotlin/Arrays.kt:287
-	fun	set	-	1	public actual operator fun set(index: Int, value: Long): Unit	jvmMain/kotlin/Arrays.kt:300
-	val	Int	-	0	public actual val size: Int	jvmMain/kotlin/Arrays.kt:305
-	fun	iterator	-	0	public actual operator fun iterator(): LongIterator	jvmMain/kotlin/Arrays.kt:308
-	class	FloatArray	-	0	public actual class FloatArray	jvmMain/kotlin/Arrays.kt:317
-	fun	get	-	0	public actual operator fun get(index: Int): Float	jvmMain/kotlin/Arrays.kt:346
-	fun	set	-	1	public actual operator fun set(index: Int, value: Float): Unit	jvmMain/kotlin/Arrays.kt:359
-	val	Int	-	0	public actual val size: Int	jvmMain/kotlin/Arrays.kt:364
-	fun	iterator	-	0	public actual operator fun iterator(): FloatIterator	jvmMain/kotlin/Arrays.kt:367
-	class	DoubleArray	-	0	public actual class DoubleArray	jvmMain/kotlin/Arrays.kt:376
-	fun	get	-	0	public actual operator fun get(index: Int): Double	jvmMain/kotlin/Arrays.kt:405
-	fun	set	-	1	public actual operator fun set(index: Int, value: Double): Unit	jvmMain/kotlin/Arrays.kt:418
-	val	Int	-	0	public actual val size: Int	jvmMain/kotlin/Arrays.kt:423
-	fun	iterator	-	0	public actual operator fun iterator(): DoubleIterator	jvmMain/kotlin/Arrays.kt:426
-	class	BooleanArray	-	0	public actual class BooleanArray	jvmMain/kotlin/Arrays.kt:435
-	fun	get	-	0	public actual operator fun get(index: Int): Boolean	jvmMain/kotlin/Arrays.kt:464
-	fun	set	-	1	public actual operator fun set(index: Int, value: Boolean): Unit	jvmMain/kotlin/Arrays.kt:477
-	val	Int	-	0	public actual val size: Int	jvmMain/kotlin/Arrays.kt:482
-	fun	iterator	-	0	public actual operator fun iterator(): BooleanIterator	jvmMain/kotlin/Arrays.kt:485
2.0	typealias	AutoCloseable	-	0	public actual typealias AutoCloseable = java.lang.AutoCloseable	jvmMain/kotlin/AutoCloseableJVM.kt:15
2.0	fun	AutoCloseable	-	0	public actual inline fun AutoCloseable(crossinline closeAction: () -> Unit): AutoCloseable = java.lang.AutoCloseable { closeAction() }	jvmMain/kotlin/AutoCloseableJVM.kt:19
1.2	fun	use	T	1	public actual inline fun <T : AutoCloseable?, R> T.use(block: (T) -> R): R {	jvmMain/kotlin/AutoCloseableJVM.kt:23
-	var	Throwable	-	0	var exception: Throwable? = null	jvmMain/kotlin/AutoCloseableJVM.kt:27
1.2	fun	closeFinally	AutoCloseable	0	internal fun AutoCloseable?.closeFinally(cause: Throwable?): Unit = when {	jvmMain/kotlin/AutoCloseableJVM.kt:40
-	class	Boolean	-	0	public actual class Boolean private constructor() : Comparable<Boolean> {	jvmMain/kotlin/Boolean.kt:19
-	fun	not	-	0	public actual operator fun not(): Boolean	jvmMain/kotlin/Boolean.kt:25
-	fun	and	-	0	public actual infix fun and(other: Boolean): Boolean	jvmMain/kotlin/Boolean.kt:32
-	fun	or	-	0	public actual infix fun or(other: Boolean): Boolean	jvmMain/kotlin/Boolean.kt:39
-	fun	xor	-	0	public actual infix fun xor(other: Boolean): Boolean	jvmMain/kotlin/Boolean.kt:43
-	class	Char	-	0	public actual class Char private constructor() : Comparable<Char> {	jvmMain/kotlin/Char.kt:19
-	fun	plus	-	0	public actual operator fun plus(other: Int): Char	jvmMain/kotlin/Char.kt:31
-	fun	minus	-	0	public actual operator fun minus(other: Char): Int	jvmMain/kotlin/Char.kt:35
-	fun	minus	-	0	public actual operator fun minus(other: Int): Char	jvmMain/kotlin/Char.kt:39
-	fun	inc	-	0	public actual operator fun inc(): Char	jvmMain/kotlin/Char.kt:46
-	fun	dec	-	0	public actual operator fun dec(): Char	jvmMain/kotlin/Char.kt:53
-	fun	rangeTo	-	0	public actual operator fun rangeTo(other: Char): CharRange	jvmMain/kotlin/Char.kt:56
1.9	fun	rangeUntil	-	0	public actual operator fun rangeUntil(other: Char): CharRange	jvmMain/kotlin/Char.kt:65
-	fun	toByte	-	0	public actual fun toByte(): Byte	jvmMain/kotlin/Char.kt:71
-	fun	toChar	-	0	public actual fun toChar(): Char	jvmMain/kotlin/Char.kt:75
-	fun	toShort	-	0	public actual fun toShort(): Short	jvmMain/kotlin/Char.kt:81
-	fun	toInt	-	0	public actual fun toInt(): Int	jvmMain/kotlin/Char.kt:87
-	fun	toLong	-	0	public actual fun toLong(): Long	jvmMain/kotlin/Char.kt:93
-	fun	toFloat	-	0	public actual fun toFloat(): Float	jvmMain/kotlin/Char.kt:99
-	fun	toDouble	-	0	public actual fun toDouble(): Double	jvmMain/kotlin/Char.kt:105
1.3	val	Char	-	0	public actual const val MIN_VALUE: Char = '\u0000'	jvmMain/kotlin/Char.kt:120
1.3	val	Char	-	0	public actual const val MAX_VALUE: Char = '\uFFFF'	jvmMain/kotlin/Char.kt:126
-	val	Char	-	0	public actual const val MIN_HIGH_SURROGATE: Char = '\uD800'	jvmMain/kotlin/Char.kt:131
-	val	Char	-	0	public actual const val MAX_HIGH_SURROGATE: Char = '\uDBFF'	jvmMain/kotlin/Char.kt:136
-	val	Char	-	0	public actual const val MIN_LOW_SURROGATE: Char = '\uDC00'	jvmMain/kotlin/Char.kt:141
-	val	Char	-	0	public actual const val MAX_LOW_SURROGATE: Char = '\uDFFF'	jvmMain/kotlin/Char.kt:146
-	val	Char	-	0	public actual const val MIN_SURROGATE: Char = MIN_HIGH_SURROGATE	jvmMain/kotlin/Char.kt:151
-	val	Char	-	0	public actual const val MAX_SURROGATE: Char = MAX_LOW_SURROGATE	jvmMain/kotlin/Char.kt:156
1.3	val	Int	-	0	public actual const val SIZE_BYTES: Int = 2	jvmMain/kotlin/Char.kt:162
1.3	val	Int	-	0	public actual const val SIZE_BITS: Int = 16	jvmMain/kotlin/Char.kt:168
1.5	fun	Char	-	0	public actual inline fun Char(code: UShort): Char {	jvmMain/kotlin/CharCodeJVM.kt:15
-	interface	CharSequence	-	0	public actual interface CharSequence {	jvmMain/kotlin/CharSequence.kt:14
-	val	Int	-	0	public actual val length: Int	jvmMain/kotlin/CharSequence.kt:25
-	fun	get	-	0	public actual operator fun get(index: Int): Char	jvmMain/kotlin/CharSequence.kt:35
-	fun	subSequence	-	1	public actual fun subSequence(startIndex: Int, endIndex: Int): CharSequence	jvmMain/kotlin/CharSequence.kt:44
-	interface	Comparable	-	0	public actual interface Comparable<in T> {	jvmMain/kotlin/Comparable.kt:14
-	fun	compareTo	-	0	public actual operator fun compareTo(other: T): Int	jvmMain/kotlin/Comparable.kt:20
-	class	Enum	-	1	public actual abstract class Enum<E : Enum<E>> actual constructor(name: String, ordinal: Int): Comparable<E> {	jvmMain/kotlin/Enum.kt:17
-	val	String	-	0	public actual final val name: String	jvmMain/kotlin/Enum.kt:24
-	val	Int	-	0	public actual final val ordinal: Int	jvmMain/kotlin/Enum.kt:30
-	fun	clone	-	0	protected final fun clone(): Any	jvmMain/kotlin/Enum.kt:38
-	class	KotlinNullPointerException	-	0	public open class KotlinNullPointerException : NullPointerException {	jvmMain/kotlin/KotlinNullPointerException.kt:8
-	fun	toString	Any	0	public actual fun Any?.toString(): String	jvmMain/kotlin/Library.kt:16
-	fun	plus	String	0	public actual operator fun String?.plus(other: Any?): String	jvmMain/kotlin/Library.kt:22
-	fun	arrayOfNulls	-	0	public actual fun <reified T> arrayOfNulls(size: Int): Array<T?>	jvmMain/kotlin/Library.kt:29
-	fun	arrayOf	-	0	public actual inline fun <reified T> arrayOf(vararg elements: T): Array<T>	jvmMain/kotlin/Library.kt:34
-	fun	doubleArrayOf	-	0	public actual fun doubleArrayOf(vararg elements: Double): DoubleArray	jvmMain/kotlin/Library.kt:39
-	fun	floatArrayOf	-	0	public actual fun floatArrayOf(vararg elements: Float): FloatArray	jvmMain/kotlin/Library.kt:44
-	fun	longArrayOf	-	0	public actual fun longArrayOf(vararg elements: Long): LongArray	jvmMain/kotlin/Library.kt:49
-	fun	intArrayOf	-	0	public actual fun intArrayOf(vararg elements: Int): IntArray	jvmMain/kotlin/Library.kt:54
-	fun	charArrayOf	-	0	public actual fun charArrayOf(vararg elements: Char): CharArray	jvmMain/kotlin/Library.kt:59
-	fun	shortArrayOf	-	0	public actual fun shortArrayOf(vararg elements: Short): ShortArray	jvmMain/kotlin/Library.kt:64
-	fun	byteArrayOf	-	0	public actual fun byteArrayOf(vararg elements: Byte): ByteArray	jvmMain/kotlin/Library.kt:69
-	fun	booleanArrayOf	-	0	public actual fun booleanArrayOf(vararg elements: Boolean): BooleanArray	jvmMain/kotlin/Library.kt:74
1.1	fun	enumValues	-	0	public actual inline fun <reified T : Enum<T>> enumValues(): Array<T>	jvmMain/kotlin/Library.kt:80
1.1	fun	enumValueOf	-	0	public actual inline fun <reified T : Enum<T>> enumValueOf(name: String): T	jvmMain/kotlin/Library.kt:86
1.3	class	Metadata	-	0	public annotation class Metadata(	jvmMain/kotlin/Metadata.kt:15
-	val	Int	-	1	val kind: Int = 1,	jvmMain/kotlin/Metadata.kt:30
-	val	IntArray	-	1	val metadataVersion: IntArray = [],	jvmMain/kotlin/Metadata.kt:35
-	val	IntArray	-	3	val bytecodeVersion: IntArray = [1, 0, 3],	jvmMain/kotlin/Metadata.kt:44
-	val	Array	-	1	val data1: Array<String> = [],	jvmMain/kotlin/Metadata.kt:49
-	val	Array	-	1	val data2: Array<String> = [],	jvmMain/kotlin/Metadata.kt:55
-	val	String	-	1	val extraString: String = "",	jvmMain/kotlin/Metadata.kt:60
1.2	val	String	-	1	val packageName: String = "",	jvmMain/kotlin/Metadata.kt:68
1.1	val	Int	-	0	val extraInt: Int = 0	jvmMain/kotlin/Metadata.kt:87
-	class	Nothing	-	0	public actual class Nothing private constructor()	jvmMain/kotlin/Nothing.kt:15
-	class	NoWhenBranchMatchedException	-	0	public actual open class NoWhenBranchMatchedException : RuntimeException {	jvmMain/kotlin/NoWhenBranchMatchedException.kt:8
-	class	Number	-	0	public actual abstract class Number {	jvmMain/kotlin/Number.kt:14
-	fun	toDouble	-	0	public actual abstract fun toDouble(): Double	jvmMain/kotlin/Number.kt:18
-	fun	toFloat	-	0	public actual abstract fun toFloat(): Float	jvmMain/kotlin/Number.kt:23
-	fun	toLong	-	0	public actual abstract fun toLong(): Long	jvmMain/kotlin/Number.kt:28
-	fun	toInt	-	0	public actual abstract fun toInt(): Int	jvmMain/kotlin/Number.kt:33
-	fun	toChar	-	0	public actual open fun toChar(): Char {	jvmMain/kotlin/Number.kt:40
-	fun	toShort	-	0	public actual abstract fun toShort(): Short	jvmMain/kotlin/Number.kt:47
-	fun	toByte	-	0	public actual abstract fun toByte(): Byte	jvmMain/kotlin/Number.kt:52
-	class	Byte	-	1	public actual class Byte private constructor() : Number(), Comparable<Byte> {	jvmMain/kotlin/Primitives.kt:19
-	val	Byte	-	0	public actual const val MIN_VALUE: Byte = -128	jvmMain/kotlin/Primitives.kt:24
-	val	Byte	-	0	public actual const val MAX_VALUE: Byte = 127	jvmMain/kotlin/Primitives.kt:29
1.3	val	Int	-	0	public actual const val SIZE_BYTES: Int = 1	jvmMain/kotlin/Primitives.kt:35
1.3	val	Int	-	0	public actual const val SIZE_BITS: Int = 8	jvmMain/kotlin/Primitives.kt:41
-	fun	compareTo	-	0	public actual operator fun compareTo(other: Short): Int	jvmMain/kotlin/Primitives.kt:58
-	fun	compareTo	-	0	public actual operator fun compareTo(other: Int): Int	jvmMain/kotlin/Primitives.kt:66
-	fun	compareTo	-	0	public actual operator fun compareTo(other: Long): Int	jvmMain/kotlin/Primitives.kt:74
-	fun	compareTo	-	0	public actual operator fun compareTo(other: Float): Int	jvmMain/kotlin/Primitives.kt:82
-	fun	compareTo	-	0	public actual operator fun compareTo(other: Double): Int	jvmMain/kotlin/Primitives.kt:90
-	fun	plus	-	0	public actual operator fun plus(other: Byte): Int	jvmMain/kotlin/Primitives.kt:94
-	fun	plus	-	0	public actual operator fun plus(other: Short): Int	jvmMain/kotlin/Primitives.kt:98
-	fun	plus	-	0	public actual operator fun plus(other: Int): Int	jvmMain/kotlin/Primitives.kt:102
-	fun	plus	-	0	public actual operator fun plus(other: Long): Long	jvmMain/kotlin/Primitives.kt:106
-	fun	plus	-	0	public actual operator fun plus(other: Float): Float	jvmMain/kotlin/Primitives.kt:110
-	fun	plus	-	0	public actual operator fun plus(other: Double): Double	jvmMain/kotlin/Primitives.kt:114
-	fun	minus	-	0	public actual operator fun minus(other: Byte): Int	jvmMain/kotlin/Primitives.kt:118
-	fun	minus	-	0	public actual operator fun minus(other: Short): Int	jvmMain/kotlin/Primitives.kt:122
-	fun	minus	-	0	public actual operator fun minus(other: Int): Int	jvmMain/kotlin/Primitives.kt:126
-	fun	minus	-	0	public actual operator fun minus(other: Long): Long	jvmMain/kotlin/Primitives.kt:130
-	fun	minus	-	0	public actual operator fun minus(other: Float): Float	jvmMain/kotlin/Primitives.kt:134
-	fun	minus	-	0	public actual operator fun minus(other: Double): Double	jvmMain/kotlin/Primitives.kt:138
-	fun	times	-	0	public actual operator fun times(other: Byte): Int	jvmMain/kotlin/Primitives.kt:142
-	fun	times	-	0	public actual operator fun times(other: Short): Int	jvmMain/kotlin/Primitives.kt:146
-	fun	times	-	0	public actual operator fun times(other: Int): Int	jvmMain/kotlin/Primitives.kt:150
-	fun	times	-	0	public actual operator fun times(other: Long): Long	jvmMain/kotlin/Primitives.kt:154
-	fun	times	-	0	public actual operator fun times(other: Float): Float	jvmMain/kotlin/Primitives.kt:158
-	fun	times	-	0	public actual operator fun times(other: Double): Double	jvmMain/kotlin/Primitives.kt:162
-	fun	div	-	0	public actual operator fun div(other: Byte): Int	jvmMain/kotlin/Primitives.kt:166
-	fun	div	-	0	public actual operator fun div(other: Short): Int	jvmMain/kotlin/Primitives.kt:170
-	fun	div	-	0	public actual operator fun div(other: Int): Int	jvmMain/kotlin/Primitives.kt:174
-	fun	div	-	0	public actual operator fun div(other: Long): Long	jvmMain/kotlin/Primitives.kt:178
-	fun	div	-	0	public actual operator fun div(other: Float): Float	jvmMain/kotlin/Primitives.kt:182
-	fun	div	-	0	public actual operator fun div(other: Double): Double	jvmMain/kotlin/Primitives.kt:186
1.1	fun	rem	-	0	public actual operator fun rem(other: Byte): Int	jvmMain/kotlin/Primitives.kt:195
1.1	fun	rem	-	0	public actual operator fun rem(other: Short): Int	jvmMain/kotlin/Primitives.kt:204
1.1	fun	rem	-	0	public actual operator fun rem(other: Int): Int	jvmMain/kotlin/Primitives.kt:213
1.1	fun	rem	-	0	public actual operator fun rem(other: Long): Long	jvmMain/kotlin/Primitives.kt:222
1.1	fun	rem	-	0	public actual operator fun rem(other: Float): Float	jvmMain/kotlin/Primitives.kt:231
1.1	fun	rem	-	0	public actual operator fun rem(other: Double): Double	jvmMain/kotlin/Primitives.kt:240
-	fun	inc	-	0	public actual operator fun inc(): Byte	jvmMain/kotlin/Primitives.kt:247
-	fun	dec	-	0	public actual operator fun dec(): Byte	jvmMain/kotlin/Primitives.kt:254
-	fun	unaryPlus	-	0	public actual operator fun unaryPlus(): Int	jvmMain/kotlin/Primitives.kt:258
-	fun	unaryMinus	-	0	public actual operator fun unaryMinus(): Int	jvmMain/kotlin/Primitives.kt:262
-	fun	rangeTo	-	0	public actual operator fun rangeTo(other: Byte): IntRange	jvmMain/kotlin/Primitives.kt:265
-	fun	rangeTo	-	0	public actual operator fun rangeTo(other: Short): IntRange	jvmMain/kotlin/Primitives.kt:268
-	fun	rangeTo	-	0	public actual operator fun rangeTo(other: Int): IntRange	jvmMain/kotlin/Primitives.kt:271
-	fun	rangeTo	-	0	public actual operator fun rangeTo(other: Long): LongRange	jvmMain/kotlin/Primitives.kt:274
1.9	fun	rangeUntil	-	0	public actual operator fun rangeUntil(other: Byte): IntRange	jvmMain/kotlin/Primitives.kt:283
1.9	fun	rangeUntil	-	0	public actual operator fun rangeUntil(other: Short): IntRange	jvmMain/kotlin/Primitives.kt:292
1.9	fun	rangeUntil	-	0	public actual operator fun rangeUntil(other: Int): IntRange	jvmMain/kotlin/Primitives.kt:301
1.9	fun	rangeUntil	-	0	public actual operator fun rangeUntil(other: Long): LongRange	jvmMain/kotlin/Primitives.kt:310
-	class	Short	-	1	public actual class Short private constructor() : Number(), Comparable<Short> {	jvmMain/kotlin/Primitives.kt:389
-	val	Short	-	0	public actual const val MIN_VALUE: Short = -32768	jvmMain/kotlin/Primitives.kt:394
-	val	Short	-	0	public actual const val MAX_VALUE: Short = 32767	jvmMain/kotlin/Primitives.kt:399
1.3	val	Int	-	0	public actual const val SIZE_BYTES: Int = 2	jvmMain/kotlin/Primitives.kt:405
1.3	val	Int	-	0	public actual const val SIZE_BITS: Int = 16	jvmMain/kotlin/Primitives.kt:411
-	fun	compareTo	-	0	public actual operator fun compareTo(other: Byte): Int	jvmMain/kotlin/Primitives.kt:420
-	fun	compareTo	-	0	public actual operator fun compareTo(other: Int): Int	jvmMain/kotlin/Primitives.kt:436
-	fun	compareTo	-	0	public actual operator fun compareTo(other: Long): Int	jvmMain/kotlin/Primitives.kt:444
-	fun	compareTo	-	0	public actual operator fun compareTo(other: Float): Int	jvmMain/kotlin/Primitives.kt:452
-	fun	compareTo	-	0	public actual operator fun compareTo(other: Double): Int	jvmMain/kotlin/Primitives.kt:460
-	fun	plus	-	0	public actual operator fun plus(other: Byte): Int	jvmMain/kotlin/Primitives.kt:464
-	fun	plus	-	0	public actual operator fun plus(other: Short): Int	jvmMain/kotlin/Primitives.kt:468
-	fun	plus	-	0	public actual operator fun plus(other: Int): Int	jvmMain/kotlin/Primitives.kt:472
-	fun	plus	-	0	public actual operator fun plus(other: Long): Long	jvmMain/kotlin/Primitives.kt:476
-	fun	plus	-	0	public actual operator fun plus(other: Float): Float	jvmMain/kotlin/Primitives.kt:480
-	fun	plus	-	0	public actual operator fun plus(other: Double): Double	jvmMain/kotlin/Primitives.kt:484
-	fun	minus	-	0	public actual operator fun minus(other: Byte): Int	jvmMain/kotlin/Primitives.kt:488
-	fun	minus	-	0	public actual operator fun minus(other: Short): Int	jvmMain/kotlin/Primitives.kt:492
-	fun	minus	-	0	public actual operator fun minus(other: Int): Int	jvmMain/kotlin/Primitives.kt:496
-	fun	minus	-	0	public actual operator fun minus(other: Long): Long	jvmMain/kotlin/Primitives.kt:500
-	fun	minus	-	0	public actual operator fun minus(other: Float): Float	jvmMain/kotlin/Primitives.kt:504
-	fun	minus	-	0	public actual operator fun minus(other: Double): Double	jvmMain/kotlin/Primitives.kt:508
-	fun	times	-	0	public actual operator fun times(other: Byte): Int	jvmMain/kotlin/Primitives.kt:512
-	fun	times	-	0	public actual operator fun times(other: Short): Int	jvmMain/kotlin/Primitives.kt:516
-	fun	times	-	0	public actual operator fun times(other: Int): Int	jvmMain/kotlin/Primitives.kt:520
-	fun	times	-	0	public actual operator fun times(other: Long): Long	jvmMain/kotlin/Primitives.kt:524
-	fun	times	-	0	public actual operator fun times(other: Float): Float	jvmMain/kotlin/Primitives.kt:528
-	fun	times	-	0	public actual operator fun times(other: Double): Double	jvmMain/kotlin/Primitives.kt:532
-	fun	div	-	0	public actual operator fun div(other: Byte): Int	jvmMain/kotlin/Primitives.kt:536
-	fun	div	-	0	public actual operator fun div(other: Short): Int	jvmMain/kotlin/Primitives.kt:540
-	fun	div	-	0	public actual operator fun div(other: Int): Int	jvmMain/kotlin/Primitives.kt:544
-	fun	div	-	0	public actual operator fun div(other: Long): Long	jvmMain/kotlin/Primitives.kt:548
-	fun	div	-	0	public actual operator fun div(other: Float): Float	jvmMain/kotlin/Primitives.kt:552
-	fun	div	-	0	public actual operator fun div(other: Double): Double	jvmMain/kotlin/Primitives.kt:556
1.1	fun	rem	-	0	public actual operator fun rem(other: Byte): Int	jvmMain/kotlin/Primitives.kt:565
1.1	fun	rem	-	0	public actual operator fun rem(other: Short): Int	jvmMain/kotlin/Primitives.kt:574
1.1	fun	rem	-	0	public actual operator fun rem(other: Int): Int	jvmMain/kotlin/Primitives.kt:583
1.1	fun	rem	-	0	public actual operator fun rem(other: Long): Long	jvmMain/kotlin/Primitives.kt:592
1.1	fun	rem	-	0	public actual operator fun rem(other: Float): Float	jvmMain/kotlin/Primitives.kt:601
1.1	fun	rem	-	0	public actual operator fun rem(other: Double): Double	jvmMain/kotlin/Primitives.kt:610
-	fun	inc	-	0	public actual operator fun inc(): Short	jvmMain/kotlin/Primitives.kt:617
-	fun	dec	-	0	public actual operator fun dec(): Short	jvmMain/kotlin/Primitives.kt:624
-	fun	unaryPlus	-	0	public actual operator fun unaryPlus(): Int	jvmMain/kotlin/Primitives.kt:628
-	fun	unaryMinus	-	0	public actual operator fun unaryMinus(): Int	jvmMain/kotlin/Primitives.kt:632
-	fun	rangeTo	-	0	public actual operator fun rangeTo(other: Byte): IntRange	jvmMain/kotlin/Primitives.kt:635
-	fun	rangeTo	-	0	public actual operator fun rangeTo(other: Short): IntRange	jvmMain/kotlin/Primitives.kt:638
-	fun	rangeTo	-	0	public actual operator fun rangeTo(other: Int): IntRange	jvmMain/kotlin/Primitives.kt:641
-	fun	rangeTo	-	0	public actual operator fun rangeTo(other: Long): LongRange	jvmMain/kotlin/Primitives.kt:644
1.9	fun	rangeUntil	-	0	public actual operator fun rangeUntil(other: Byte): IntRange	jvmMain/kotlin/Primitives.kt:653
1.9	fun	rangeUntil	-	0	public actual operator fun rangeUntil(other: Short): IntRange	jvmMain/kotlin/Primitives.kt:662
1.9	fun	rangeUntil	-	0	public actual operator fun rangeUntil(other: Int): IntRange	jvmMain/kotlin/Primitives.kt:671
1.9	fun	rangeUntil	-	0	public actual operator fun rangeUntil(other: Long): LongRange	jvmMain/kotlin/Primitives.kt:680
-	class	Int	-	1	public actual class Int private constructor() : Number(), Comparable<Int> {	jvmMain/kotlin/Primitives.kt:757
-	val	Int	-	0	public actual const val MIN_VALUE: Int = -2147483648	jvmMain/kotlin/Primitives.kt:762
-	val	Int	-	0	public actual const val MAX_VALUE: Int = 2147483647	jvmMain/kotlin/Primitives.kt:767
1.3	val	Int	-	0	public actual const val SIZE_BYTES: Int = 4	jvmMain/kotlin/Primitives.kt:773
1.3	val	Int	-	0	public actual const val SIZE_BITS: Int = 32	jvmMain/kotlin/Primitives.kt:779
-	fun	compareTo	-	0	public actual operator fun compareTo(other: Byte): Int	jvmMain/kotlin/Primitives.kt:788
-	fun	compareTo	-	0	public actual operator fun compareTo(other: Short): Int	jvmMain/kotlin/Primitives.kt:796
-	fun	compareTo	-	0	public actual operator fun compareTo(other: Long): Int	jvmMain/kotlin/Primitives.kt:812
-	fun	compareTo	-	0	public actual operator fun compareTo(other: Float): Int	jvmMain/kotlin/Primitives.kt:820
-	fun	compareTo	-	0	public actual operator fun compareTo(other: Double): Int	jvmMain/kotlin/Primitives.kt:828
-	fun	plus	-	0	public actual operator fun plus(other: Byte): Int	jvmMain/kotlin/Primitives.kt:832
-	fun	plus	-	0	public actual operator fun plus(other: Short): Int	jvmMain/kotlin/Primitives.kt:836
-	fun	plus	-	0	public actual operator fun plus(other: Int): Int	jvmMain/kotlin/Primitives.kt:840
-	fun	plus	-	0	public actual operator fun plus(other: Long): Long	jvmMain/kotlin/Primitives.kt:844
-	fun	plus	-	0	public actual operator fun plus(other: Float): Float	jvmMain/kotlin/Primitives.kt:848
-	fun	plus	-	0	public actual operator fun plus(other: Double): Double	jvmMain/kotlin/Primitives.kt:852
-	fun	minus	-	0	public actual operator fun minus(other: Byte): Int	jvmMain/kotlin/Primitives.kt:856
-	fun	minus	-	0	public actual operator fun minus(other: Short): Int	jvmMain/kotlin/Primitives.kt:860
-	fun	minus	-	0	public actual operator fun minus(other: Int): Int	jvmMain/kotlin/Primitives.kt:864
-	fun	minus	-	0	public actual operator fun minus(other: Long): Long	jvmMain/kotlin/Primitives.kt:868
-	fun	minus	-	0	public actual operator fun minus(other: Float): Float	jvmMain/kotlin/Primitives.kt:872
-	fun	minus	-	0	public actual operator fun minus(other: Double): Double	jvmMain/kotlin/Primitives.kt:876
-	fun	times	-	0	public actual operator fun times(other: Byte): Int	jvmMain/kotlin/Primitives.kt:880
-	fun	times	-	0	public actual operator fun times(other: Short): Int	jvmMain/kotlin/Primitives.kt:884
-	fun	times	-	0	public actual operator fun times(other: Int): Int	jvmMain/kotlin/Primitives.kt:888
-	fun	times	-	0	public actual operator fun times(other: Long): Long	jvmMain/kotlin/Primitives.kt:892
-	fun	times	-	0	public actual operator fun times(other: Float): Float	jvmMain/kotlin/Primitives.kt:896
-	fun	times	-	0	public actual operator fun times(other: Double): Double	jvmMain/kotlin/Primitives.kt:900
-	fun	div	-	0	public actual operator fun div(other: Byte): Int	jvmMain/kotlin/Primitives.kt:904
-	fun	div	-	0	public actual operator fun div(other: Short): Int	jvmMain/kotlin/Primitives.kt:908
-	fun	div	-	0	public actual operator fun div(other: Int): Int	jvmMain/kotlin/Primitives.kt:912
-	fun	div	-	0	public actual operator fun div(other: Long): Long	jvmMain/kotlin/Primitives.kt:916
-	fun	div	-	0	public actual operator fun div(other: Float): Float	jvmMain/kotlin/Primitives.kt:920
-	fun	div	-	0	public actual operator fun div(other: Double): Double	jvmMain/kotlin/Primitives.kt:924
1.1	fun	rem	-	0	public actual operator fun rem(other: Byte): Int	jvmMain/kotlin/Primitives.kt:933
1.1	fun	rem	-	0	public actual operator fun rem(other: Short): Int	jvmMain/kotlin/Primitives.kt:942
1.1	fun	rem	-	0	public actual operator fun rem(other: Int): Int	jvmMain/kotlin/Primitives.kt:951
1.1	fun	rem	-	0	public actual operator fun rem(other: Long): Long	jvmMain/kotlin/Primitives.kt:960
1.1	fun	rem	-	0	public actual operator fun rem(other: Float): Float	jvmMain/kotlin/Primitives.kt:969
1.1	fun	rem	-	0	public actual operator fun rem(other: Double): Double	jvmMain/kotlin/Primitives.kt:978
-	fun	inc	-	0	public actual operator fun inc(): Int	jvmMain/kotlin/Primitives.kt:985
-	fun	dec	-	0	public actual operator fun dec(): Int	jvmMain/kotlin/Primitives.kt:992
-	fun	unaryPlus	-	0	public actual operator fun unaryPlus(): Int	jvmMain/kotlin/Primitives.kt:996
-	fun	unaryMinus	-	0	public actual operator fun unaryMinus(): Int	jvmMain/kotlin/Primitives.kt:1000
-	fun	rangeTo	-	0	public actual operator fun rangeTo(other: Byte): IntRange	jvmMain/kotlin/Primitives.kt:1003
-	fun	rangeTo	-	0	public actual operator fun rangeTo(other: Short): IntRange	jvmMain/kotlin/Primitives.kt:1006
-	fun	rangeTo	-	0	public actual operator fun rangeTo(other: Int): IntRange	jvmMain/kotlin/Primitives.kt:1009
-	fun	rangeTo	-	0	public actual operator fun rangeTo(other: Long): LongRange	jvmMain/kotlin/Primitives.kt:1012
1.9	fun	rangeUntil	-	0	public actual operator fun rangeUntil(other: Byte): IntRange	jvmMain/kotlin/Primitives.kt:1021
1.9	fun	rangeUntil	-	0	public actual operator fun rangeUntil(other: Short): IntRange	jvmMain/kotlin/Primitives.kt:1030
1.9	fun	rangeUntil	-	0	public actual operator fun rangeUntil(other: Int): IntRange	jvmMain/kotlin/Primitives.kt:1039
1.9	fun	rangeUntil	-	0	public actual operator fun rangeUntil(other: Long): LongRange	jvmMain/kotlin/Primitives.kt:1048
-	fun	shl	-	0	public actual infix fun shl(bitCount: Int): Int	jvmMain/kotlin/Primitives.kt:1057
-	fun	shr	-	0	public actual infix fun shr(bitCount: Int): Int	jvmMain/kotlin/Primitives.kt:1066
-	fun	ushr	-	0	public actual infix fun ushr(bitCount: Int): Int	jvmMain/kotlin/Primitives.kt:1075
-	fun	and	-	0	public actual infix fun and(other: Int): Int	jvmMain/kotlin/Primitives.kt:1079
-	fun	or	-	0	public actual infix fun or(other: Int): Int	jvmMain/kotlin/Primitives.kt:1083
-	fun	xor	-	0	public actual infix fun xor(other: Int): Int	jvmMain/kotlin/Primitives.kt:1087
-	fun	inv	-	0	public actual fun inv(): Int	jvmMain/kotlin/Primitives.kt:1091
-	class	Long	-	1	public actual class Long private constructor() : Number(), Comparable<Long> {	jvmMain/kotlin/Primitives.kt:1171
-	val	Long	-	0	public actual const val MIN_VALUE: Long = -9223372036854775807L - 1L	jvmMain/kotlin/Primitives.kt:1176
-	val	Long	-	0	public actual const val MAX_VALUE: Long = 9223372036854775807L	jvmMain/kotlin/Primitives.kt:1181
1.3	val	Int	-	0	public actual const val SIZE_BYTES: Int = 8	jvmMain/kotlin/Primitives.kt:1187
1.3	val	Int	-	0	public actual const val SIZE_BITS: Int = 64	jvmMain/kotlin/Primitives.kt:1193
-	fun	compareTo	-	0	public actual operator fun compareTo(other: Byte): Int	jvmMain/kotlin/Primitives.kt:1202
-	fun	compareTo	-	0	public actual operator fun compareTo(other: Short): Int	jvmMain/kotlin/Primitives.kt:1210
-	fun	compareTo	-	0	public actual operator fun compareTo(other: Int): Int	jvmMain/kotlin/Primitives.kt:1218
-	fun	compareTo	-	0	public actual operator fun compareTo(other: Float): Int	jvmMain/kotlin/Primitives.kt:1234
-	fun	compareTo	-	0	public actual operator fun compareTo(other: Double): Int	jvmMain/kotlin/Primitives.kt:1242
-	fun	plus	-	0	public actual operator fun plus(other: Byte): Long	jvmMain/kotlin/Primitives.kt:1246
-	fun	plus	-	0	public actual operator fun plus(other: Short): Long	jvmMain/kotlin/Primitives.kt:1250
-	fun	plus	-	0	public actual operator fun plus(other: Int): Long	jvmMain/kotlin/Primitives.kt:1254
-	fun	plus	-	0	public actual operator fun plus(other: Long): Long	jvmMain/kotlin/Primitives.kt:1258
-	fun	plus	-	0	public actual operator fun plus(other: Float): Float	jvmMain/kotlin/Primitives.kt:1262
-	fun	plus	-	0	public actual operator fun plus(other: Double): Double	jvmMain/kotlin/Primitives.kt:1266
-	fun	minus	-	0	public actual operator fun minus(other: Byte): Long	jvmMain/kotlin/Primitives.kt:1270
-	fun	minus	-	0	public actual operator fun minus(other: Short): Long	jvmMain/kotlin/Primitives.kt:1274
-	fun	minus	-	0	public actual operator fun minus(other: Int): Long	jvmMain/kotlin/Primitives.kt:1278
-	fun	minus	-	0	public actual operator fun minus(other: Long): Long	jvmMain/kotlin/Primitives.kt:1282
-	fun	minus	-	0	public actual operator fun minus(other: Float): Float	jvmMain/kotlin/Primitives.kt:1286
-	fun	minus	-	0	public actual operator fun minus(other: Double): Double	jvmMain/kotlin/Primitives.kt:1290
-	fun	times	-	0	public actual operator fun times(other: Byte): Long	jvmMain/kotlin/Primitives.kt:1294
-	fun	times	-	0	public actual operator fun times(other: Short): Long	jvmMain/kotlin/Primitives.kt:1298
-	fun	times	-	0	public actual operator fun times(other: Int): Long	jvmMain/kotlin/Primitives.kt:1302
-	fun	times	-	0	public actual operator fun times(other: Long): Long	jvmMain/kotlin/Primitives.kt:1306
-	fun	times	-	0	public actual operator fun times(other: Float): Float	jvmMain/kotlin/Primitives.kt:1310
-	fun	times	-	0	public actual operator fun times(other: Double): Double	jvmMain/kotlin/Primitives.kt:1314
-	fun	div	-	0	public actual operator fun div(other: Byte): Long	jvmMain/kotlin/Primitives.kt:1318
-	fun	div	-	0	public actual operator fun div(other: Short): Long	jvmMain/kotlin/Primitives.kt:1322
-	fun	div	-	0	public actual operator fun div(other: Int): Long	jvmMain/kotlin/Primitives.kt:1326
-	fun	div	-	0	public actual operator fun div(other: Long): Long	jvmMain/kotlin/Primitives.kt:1330
-	fun	div	-	0	public actual operator fun div(other: Float): Float	jvmMain/kotlin/Primitives.kt:1334
-	fun	div	-	0	public actual operator fun div(other: Double): Double	jvmMain/kotlin/Primitives.kt:1338
1.1	fun	rem	-	0	public actual operator fun rem(other: Byte): Long	jvmMain/kotlin/Primitives.kt:1347
1.1	fun	rem	-	0	public actual operator fun rem(other: Short): Long	jvmMain/kotlin/Primitives.kt:1356
1.1	fun	rem	-	0	public actual operator fun rem(other: Int): Long	jvmMain/kotlin/Primitives.kt:1365
1.1	fun	rem	-	0	public actual operator fun rem(other: Long): Long	jvmMain/kotlin/Primitives.kt:1374
1.1	fun	rem	-	0	public actual operator fun rem(other: Float): Float	jvmMain/kotlin/Primitives.kt:1383
1.1	fun	rem	-	0	public actual operator fun rem(other: Double): Double	jvmMain/kotlin/Primitives.kt:1392
-	fun	inc	-	0	public actual operator fun inc(): Long	jvmMain/kotlin/Primitives.kt:1399
-	fun	dec	-	0	public actual operator fun dec(): Long	jvmMain/kotlin/Primitives.kt:1406
-	fun	unaryPlus	-	0	public actual operator fun unaryPlus(): Long	jvmMain/kotlin/Primitives.kt:1410
-	fun	unaryMinus	-	0	public actual operator fun unaryMinus(): Long	jvmMain/kotlin/Primitives.kt:1414
-	fun	rangeTo	-	0	public actual operator fun rangeTo(other: Byte): LongRange	jvmMain/kotlin/Primitives.kt:1417
-	fun	rangeTo	-	0	public actual operator fun rangeTo(other: Short): LongRange	jvmMain/kotlin/Primitives.kt:1420
-	fun	rangeTo	-	0	public actual operator fun rangeTo(other: Int): LongRange	jvmMain/kotlin/Primitives.kt:1423
-	fun	rangeTo	-	0	public actual operator fun rangeTo(other: Long): LongRange	jvmMain/kotlin/Primitives.kt:1426
1.9	fun	rangeUntil	-	0	public actual operator fun rangeUntil(other: Byte): LongRange	jvmMain/kotlin/Primitives.kt:1435
1.9	fun	rangeUntil	-	0	public actual operator fun rangeUntil(other: Short): LongRange	jvmMain/kotlin/Primitives.kt:1444
1.9	fun	rangeUntil	-	0	public actual operator fun rangeUntil(other: Int): LongRange	jvmMain/kotlin/Primitives.kt:1453
1.9	fun	rangeUntil	-	0	public actual operator fun rangeUntil(other: Long): LongRange	jvmMain/kotlin/Primitives.kt:1462
-	fun	shl	-	0	public actual infix fun shl(bitCount: Int): Long	jvmMain/kotlin/Primitives.kt:1471
-	fun	shr	-	0	public actual infix fun shr(bitCount: Int): Long	jvmMain/kotlin/Primitives.kt:1480
-	fun	ushr	-	0	public actual infix fun ushr(bitCount: Int): Long	jvmMain/kotlin/Primitives.kt:1489
-	fun	and	-	0	public actual infix fun and(other: Long): Long	jvmMain/kotlin/Primitives.kt:1493
-	fun	or	-	0	public actual infix fun or(other: Long): Long	jvmMain/kotlin/Primitives.kt:1497
-	fun	xor	-	0	public actual infix fun xor(other: Long): Long	jvmMain/kotlin/Primitives.kt:1501
-	fun	inv	-	0	public actual fun inv(): Long	jvmMain/kotlin/Primitives.kt:1505
-	class	Float	-	1	public actual class Float private constructor() : Number(), Comparable<Float> {	jvmMain/kotlin/Primitives.kt:1588
-	val	Float	-	0	public actual const val MIN_VALUE: Float = 1.4E-45F	jvmMain/kotlin/Primitives.kt:1593
-	val	Float	-	0	public actual const val MAX_VALUE: Float = 3.4028235E38F	jvmMain/kotlin/Primitives.kt:1598
-	val	Float	-	0	public actual const val POSITIVE_INFINITY: Float = 1.0F/0.0F	jvmMain/kotlin/Primitives.kt:1603
-	val	Float	-	0	public actual const val NEGATIVE_INFINITY: Float = -1.0F/0.0F	jvmMain/kotlin/Primitives.kt:1608
-	val	Float	-	0	public actual const val NaN: Float = -(0.0F/0.0F)	jvmMain/kotlin/Primitives.kt:1613
1.4	val	Int	-	0	public actual const val SIZE_BYTES: Int = 4	jvmMain/kotlin/Primitives.kt:1619
1.4	val	Int	-	0	public actual const val SIZE_BITS: Int = 32	jvmMain/kotlin/Primitives.kt:1625
-	fun	compareTo	-	0	public actual operator fun compareTo(other: Byte): Int	jvmMain/kotlin/Primitives.kt:1634
-	fun	compareTo	-	0	public actual operator fun compareTo(other: Short): Int	jvmMain/kotlin/Primitives.kt:1642
-	fun	compareTo	-	0	public actual operator fun compareTo(other: Int): Int	jvmMain/kotlin/Primitives.kt:1650
-	fun	compareTo	-	0	public actual operator fun compareTo(other: Long): Int	jvmMain/kotlin/Primitives.kt:1658
-	fun	compareTo	-	0	public actual operator fun compareTo(other: Double): Int	jvmMain/kotlin/Primitives.kt:1674
-	fun	plus	-	0	public actual operator fun plus(other: Byte): Float	jvmMain/kotlin/Primitives.kt:1678
-	fun	plus	-	0	public actual operator fun plus(other: Short): Float	jvmMain/kotlin/Primitives.kt:1682
-	fun	plus	-	0	public actual operator fun plus(other: Int): Float	jvmMain/kotlin/Primitives.kt:1686
-	fun	plus	-	0	public actual operator fun plus(other: Long): Float	jvmMain/kotlin/Primitives.kt:1690
-	fun	plus	-	0	public actual operator fun plus(other: Float): Float	jvmMain/kotlin/Primitives.kt:1694
-	fun	plus	-	0	public actual operator fun plus(other: Double): Double	jvmMain/kotlin/Primitives.kt:1698
-	fun	minus	-	0	public actual operator fun minus(other: Byte): Float	jvmMain/kotlin/Primitives.kt:1702
-	fun	minus	-	0	public actual operator fun minus(other: Short): Float	jvmMain/kotlin/Primitives.kt:1706
-	fun	minus	-	0	public actual operator fun minus(other: Int): Float	jvmMain/kotlin/Primitives.kt:1710
-	fun	minus	-	0	public actual operator fun minus(other: Long): Float	jvmMain/kotlin/Primitives.kt:1714
-	fun	minus	-	0	public actual operator fun minus(other: Float): Float	jvmMain/kotlin/Primitives.kt:1718
-	fun	minus	-	0	public actual operator fun minus(other: Double): Double	jvmMain/kotlin/Primitives.kt:1722
-	fun	times	-	0	public actual operator fun times(other: Byte): Float	jvmMain/kotlin/Primitives.kt:1726
-	fun	times	-	0	public actual operator fun times(other: Short): Float	jvmMain/kotlin/Primitives.kt:1730
-	fun	times	-	0	public actual operator fun times(other: Int): Float	jvmMain/kotlin/Primitives.kt:1734
-	fun	times	-	0	public actual operator fun times(other: Long): Float	jvmMain/kotlin/Primitives.kt:1738
-	fun	times	-	0	public actual operator fun times(other: Float): Float	jvmMain/kotlin/Primitives.kt:1742
-	fun	times	-	0	public actual operator fun times(other: Double): Double	jvmMain/kotlin/Primitives.kt:1746
-	fun	div	-	0	public actual operator fun div(other: Byte): Float	jvmMain/kotlin/Primitives.kt:1750
-	fun	div	-	0	public actual operator fun div(other: Short): Float	jvmMain/kotlin/Primitives.kt:1754
-	fun	div	-	0	public actual operator fun div(other: Int): Float	jvmMain/kotlin/Primitives.kt:1758
-	fun	div	-	0	public actual operator fun div(other: Long): Float	jvmMain/kotlin/Primitives.kt:1762
-	fun	div	-	0	public actual operator fun div(other: Float): Float	jvmMain/kotlin/Primitives.kt:1766
-	fun	div	-	0	public actual operator fun div(other: Double): Double	jvmMain/kotlin/Primitives.kt:1770
1.1	fun	rem	-	0	public actual operator fun rem(other: Byte): Float	jvmMain/kotlin/Primitives.kt:1779
1.1	fun	rem	-	0	public actual operator fun rem(other: Short): Float	jvmMain/kotlin/Primitives.kt:1788
1.1	fun	rem	-	0	public actual operator fun rem(other: Int): Float	jvmMain/kotlin/Primitives.kt:1797
1.1	fun	rem	-	0	public actual operator fun rem(other: Long): Float	jvmMain/kotlin/Primitives.kt:1806
1.1	fun	rem	-	0	public actual operator fun rem(other: Float): Float	jvmMain/kotlin/Primitives.kt:1815
1.1	fun	rem	-	0	public actual operator fun rem(other: Double): Double	jvmMain/kotlin/Primitives.kt:1824
-	fun	inc	-	0	public actual operator fun inc(): Float	jvmMain/kotlin/Primitives.kt:1831
-	fun	dec	-	0	public actual operator fun dec(): Float	jvmMain/kotlin/Primitives.kt:1838
-	fun	unaryPlus	-	0	public actual operator fun unaryPlus(): Float	jvmMain/kotlin/Primitives.kt:1842
-	fun	unaryMinus	-	0	public actual operator fun unaryMinus(): Float	jvmMain/kotlin/Primitives.kt:1846
-	class	Double	-	1	public actual class Double private constructor() : Number(), Comparable<Double> {	jvmMain/kotlin/Primitives.kt:1921
-	val	Double	-	0	public actual const val MIN_VALUE: Double = 4.9E-324	jvmMain/kotlin/Primitives.kt:1926
-	val	Double	-	0	public actual const val MAX_VALUE: Double = 1.7976931348623157E308	jvmMain/kotlin/Primitives.kt:1931
-	val	Double	-	0	public actual const val POSITIVE_INFINITY: Double = 1.0/0.0	jvmMain/kotlin/Primitives.kt:1936
-	val	Double	-	0	public actual const val NEGATIVE_INFINITY: Double = -1.0/0.0	jvmMain/kotlin/Primitives.kt:1941
-	val	Double	-	0	public actual const val NaN: Double = -(0.0/0.0)	jvmMain/kotlin/Primitives.kt:1946
1.4	val	Int	-	0	public actual const val SIZE_BYTES: Int = 8	jvmMain/kotlin/Primitives.kt:1952
1.4	val	Int	-	0	public actual const val SIZE_BITS: Int = 64	jvmMain/kotlin/Primitives.kt:1958
-	fun	compareTo	-	0	public actual operator fun compareTo(other: Byte): Int	jvmMain/kotlin/Primitives.kt:1967
-	fun	compareTo	-	0	public actual operator fun compareTo(other: Short): Int	jvmMain/kotlin/Primitives.kt:1975
-	fun	compareTo	-	0	public actual operator fun compareTo(other: Int): Int	jvmMain/kotlin/Primitives.kt:1983
-	fun	compareTo	-	0	public actual operator fun compareTo(other: Long): Int	jvmMain/kotlin/Primitives.kt:1991
-	fun	compareTo	-	0	public actual operator fun compareTo(other: Float): Int	jvmMain/kotlin/Primitives.kt:1999
-	fun	plus	-	0	public actual operator fun plus(other: Byte): Double	jvmMain/kotlin/Primitives.kt:2011
-	fun	plus	-	0	public actual operator fun plus(other: Short): Double	jvmMain/kotlin/Primitives.kt:2015
-	fun	plus	-	0	public actual operator fun plus(other: Int): Double	jvmMain/kotlin/Primitives.kt:2019
-	fun	plus	-	0	public actual operator fun plus(other: Long): Double	jvmMain/kotlin/Primitives.kt:2023
-	fun	plus	-	0	public actual operator fun plus(other: Float): Double	jvmMain/kotlin/Primitives.kt:2027
-	fun	plus	-	0	public actual operator fun plus(other: Double): Double	jvmMain/kotlin/Primitives.kt:2031
-	fun	minus	-	0	public actual operator fun minus(other: Byte): Double	jvmMain/kotlin/Primitives.kt:2035
-	fun	minus	-	0	public actual operator fun minus(other: Short): Double	jvmMain/kotlin/Primitives.kt:2039
-	fun	minus	-	0	public actual operator fun minus(other: Int): Double	jvmMain/kotlin/Primitives.kt:2043
-	fun	minus	-	0	public actual operator fun minus(other: Long): Double	jvmMain/kotlin/Primitives.kt:2047
-	fun	minus	-	0	public actual operator fun minus(other: Float): Double	jvmMain/kotlin/Primitives.kt:2051
-	fun	minus	-	0	public actual operator fun minus(other: Double): Double	jvmMain/kotlin/Primitives.kt:2055
-	fun	times	-	0	public actual operator fun times(other: Byte): Double	jvmMain/kotlin/Primitives.kt:2059
-	fun	times	-	0	public actual operator fun times(other: Short): Double	jvmMain/kotlin/Primitives.kt:2063
-	fun	times	-	0	public actual operator fun times(other: Int): Double	jvmMain/kotlin/Primitives.kt:2067
-	fun	times	-	0	public actual operator fun times(other: Long): Double	jvmMain/kotlin/Primitives.kt:2071
-	fun	times	-	0	public actual operator fun times(other: Float): Double	jvmMain/kotlin/Primitives.kt:2075
-	fun	times	-	0	public actual operator fun times(other: Double): Double	jvmMain/kotlin/Primitives.kt:2079
-	fun	div	-	0	public actual operator fun div(other: Byte): Double	jvmMain/kotlin/Primitives.kt:2083
-	fun	div	-	0	public actual operator fun div(other: Short): Double	jvmMain/kotlin/Primitives.kt:2087
-	fun	div	-	0	public actual operator fun div(other: Int): Double	jvmMain/kotlin/Primitives.kt:2091
-	fun	div	-	0	public actual operator fun div(other: Long): Double	jvmMain/kotlin/Primitives.kt:2095
-	fun	div	-	0	public actual operator fun div(other: Float): Double	jvmMain/kotlin/Primitives.kt:2099
-	fun	div	-	0	public actual operator fun div(other: Double): Double	jvmMain/kotlin/Primitives.kt:2103
1.1	fun	rem	-	0	public actual operator fun rem(other: Byte): Double	jvmMain/kotlin/Primitives.kt:2112
1.1	fun	rem	-	0	public actual operator fun rem(other: Short): Double	jvmMain/kotlin/Primitives.kt:2121
1.1	fun	rem	-	0	public actual operator fun rem(other: Int): Double	jvmMain/kotlin/Primitives.kt:2130
1.1	fun	rem	-	0	public actual operator fun rem(other: Long): Double	jvmMain/kotlin/Primitives.kt:2139
1.1	fun	rem	-	0	public actual operator fun rem(other: Float): Double	jvmMain/kotlin/Primitives.kt:2148
1.1	fun	rem	-	0	public actual operator fun rem(other: Double): Double	jvmMain/kotlin/Primitives.kt:2157
-	fun	inc	-	0	public actual operator fun inc(): Double	jvmMain/kotlin/Primitives.kt:2164
-	fun	dec	-	0	public actual operator fun dec(): Double	jvmMain/kotlin/Primitives.kt:2171
-	fun	unaryPlus	-	0	public actual operator fun unaryPlus(): Double	jvmMain/kotlin/Primitives.kt:2175
-	fun	unaryMinus	-	0	public actual operator fun unaryMinus(): Double	jvmMain/kotlin/Primitives.kt:2179
-	class	String	-	1	public actual class String : Comparable<String>, CharSequence {	jvmMain/kotlin/String.kt:16
-	fun	plus	-	0	public actual operator fun plus(other: Any?): String	jvmMain/kotlin/String.kt:25
-	class	Throwable	-	1	public actual open class Throwable actual constructor(public open actual val message: String?, public open actual val cause: Throwable?) {	jvmMain/kotlin/Throwable.kt:17
1.4	typealias	Throws	-	0	public actual typealias Throws = kotlin.jvm.Throws	jvmMain/kotlin/Throws.kt:26
1.1	typealias	Error	-	0	@SinceKotlin("1.1") public actual typealias Error = java.lang.Error	jvmMain/kotlin/TypeAliases.kt:11
1.1	typealias	Exception	-	0	@SinceKotlin("1.1") public actual typealias Exception = java.lang.Exception	jvmMain/kotlin/TypeAliases.kt:12
1.1	typealias	RuntimeException	-	0	@SinceKotlin("1.1") public actual typealias RuntimeException = java.lang.RuntimeException	jvmMain/kotlin/TypeAliases.kt:13
1.1	typealias	IllegalArgumentException	-	0	@SinceKotlin("1.1") public actual typealias IllegalArgumentException = java.lang.IllegalArgumentException	jvmMain/kotlin/TypeAliases.kt:14
1.1	typealias	IllegalStateException	-	0	@SinceKotlin("1.1") public actual typealias IllegalStateException = java.lang.IllegalStateException	jvmMain/kotlin/TypeAliases.kt:15
1.1	typealias	IndexOutOfBoundsException	-	0	@SinceKotlin("1.1") public actual typealias IndexOutOfBoundsException = java.lang.IndexOutOfBoundsException	jvmMain/kotlin/TypeAliases.kt:16
1.1	typealias	UnsupportedOperationException	-	0	@SinceKotlin("1.1") public actual typealias UnsupportedOperationException = java.lang.UnsupportedOperationException	jvmMain/kotlin/TypeAliases.kt:17
1.3	typealias	ArithmeticException	-	0	@SinceKotlin("1.3") public actual typealias ArithmeticException = java.lang.ArithmeticException	jvmMain/kotlin/TypeAliases.kt:19
1.1	typealias	NumberFormatException	-	0	@SinceKotlin("1.1") public actual typealias NumberFormatException = java.lang.NumberFormatException	jvmMain/kotlin/TypeAliases.kt:20
1.1	typealias	NullPointerException	-	0	@SinceKotlin("1.1") public actual typealias NullPointerException = java.lang.NullPointerException	jvmMain/kotlin/TypeAliases.kt:21
1.1	typealias	ClassCastException	-	0	@SinceKotlin("1.1") public actual typealias ClassCastException = java.lang.ClassCastException	jvmMain/kotlin/TypeAliases.kt:22
1.1	typealias	AssertionError	-	0	@SinceKotlin("1.1") public actual typealias AssertionError = java.lang.AssertionError	jvmMain/kotlin/TypeAliases.kt:24
1.1	typealias	NoSuchElementException	-	0	@SinceKotlin("1.1") public actual typealias NoSuchElementException = java.util.NoSuchElementException	jvmMain/kotlin/TypeAliases.kt:26
1.3	typealias	ConcurrentModificationException	-	0	@SinceKotlin("1.3") public actual typealias ConcurrentModificationException = java.util.ConcurrentModificationException	jvmMain/kotlin/TypeAliases.kt:29
1.1	typealias	Comparator	-	0	@SinceKotlin("1.1") public actual typealias Comparator<T> = java.util.Comparator<T>	jvmMain/kotlin/TypeAliases.kt:31
-	class	TypeCastException	-	0	public open class TypeCastException : ClassCastException {	jvmMain/kotlin/TypeCastException.kt:8
-	class	UninitializedPropertyAccessException	-	0	public actual class UninitializedPropertyAccessException : RuntimeException {	jvmMain/kotlin/UninitializedPropertyAccessException.kt:8
-	object	Unit	-	0	public actual object Unit {	jvmMain/kotlin/Unit.kt:13
-	object	_Assertions	-	0	internal object _Assertions {	jvmMain/kotlin/util/AssertionsJVM.kt:11
-	val	Boolean	-	0	internal val ENABLED: Boolean = javaClass.desiredAssertionStatus()	jvmMain/kotlin/util/AssertionsJVM.kt:14
-	fun	assert	-	0	public inline fun assert(value: Boolean) {	jvmMain/kotlin/util/AssertionsJVM.kt:22
-	fun	assert	-	1	public inline fun assert(value: Boolean, lazyMessage: () -> Any) {	jvmMain/kotlin/util/AssertionsJVM.kt:31
-	val	message	-	0	val message = lazyMessage()	jvmMain/kotlin/util/AssertionsJVM.kt:34
-	fun	plus	BigDecimal	0	public inline operator fun BigDecimal.plus(other: BigDecimal): BigDecimal = this.add(other)	jvmMain/kotlin/util/BigDecimals.kt:19
-	fun	minus	BigDecimal	0	public inline operator fun BigDecimal.minus(other: BigDecimal): BigDecimal = this.subtract(other)	jvmMain/kotlin/util/BigDecimals.kt:25
-	fun	times	BigDecimal	0	public inline operator fun BigDecimal.times(other: BigDecimal): BigDecimal = this.multiply(other)	jvmMain/kotlin/util/BigDecimals.kt:31
-	fun	div	BigDecimal	1	public inline operator fun BigDecimal.div(other: BigDecimal): BigDecimal = this.divide(other, RoundingMode.HALF_EVEN)	jvmMain/kotlin/util/BigDecimals.kt:40
-	fun	rem	BigDecimal	0	public inline operator fun BigDecimal.rem(other: BigDecimal): BigDecimal = this.remainder(other)	jvmMain/kotlin/util/BigDecimals.kt:46
-	fun	unaryMinus	BigDecimal	0	public inline operator fun BigDecimal.unaryMinus(): BigDecimal = this.negate()	jvmMain/kotlin/util/BigDecimals.kt:52
1.2	fun	inc	BigDecimal	0	public inline operator fun BigDecimal.inc(): BigDecimal = this.add(BigDecimal.ONE)	jvmMain/kotlin/util/BigDecimals.kt:59
1.2	fun	dec	BigDecimal	0	public inline operator fun BigDecimal.dec(): BigDecimal = this.subtract(BigDecimal.ONE)	jvmMain/kotlin/util/BigDecimals.kt:66
1.2	fun	toBigDecimal	Int	0	public inline fun Int.toBigDecimal(): BigDecimal = BigDecimal.valueOf(this.toLong())	jvmMain/kotlin/util/BigDecimals.kt:73
1.2	fun	toBigDecimal	Int	1	public inline fun Int.toBigDecimal(mathContext: MathContext): BigDecimal = BigDecimal(this, mathContext)	jvmMain/kotlin/util/BigDecimals.kt:82
1.2	fun	toBigDecimal	Long	0	public inline fun Long.toBigDecimal(): BigDecimal = BigDecimal.valueOf(this)	jvmMain/kotlin/util/BigDecimals.kt:89
1.2	fun	toBigDecimal	Long	1	public inline fun Long.toBigDecimal(mathContext: MathContext): BigDecimal = BigDecimal(this, mathContext)	jvmMain/kotlin/util/BigDecimals.kt:97
1.2	fun	toBigDecimal	Float	0	public inline fun Float.toBigDecimal(): BigDecimal = BigDecimal(this.toString())	jvmMain/kotlin/util/BigDecimals.kt:107
1.2	fun	toBigDecimal	Float	1	public inline fun Float.toBigDecimal(mathContext: MathContext): BigDecimal = BigDecimal(this.toString(), mathContext)	jvmMain/kotlin/util/BigDecimals.kt:118
1.2	fun	toBigDecimal	Double	0	public inline fun Double.toBigDecimal(): BigDecimal = BigDecimal(this.toString())	jvmMain/kotlin/util/BigDecimals.kt:127
1.2	fun	toBigDecimal	Double	1	public inline fun Double.toBigDecimal(mathContext: MathContext): BigDecimal = BigDecimal(this.toString(), mathContext)	jvmMain/kotlin/util/BigDecimals.kt:138
-	fun	plus	BigInteger	0	public inline operator fun BigInteger.plus(other: BigInteger): BigInteger = this.add(other)	jvmMain/kotlin/util/BigIntegers.kt:19
-	fun	minus	BigInteger	0	public inline operator fun BigInteger.minus(other: BigInteger): BigInteger = this.subtract(other)	jvmMain/kotlin/util/BigIntegers.kt:25
-	fun	times	BigInteger	0	public inline operator fun BigInteger.times(other: BigInteger): BigInteger = this.multiply(other)	jvmMain/kotlin/util/BigIntegers.kt:31
-	fun	div	BigInteger	0	public inline operator fun BigInteger.div(other: BigInteger): BigInteger = this.divide(other)	jvmMain/kotlin/util/BigIntegers.kt:37
1.1	fun	rem	BigInteger	0	public inline operator fun BigInteger.rem(other: BigInteger): BigInteger = this.remainder(other)	jvmMain/kotlin/util/BigIntegers.kt:44
-	fun	unaryMinus	BigInteger	0	public inline operator fun BigInteger.unaryMinus(): BigInteger = this.negate()	jvmMain/kotlin/util/BigIntegers.kt:50
1.2	fun	inc	BigInteger	0	public inline operator fun BigInteger.inc(): BigInteger = this.add(BigInteger.ONE)	jvmMain/kotlin/util/BigIntegers.kt:57
1.2	fun	dec	BigInteger	0	public inline operator fun BigInteger.dec(): BigInteger = this.subtract(BigInteger.ONE)	jvmMain/kotlin/util/BigIntegers.kt:64
1.2	fun	inv	BigInteger	0	public inline fun BigInteger.inv(): BigInteger = this.not()	jvmMain/kotlin/util/BigIntegers.kt:69
1.2	fun	and	BigInteger	0	public inline infix fun BigInteger.and(other: BigInteger): BigInteger = this.and(other)	jvmMain/kotlin/util/BigIntegers.kt:74
1.2	fun	or	BigInteger	0	public inline infix fun BigInteger.or(other: BigInteger): BigInteger = this.or(other)	jvmMain/kotlin/util/BigIntegers.kt:79
1.2	fun	xor	BigInteger	0	public inline infix fun BigInteger.xor(other: BigInteger): BigInteger = this.xor(other)	jvmMain/kotlin/util/BigIntegers.kt:84
1.2	fun	shl	BigInteger	0	public inline infix fun BigInteger.shl(n: Int): BigInteger = this.shiftLeft(n)	jvmMain/kotlin/util/BigIntegers.kt:89
1.2	fun	shr	BigInteger	0	public inline infix fun BigInteger.shr(n: Int): BigInteger = this.shiftRight(n)	jvmMain/kotlin/util/BigIntegers.kt:94
1.2	fun	toBigInteger	Int	0	public inline fun Int.toBigInteger(): BigInteger = BigInteger.valueOf(this.toLong())	jvmMain/kotlin/util/BigIntegers.kt:102
1.2	fun	toBigInteger	Long	0	public inline fun Long.toBigInteger(): BigInteger = BigInteger.valueOf(this)	jvmMain/kotlin/util/BigIntegers.kt:109
1.2	fun	toBigDecimal	BigInteger	0	public inline fun BigInteger.toBigDecimal(): BigDecimal = BigDecimal(this)	jvmMain/kotlin/util/BigIntegers.kt:116
1.2	fun	toBigDecimal	BigInteger	1	public inline fun BigInteger.toBigDecimal(scale: Int = 0, mathContext: MathContext = MathContext.UNLIMITED): BigDecimal =	jvmMain/kotlin/util/BigIntegers.kt:127
-	fun	printStackTrace	Throwable	0	public actual inline fun Throwable.printStackTrace(): Unit = (this as java.lang.Throwable).printStackTrace()	jvmMain/kotlin/util/Exceptions.kt:20
-	fun	printStackTrace	Throwable	0	public inline fun Throwable.printStackTrace(writer: PrintWriter): Unit = (this as java.lang.Throwable).printStackTrace(writer)	jvmMain/kotlin/util/Exceptions.kt:27
-	fun	printStackTrace	Throwable	0	public inline fun Throwable.printStackTrace(stream: PrintStream): Unit = (this as java.lang.Throwable).printStackTrace(stream)	jvmMain/kotlin/util/Exceptions.kt:34
-	val	Array	-	0	public val Throwable.stackTrace: Array<StackTraceElement>	jvmMain/kotlin/util/Exceptions.kt:41
1.4	fun	stackTraceToString	Throwable	0	public actual fun Throwable.stackTraceToString(): String {	jvmMain/kotlin/util/Exceptions.kt:54
-	val	sw	-	0	val sw = StringWriter()	jvmMain/kotlin/util/Exceptions.kt:55
-	val	pw	-	0	val pw = PrintWriter(sw)	jvmMain/kotlin/util/Exceptions.kt:56
1.1	fun	addSuppressed	Throwable	0	public actual fun Throwable.addSuppressed(exception: Throwable) {	jvmMain/kotlin/util/Exceptions.kt:68
1.4	val	List	-	0	public actual val Throwable.suppressedExceptions: List<Throwable>	jvmMain/kotlin/util/Exceptions.kt:82
-	fun	lazy	-	0	public actual fun <T> lazy(initializer: () -> T): Lazy<T> = SynchronizedLazyImpl(initializer)	jvmMain/kotlin/util/LazyJVM.kt:26
-	fun	lazy	-	1	public actual fun <T> lazy(mode: LazyThreadSafetyMode, initializer: () -> T): Lazy<T> =	jvmMain/kotlin/util/LazyJVM.kt:41
-	fun	lazy	-	2	public actual fun <T> lazy(lock: Any?, initializer: () -> T): Lazy<T> = SynchronizedLazyImpl(initializer, lock)	jvmMain/kotlin/util/LazyJVM.kt:61
-	class	SynchronizedLazyImpl	-	2	private class SynchronizedLazyImpl<out T>(initializer: () -> T, lock: Any? = null) : Lazy<T>, Serializable {	jvmMain/kotlin/util/LazyJVM.kt:63
-	var	Any	-	0	private var _value: Any? = UNINITIALIZED_VALUE	jvmMain/kotlin/util/LazyJVM.kt:67
-	val	lock	-	0	private val lock = lock ?: this	jvmMain/kotlin/util/LazyJVM.kt:71
-	val	_v1	-	0	val _v1 = _value	jvmMain/kotlin/util/LazyJVM.kt:75
-	val	_v2	-	0	val _v2 = _value	jvmMain/kotlin/util/LazyJVM.kt:82
-	val	typedValue	-	0	val typedValue = initializer!!()	jvmMain/kotlin/util/LazyJVM.kt:86
-	fun	writeReplace	-	0	private fun writeReplace(): Any = InitializedLazyImpl(value)	jvmMain/kotlin/util/LazyJVM.kt:98
-	class	SafePublicationLazyImpl	-	1	private class SafePublicationLazyImpl<out T>(initializer: () -> T) : Lazy<T>, Serializable {	jvmMain/kotlin/util/LazyJVM.kt:102
-	var	Any	-	0	private var _value: Any? = UNINITIALIZED_VALUE	jvmMain/kotlin/util/LazyJVM.kt:107
-	val	Any	-	0	private val final: Any = UNINITIALIZED_VALUE	jvmMain/kotlin/util/LazyJVM.kt:112
-	val	value	-	0	val value = _value	jvmMain/kotlin/util/LazyJVM.kt:116
-	val	initializerValue	-	0	val initializerValue = initializer	jvmMain/kotlin/util/LazyJVM.kt:122
-	val	newValue	-	0	val newValue = initializerValue()	jvmMain/kotlin/util/LazyJVM.kt:125
-	fun	writeReplace	-	0	private fun writeReplace(): Any = InitializedLazyImpl(value)	jvmMain/kotlin/util/LazyJVM.kt:139
-	fun	readObject	-	0	private fun readObject(input: ObjectInputStream): Unit = throwReadObjectNotSupported()	jvmMain/kotlin/util/LazyJVM.kt:141
-	val	valueUpdater	-	0	private val valueUpdater = java.util.concurrent.atomic.AtomicReferenceFieldUpdater.newUpdater(	jvmMain/kotlin/util/LazyJVM.kt:144
-	fun	isNaN	Double	0	public actual inline fun Double.isNaN(): Boolean = java.lang.Double.isNaN(this)	jvmMain/kotlin/util/NumbersJVM.kt:17
-	fun	isNaN	Float	0	public actual inline fun Float.isNaN(): Boolean = java.lang.Float.isNaN(this)	jvmMain/kotlin/util/NumbersJVM.kt:24
-	fun	isInfinite	Double	0	public actual inline fun Double.isInfinite(): Boolean = java.lang.Double.isInfinite(this)	jvmMain/kotlin/util/NumbersJVM.kt:30
-	fun	isInfinite	Float	0	public actual inline fun Float.isInfinite(): Boolean = java.lang.Float.isInfinite(this)	jvmMain/kotlin/util/NumbersJVM.kt:36
-	fun	isFinite	Double	0	public actual inline fun Double.isFinite(): Boolean = abs(this) <= Double.MAX_VALUE	jvmMain/kotlin/util/NumbersJVM.kt:42
-	fun	isFinite	Float	0	public actual inline fun Float.isFinite(): Boolean = abs(this) <= Float.MAX_VALUE	jvmMain/kotlin/util/NumbersJVM.kt:48
1.2	fun	toBits	Double	0	public actual inline fun Double.toBits(): Long = java.lang.Double.doubleToLongBits(this)	jvmMain/kotlin/util/NumbersJVM.kt:56
1.2	fun	toRawBits	Double	0	public actual inline fun Double.toRawBits(): Long = java.lang.Double.doubleToRawLongBits(this)	jvmMain/kotlin/util/NumbersJVM.kt:65
1.2	fun	fromBits	Double.Companion	0	public actual inline fun Double.Companion.fromBits(bits: Long): Double = java.lang.Double.longBitsToDouble(bits)	jvmMain/kotlin/util/NumbersJVM.kt:72
1.2	fun	toBits	Float	0	public actual inline fun Float.toBits(): Int = java.lang.Float.floatToIntBits(this)	jvmMain/kotlin/util/NumbersJVM.kt:80
1.2	fun	toRawBits	Float	0	public actual inline fun Float.toRawBits(): Int = java.lang.Float.floatToRawIntBits(this)	jvmMain/kotlin/util/NumbersJVM.kt:89
1.2	fun	fromBits	Float.Companion	0	public actual inline fun Float.Companion.fromBits(bits: Int): Float = java.lang.Float.intBitsToFloat(bits)	jvmMain/kotlin/util/NumbersJVM.kt:96
1.4	fun	countOneBits	Int	0	public actual inline fun Int.countOneBits(): Int = Integer.bitCount(this)	jvmMain/kotlin/util/NumbersJVM.kt:104
1.4	fun	countLeadingZeroBits	Int	0	public actual inline fun Int.countLeadingZeroBits(): Int = Integer.numberOfLeadingZeros(this)	jvmMain/kotlin/util/NumbersJVM.kt:111
1.4	fun	countTrailingZeroBits	Int	0	public actual inline fun Int.countTrailingZeroBits(): Int = Integer.numberOfTrailingZeros(this)	jvmMain/kotlin/util/NumbersJVM.kt:118
1.4	fun	takeHighestOneBit	Int	0	public actual inline fun Int.takeHighestOneBit(): Int = Integer.highestOneBit(this)	jvmMain/kotlin/util/NumbersJVM.kt:126
1.4	fun	takeLowestOneBit	Int	0	public actual inline fun Int.takeLowestOneBit(): Int = Integer.lowestOneBit(this)	jvmMain/kotlin/util/NumbersJVM.kt:134
1.6	fun	rotateLeft	Int	1	public actual inline fun Int.rotateLeft(bitCount: Int): Int = Integer.rotateLeft(this, bitCount)	jvmMain/kotlin/util/NumbersJVM.kt:148
1.6	fun	rotateRight	Int	1	public actual inline fun Int.rotateRight(bitCount: Int): Int = Integer.rotateRight(this, bitCount)	jvmMain/kotlin/util/NumbersJVM.kt:163
1.4	fun	countOneBits	Long	0	public actual inline fun Long.countOneBits(): Int = java.lang.Long.bitCount(this)	jvmMain/kotlin/util/NumbersJVM.kt:171
1.4	fun	countLeadingZeroBits	Long	0	public actual inline fun Long.countLeadingZeroBits(): Int = java.lang.Long.numberOfLeadingZeros(this)	jvmMain/kotlin/util/NumbersJVM.kt:178
1.4	fun	countTrailingZeroBits	Long	0	public actual inline fun Long.countTrailingZeroBits(): Int = java.lang.Long.numberOfTrailingZeros(this)	jvmMain/kotlin/util/NumbersJVM.kt:185
1.4	fun	takeHighestOneBit	Long	0	public actual inline fun Long.takeHighestOneBit(): Long = java.lang.Long.highestOneBit(this)	jvmMain/kotlin/util/NumbersJVM.kt:193
1.4	fun	takeLowestOneBit	Long	0	public actual inline fun Long.takeLowestOneBit(): Long = java.lang.Long.lowestOneBit(this)	jvmMain/kotlin/util/NumbersJVM.kt:201
1.6	fun	rotateLeft	Long	1	public actual inline fun Long.rotateLeft(bitCount: Int): Long = java.lang.Long.rotateLeft(this, bitCount)	jvmMain/kotlin/util/NumbersJVM.kt:215
1.6	fun	rotateRight	Long	1	public actual inline fun Long.rotateRight(bitCount: Int): Long = java.lang.Long.rotateRight(this, bitCount)	jvmMain/kotlin/util/NumbersJVM.kt:229
-	fun	synchronized	-	1	public inline fun <R> synchronized(lock: Any, block: () -> R): R {	jvmMain/kotlin/util/Synchronized.kt:17
-	val	lockLocal	-	0	val lockLocal = lock	jvmMain/kotlin/util/Synchronized.kt:25
-	fun	uintRemainder	-	1	internal actual fun uintRemainder(v1: UInt, v2: UInt): UInt = (v1.toLong() % v2.toLong()).toUInt()	jvmMain/kotlin/util/UnsignedJVM.kt:15
-	fun	uintDivide	-	1	internal actual fun uintDivide(v1: UInt, v2: UInt): UInt = (v1.toLong() / v2.toLong()).toUInt()	jvmMain/kotlin/util/UnsignedJVM.kt:18
-	fun	ulongDivide	-	1	internal actual fun ulongDivide(v1: ULong, v2: ULong): ULong {	jvmMain/kotlin/util/UnsignedJVM.kt:21
-	val	dividend	-	0	val dividend = v1.toLong()	jvmMain/kotlin/util/UnsignedJVM.kt:22
-	val	divisor	-	0	val divisor = v2.toLong()	jvmMain/kotlin/util/UnsignedJVM.kt:23
-	val	quotient	-	0	val quotient = ((dividend ushr 1) / divisor) shl 1	jvmMain/kotlin/util/UnsignedJVM.kt:34
-	val	rem	-	0	val rem = dividend - quotient * divisor	jvmMain/kotlin/util/UnsignedJVM.kt:35
-	fun	ulongRemainder	-	1	internal actual fun ulongRemainder(v1: ULong, v2: ULong): ULong {	jvmMain/kotlin/util/UnsignedJVM.kt:41
-	val	dividend	-	0	val dividend = v1.toLong()	jvmMain/kotlin/util/UnsignedJVM.kt:42
-	val	divisor	-	0	val divisor = v2.toLong()	jvmMain/kotlin/util/UnsignedJVM.kt:43
-	val	quotient	-	0	val quotient = ((dividend ushr 1) / divisor) shl 1	jvmMain/kotlin/util/UnsignedJVM.kt:58
-	val	rem	-	0	val rem = dividend - quotient * divisor	jvmMain/kotlin/util/UnsignedJVM.kt:59
-	fun	uintCompare	-	1	internal actual fun uintCompare(v1: Int, v2: Int): Int = (v1 xor Int.MIN_VALUE).compareTo(v2 xor Int.MIN_VALUE)	jvmMain/kotlin/util/UnsignedJVM.kt:64
-	fun	ulongCompare	-	1	internal actual fun ulongCompare(v1: Long, v2: Long): Int = (v1 xor Long.MIN_VALUE).compareTo(v2 xor Long.MIN_VALUE)	jvmMain/kotlin/util/UnsignedJVM.kt:67
-	fun	uintToULong	-	0	internal actual inline fun uintToULong(value: Int): ULong = ULong(uintToLong(value))	jvmMain/kotlin/util/UnsignedJVM.kt:71
-	fun	uintToLong	-	0	internal actual inline fun uintToLong(value: Int): Long = value.toLong() and 0xFFFF_FFFF	jvmMain/kotlin/util/UnsignedJVM.kt:75
-	fun	uintToFloat	-	0	internal actual inline fun uintToFloat(value: Int): Float = uintToDouble(value).toFloat()	jvmMain/kotlin/util/UnsignedJVM.kt:79
-	fun	floatToUInt	-	0	internal actual inline fun floatToUInt(value: Float): UInt = doubleToUInt(value.toDouble())	jvmMain/kotlin/util/UnsignedJVM.kt:83
-	fun	uintToDouble	-	0	internal actual fun uintToDouble(value: Int): Double = (value and Int.MAX_VALUE).toDouble() + (value ushr 31 shl 30).toDouble() * 2	jvmMain/kotlin/util/UnsignedJVM.kt:86
-	fun	doubleToUInt	-	0	internal actual fun doubleToUInt(value: Double): UInt = when {	jvmMain/kotlin/util/UnsignedJVM.kt:89
-	fun	ulongToFloat	-	0	internal actual inline fun ulongToFloat(value: Long): Float = ulongToDouble(value).toFloat()	jvmMain/kotlin/util/UnsignedJVM.kt:99
-	fun	floatToULong	-	0	internal actual inline fun floatToULong(value: Float): ULong = doubleToULong(value.toDouble())	jvmMain/kotlin/util/UnsignedJVM.kt:103
-	fun	ulongToDouble	-	0	internal actual fun ulongToDouble(value: Long): Double = (value ushr 11).toDouble() * 2048 + (value and 2047)	jvmMain/kotlin/util/UnsignedJVM.kt:106
-	fun	doubleToULong	-	0	internal actual fun doubleToULong(value: Double): ULong = when {	jvmMain/kotlin/util/UnsignedJVM.kt:109
-	fun	uintToString	-	0	internal actual inline fun uintToString(value: Int): String = uintToLong(value).toString()	jvmMain/kotlin/util/UnsignedJVM.kt:120
-	fun	uintToString	-	2	internal actual inline fun uintToString(value: Int, base: Int): String = ulongToString(uintToLong(value), base)	jvmMain/kotlin/util/UnsignedJVM.kt:123
-	fun	ulongToString	-	1	internal actual inline fun ulongToString(value: Long): String = ulongToString(value, 10)	jvmMain/kotlin/util/UnsignedJVM.kt:126
-	fun	ulongToString	-	1	internal actual fun ulongToString(value: Long, base: Int): String {	jvmMain/kotlin/util/UnsignedJVM.kt:128
-	var	quotient	-	0	var quotient = ((value ushr 1) / base) shl 1	jvmMain/kotlin/util/UnsignedJVM.kt:131
-	var	rem	-	0	var rem = value - quotient * base	jvmMain/kotlin/util/UnsignedJVM.kt:132
