since	kind	name	receiver	arity	sig	loc
-	fun	component1	-	0	public inline operator fun <T> Array<out T>.component1(): T {	commonMain/generated/_Arrays.kt:28
-	fun	component1	ByteArray	0	public inline operator fun ByteArray.component1(): Byte {	commonMain/generated/_Arrays.kt:39
-	fun	component1	ShortArray	0	public inline operator fun ShortArray.component1(): Short {	commonMain/generated/_Arrays.kt:50
-	fun	component1	IntArray	0	public inline operator fun IntArray.component1(): Int {	commonMain/generated/_Arrays.kt:61
-	fun	component1	LongArray	0	public inline operator fun LongArray.component1(): Long {	commonMain/generated/_Arrays.kt:72
-	fun	component1	FloatArray	0	public inline operator fun FloatArray.component1(): Float {	commonMain/generated/_Arrays.kt:83
-	fun	component1	DoubleArray	0	public inline operator fun DoubleArray.component1(): Double {	commonMain/generated/_Arrays.kt:94
-	fun	component1	BooleanArray	0	public inline operator fun BooleanArray.component1(): Boolean {	commonMain/generated/_Arrays.kt:105
-	fun	component1	CharArray	0	public inline operator fun CharArray.component1(): Char {	commonMain/generated/_Arrays.kt:116
-	fun	component2	-	0	public inline operator fun <T> Array<out T>.component2(): T {	commonMain/generated/_Arrays.kt:127
-	fun	component2	ByteArray	0	public inline operator fun ByteArray.component2(): Byte {	commonMain/generated/_Arrays.kt:138
-	fun	component2	ShortArray	0	public inline operator fun ShortArray.component2(): Short {	commonMain/generated/_Arrays.kt:149
-	fun	component2	IntArray	0	public inline operator fun IntArray.component2(): Int {	commonMain/generated/_Arrays.kt:160
-	fun	component2	LongArray	0	public inline operator fun LongArray.component2(): Long {	commonMain/generated/_Arrays.kt:171
-	fun	component2	FloatArray	0	public inline operator fun FloatArray.component2(): Float {	commonMain/generated/_Arrays.kt:182
-	fun	component2	DoubleArray	0	public inline operator fun DoubleArray.component2(): Double {	commonMain/generated/_Arrays.kt:193
-	fun	component2	BooleanArray	0	public inline operator fun BooleanArray.component2(): Boolean {	commonMain/generated/_Arrays.kt:204
-	fun	component2	CharArray	0	public inline operator fun CharArray.component2(): Char {	commonMain/generated/_Arrays.kt:215
-	fun	component3	-	0	public inline operator fun <T> Array<out T>.component3(): T {	commonMain/generated/_Arrays.kt:226
-	fun	component3	ByteArray	0	public inline operator fun ByteArray.component3(): Byte {	commonMain/generated/_Arrays.kt:237
-	fun	component3	ShortArray	0	public inline operator fun ShortArray.component3(): Short {	commonMain/generated/_Arrays.kt:248
-	fun	component3	IntArray	0	public inline operator fun IntArray.component3(): Int {	commonMain/generated/_Arrays.kt:259
-	fun	component3	LongArray	0	public inline operator fun LongArray.component3(): Long {	commonMain/generated/_Arrays.kt:270
-	fun	component3	FloatArray	0	public inline operator fun FloatArray.component3(): Float {	commonMain/generated/_Arrays.kt:281
-	fun	component3	DoubleArray	0	public inline operator fun DoubleArray.component3(): Double {	commonMain/generated/_Arrays.kt:292
-	fun	component3	BooleanArray	0	public inline operator fun BooleanArray.component3(): Boolean {	commonMain/generated/_Arrays.kt:303
-	fun	component3	CharArray	0	public inline operator fun CharArray.component3(): Char {	commonMain/generated/_Arrays.kt:314
-	fun	component4	-	0	public inline operator fun <T> Array<out T>.component4(): T {	commonMain/generated/_Arrays.kt:325
-	fun	component4	ByteArray	0	public inline operator fun ByteArray.component4(): Byte {	commonMain/generated/_Arrays.kt:336
-	fun	component4	ShortArray	0	public inline operator fun ShortArray.component4(): Short {	commonMain/generated/_Arrays.kt:347
-	fun	component4	IntArray	0	public inline operator fun IntArray.component4(): Int {	commonMain/generated/_Arrays.kt:358
-	fun	component4	LongArray	0	public inline operator fun LongArray.component4(): Long {	commonMain/generated/_Arrays.kt:369
-	fun	component4	FloatArray	0	public inline operator fun FloatArray.component4(): Float {	commonMain/generated/_Arrays.kt:380
-	fun	component4	DoubleArray	0	public inline operator fun DoubleArray.component4(): Double {	commonMain/generated/_Arrays.kt:391
-	fun	component4	BooleanArray	0	public inline operator fun BooleanArray.component4(): Boolean {	commonMain/generated/_Arrays.kt:402
-	fun	component4	CharArray	0	public inline operator fun CharArray.component4(): Char {	commonMain/generated/_Arrays.kt:413
-	fun	component5	-	0	public inline operator fun <T> Array<out T>.component5(): T {	commonMain/generated/_Arrays.kt:424
-	fun	component5	ByteArray	0	public inline operator fun ByteArray.component5(): Byte {	commonMain/generated/_Arrays.kt:435
-	fun	component5	ShortArray	0	public inline operator fun ShortArray.component5(): Short {	commonMain/generated/_Arrays.kt:446
-	fun	component5	IntArray	0	public inline operator fun IntArray.component5(): Int {	commonMain/generated/_Arrays.kt:457
-	fun	component5	LongArray	0	public inline operator fun LongArray.component5(): Long {	commonMain/generated/_Arrays.kt:468
-	fun	component5	FloatArray	0	public inline operator fun FloatArray.component5(): Float {	commonMain/generated/_Arrays.kt:479
-	fun	component5	DoubleArray	0	public inline operator fun DoubleArray.component5(): Double {	commonMain/generated/_Arrays.kt:490
-	fun	component5	BooleanArray	0	public inline operator fun BooleanArray.component5(): Boolean {	commonMain/generated/_Arrays.kt:501
-	fun	component5	CharArray	0	public inline operator fun CharArray.component5(): Char {	commonMain/generated/_Arrays.kt:512
-	fun	contains	-	0	public operator fun <@kotlin.internal.OnlyInputTypes T> Array<out T>.contains(element: T): Boolean {	commonMain/generated/_Arrays.kt:519
-	fun	contains	ByteArray	0	public operator fun ByteArray.contains(element: Byte): Boolean {	commonMain/generated/_Arrays.kt:526
-	fun	contains	ShortArray	0	public operator fun ShortArray.contains(element: Short): Boolean {	commonMain/generated/_Arrays.kt:533
-	fun	contains	IntArray	0	public operator fun IntArray.contains(element: Int): Boolean {	commonMain/generated/_Arrays.kt:540
-	fun	contains	LongArray	0	public operator fun LongArray.contains(element: Long): Boolean {	commonMain/generated/_Arrays.kt:547
-	fun	contains	FloatArray	0	public operator fun FloatArray.contains(element: Float): Boolean {	commonMain/generated/_Arrays.kt:556
-	fun	contains	DoubleArray	0	public operator fun DoubleArray.contains(element: Double): Boolean {	commonMain/generated/_Arrays.kt:565
-	fun	contains	BooleanArray	0	public operator fun BooleanArray.contains(element: Boolean): Boolean {	commonMain/generated/_Arrays.kt:572
-	fun	contains	CharArray	0	public operator fun CharArray.contains(element: Char): Boolean {	commonMain/generated/_Arrays.kt:579
-	fun	elementAt	-	0	public expect fun <T> Array<out T>.elementAt(index: Int): T	commonMain/generated/_Arrays.kt:588
-	fun	elementAt	ByteArray	0	public expect fun ByteArray.elementAt(index: Int): Byte	commonMain/generated/_Arrays.kt:595
-	fun	elementAt	ShortArray	0	public expect fun ShortArray.elementAt(index: Int): Short	commonMain/generated/_Arrays.kt:602
-	fun	elementAt	IntArray	0	public expect fun IntArray.elementAt(index: Int): Int	commonMain/generated/_Arrays.kt:609
-	fun	elementAt	LongArray	0	public expect fun LongArray.elementAt(index: Int): Long	commonMain/generated/_Arrays.kt:616
-	fun	elementAt	FloatArray	0	public expect fun FloatArray.elementAt(index: Int): Float	commonMain/generated/_Arrays.kt:623
-	fun	elementAt	DoubleArray	0	public expect fun DoubleArray.elementAt(index: Int): Double	commonMain/generated/_Arrays.kt:630
-	fun	elementAt	BooleanArray	0	public expect fun BooleanArray.elementAt(index: Int): Boolean	commonMain/generated/_Arrays.kt:637
-	fun	elementAt	CharArray	0	public expect fun CharArray.elementAt(index: Int): Char	commonMain/generated/_Arrays.kt:644
-	fun	elementAtOrElse	-	1	public inline fun <T> Array<out T>.elementAtOrElse(index: Int, defaultValue: (Int) -> T): T {	commonMain/generated/_Arrays.kt:652
-	fun	elementAtOrElse	ByteArray	1	public inline fun ByteArray.elementAtOrElse(index: Int, defaultValue: (Int) -> Byte): Byte {	commonMain/generated/_Arrays.kt:665
-	fun	elementAtOrElse	ShortArray	1	public inline fun ShortArray.elementAtOrElse(index: Int, defaultValue: (Int) -> Short): Short {	commonMain/generated/_Arrays.kt:678
-	fun	elementAtOrElse	IntArray	1	public inline fun IntArray.elementAtOrElse(index: Int, defaultValue: (Int) -> Int): Int {	commonMain/generated/_Arrays.kt:691
-	fun	elementAtOrElse	LongArray	1	public inline fun LongArray.elementAtOrElse(index: Int, defaultValue: (Int) -> Long): Long {	commonMain/generated/_Arrays.kt:704
-	fun	elementAtOrElse	FloatArray	1	public inline fun FloatArray.elementAtOrElse(index: Int, defaultValue: (Int) -> Float): Float {	commonMain/generated/_Arrays.kt:717
-	fun	elementAtOrElse	DoubleArray	1	public inline fun DoubleArray.elementAtOrElse(index: Int, defaultValue: (Int) -> Double): Double {	commonMain/generated/_Arrays.kt:730
-	fun	elementAtOrElse	BooleanArray	1	public inline fun BooleanArray.elementAtOrElse(index: Int, defaultValue: (Int) -> Boolean): Boolean {	commonMain/generated/_Arrays.kt:743
-	fun	elementAtOrElse	CharArray	1	public inline fun CharArray.elementAtOrElse(index: Int, defaultValue: (Int) -> Char): Char {	commonMain/generated/_Arrays.kt:756
-	fun	elementAtOrNull	-	0	public inline fun <T> Array<out T>.elementAtOrNull(index: Int): T? {	commonMain/generated/_Arrays.kt:769
-	fun	elementAtOrNull	ByteArray	0	public inline fun ByteArray.elementAtOrNull(index: Int): Byte? {	commonMain/generated/_Arrays.kt:779
-	fun	elementAtOrNull	ShortArray	0	public inline fun ShortArray.elementAtOrNull(index: Int): Short? {	commonMain/generated/_Arrays.kt:789
-	fun	elementAtOrNull	IntArray	0	public inline fun IntArray.elementAtOrNull(index: Int): Int? {	commonMain/generated/_Arrays.kt:799
-	fun	elementAtOrNull	LongArray	0	public inline fun LongArray.elementAtOrNull(index: Int): Long? {	commonMain/generated/_Arrays.kt:809
-	fun	elementAtOrNull	FloatArray	0	public inline fun FloatArray.elementAtOrNull(index: Int): Float? {	commonMain/generated/_Arrays.kt:819
-	fun	elementAtOrNull	DoubleArray	0	public inline fun DoubleArray.elementAtOrNull(index: Int): Double? {	commonMain/generated/_Arrays.kt:829
-	fun	elementAtOrNull	BooleanArray	0	public inline fun BooleanArray.elementAtOrNull(index: Int): Boolean? {	commonMain/generated/_Arrays.kt:839
-	fun	elementAtOrNull	CharArray	0	public inline fun CharArray.elementAtOrNull(index: Int): Char? {	commonMain/generated/_Arrays.kt:849
-	fun	find	-	0	public inline fun <T> Array<out T>.find(predicate: (T) -> Boolean): T? {	commonMain/generated/_Arrays.kt:859
-	fun	find	ByteArray	0	public inline fun ByteArray.find(predicate: (Byte) -> Boolean): Byte? {	commonMain/generated/_Arrays.kt:869
-	fun	find	ShortArray	0	public inline fun ShortArray.find(predicate: (Short) -> Boolean): Short? {	commonMain/generated/_Arrays.kt:879
-	fun	find	IntArray	0	public inline fun IntArray.find(predicate: (Int) -> Boolean): Int? {	commonMain/generated/_Arrays.kt:889
-	fun	find	LongArray	0	public inline fun LongArray.find(predicate: (Long) -> Boolean): Long? {	commonMain/generated/_Arrays.kt:899
-	fun	find	FloatArray	0	public inline fun FloatArray.find(predicate: (Float) -> Boolean): Float? {	commonMain/generated/_Arrays.kt:909
-	fun	find	DoubleArray	0	public inline fun DoubleArray.find(predicate: (Double) -> Boolean): Double? {	commonMain/generated/_Arrays.kt:919
-	fun	find	BooleanArray	0	public inline fun BooleanArray.find(predicate: (Boolean) -> Boolean): Boolean? {	commonMain/generated/_Arrays.kt:929
-	fun	find	CharArray	0	public inline fun CharArray.find(predicate: (Char) -> Boolean): Char? {	commonMain/generated/_Arrays.kt:939
-	fun	findLast	-	0	public inline fun <T> Array<out T>.findLast(predicate: (T) -> Boolean): T? {	commonMain/generated/_Arrays.kt:949
-	fun	findLast	ByteArray	0	public inline fun ByteArray.findLast(predicate: (Byte) -> Boolean): Byte? {	commonMain/generated/_Arrays.kt:959
-	fun	findLast	ShortArray	0	public inline fun ShortArray.findLast(predicate: (Short) -> Boolean): Short? {	commonMain/generated/_Arrays.kt:969
-	fun	findLast	IntArray	0	public inline fun IntArray.findLast(predicate: (Int) -> Boolean): Int? {	commonMain/generated/_Arrays.kt:979
-	fun	findLast	LongArray	0	public inline fun LongArray.findLast(predicate: (Long) -> Boolean): Long? {	commonMain/generated/_Arrays.kt:989
-	fun	findLast	FloatArray	0	public inline fun FloatArray.findLast(predicate: (Float) -> Boolean): Float? {	commonMain/generated/_Arrays.kt:999
-	fun	findLast	DoubleArray	0	public inline fun DoubleArray.findLast(predicate: (Double) -> Boolean): Double? {	commonMain/generated/_Arrays.kt:1009
-	fun	findLast	BooleanArray	0	public inline fun BooleanArray.findLast(predicate: (Boolean) -> Boolean): Boolean? {	commonMain/generated/_Arrays.kt:1019
-	fun	findLast	CharArray	0	public inline fun CharArray.findLast(predicate: (Char) -> Boolean): Char? {	commonMain/generated/_Arrays.kt:1029
-	fun	first	-	0	public fun <T> Array<out T>.first(): T {	commonMain/generated/_Arrays.kt:1038
-	fun	first	ByteArray	0	public fun ByteArray.first(): Byte {	commonMain/generated/_Arrays.kt:1049
-	fun	first	ShortArray	0	public fun ShortArray.first(): Short {	commonMain/generated/_Arrays.kt:1060
-	fun	first	IntArray	0	public fun IntArray.first(): Int {	commonMain/generated/_Arrays.kt:1071
-	fun	first	LongArray	0	public fun LongArray.first(): Long {	commonMain/generated/_Arrays.kt:1082
-	fun	first	FloatArray	0	public fun FloatArray.first(): Float {	commonMain/generated/_Arrays.kt:1093
-	fun	first	DoubleArray	0	public fun DoubleArray.first(): Double {	commonMain/generated/_Arrays.kt:1104
-	fun	first	BooleanArray	0	public fun BooleanArray.first(): Boolean {	commonMain/generated/_Arrays.kt:1115
-	fun	first	CharArray	0	public fun CharArray.first(): Char {	commonMain/generated/_Arrays.kt:1126
-	fun	first	-	0	public inline fun <T> Array<out T>.first(predicate: (T) -> Boolean): T {	commonMain/generated/_Arrays.kt:1136
-	fun	first	ByteArray	0	public inline fun ByteArray.first(predicate: (Byte) -> Boolean): Byte {	commonMain/generated/_Arrays.kt:1145
-	fun	first	ShortArray	0	public inline fun ShortArray.first(predicate: (Short) -> Boolean): Short {	commonMain/generated/_Arrays.kt:1154
-	fun	first	IntArray	0	public inline fun IntArray.first(predicate: (Int) -> Boolean): Int {	commonMain/generated/_Arrays.kt:1163
-	fun	first	LongArray	0	public inline fun LongArray.first(predicate: (Long) -> Boolean): Long {	commonMain/generated/_Arrays.kt:1172
-	fun	first	FloatArray	0	public inline fun FloatArray.first(predicate: (Float) -> Boolean): Float {	commonMain/generated/_Arrays.kt:1181
-	fun	first	DoubleArray	0	public inline fun DoubleArray.first(predicate: (Double) -> Boolean): Double {	commonMain/generated/_Arrays.kt:1190
-	fun	first	BooleanArray	0	public inline fun BooleanArray.first(predicate: (Boolean) -> Boolean): Boolean {	commonMain/generated/_Arrays.kt:1199
-	fun	first	CharArray	0	public inline fun CharArray.first(predicate: (Char) -> Boolean): Char {	commonMain/generated/_Arrays.kt:1208
1.5	fun	firstNotNullOf	-	1	public inline fun <T, R : Any> Array<out T>.firstNotNullOf(transform: (T) -> R?): R {	commonMain/generated/_Arrays.kt:1221
1.5	fun	firstNotNullOfOrNull	-	1	public inline fun <T, R : Any> Array<out T>.firstNotNullOfOrNull(transform: (T) -> R?): R? {	commonMain/generated/_Arrays.kt:1233
-	val	result	-	0	val result = transform(element)	commonMain/generated/_Arrays.kt:1235
-	fun	firstOrNull	-	0	public fun <T> Array<out T>.firstOrNull(): T? {	commonMain/generated/_Arrays.kt:1246
-	fun	firstOrNull	ByteArray	0	public fun ByteArray.firstOrNull(): Byte? {	commonMain/generated/_Arrays.kt:1253
-	fun	firstOrNull	ShortArray	0	public fun ShortArray.firstOrNull(): Short? {	commonMain/generated/_Arrays.kt:1260
-	fun	firstOrNull	IntArray	0	public fun IntArray.firstOrNull(): Int? {	commonMain/generated/_Arrays.kt:1267
-	fun	firstOrNull	LongArray	0	public fun LongArray.firstOrNull(): Long? {	commonMain/generated/_Arrays.kt:1274
-	fun	firstOrNull	FloatArray	0	public fun FloatArray.firstOrNull(): Float? {	commonMain/generated/_Arrays.kt:1281
-	fun	firstOrNull	DoubleArray	0	public fun DoubleArray.firstOrNull(): Double? {	commonMain/generated/_Arrays.kt:1288
-	fun	firstOrNull	BooleanArray	0	public fun BooleanArray.firstOrNull(): Boolean? {	commonMain/generated/_Arrays.kt:1295
-	fun	firstOrNull	CharArray	0	public fun CharArray.firstOrNull(): Char? {	commonMain/generated/_Arrays.kt:1302
-	fun	firstOrNull	-	0	public inline fun <T> Array<out T>.firstOrNull(predicate: (T) -> Boolean): T? {	commonMain/generated/_Arrays.kt:1309
-	fun	firstOrNull	ByteArray	0	public inline fun ByteArray.firstOrNull(predicate: (Byte) -> Boolean): Byte? {	commonMain/generated/_Arrays.kt:1317
-	fun	firstOrNull	ShortArray	0	public inline fun ShortArray.firstOrNull(predicate: (Short) -> Boolean): Short? {	commonMain/generated/_Arrays.kt:1325
-	fun	firstOrNull	IntArray	0	public inline fun IntArray.firstOrNull(predicate: (Int) -> Boolean): Int? {	commonMain/generated/_Arrays.kt:1333
-	fun	firstOrNull	LongArray	0	public inline fun LongArray.firstOrNull(predicate: (Long) -> Boolean): Long? {	commonMain/generated/_Arrays.kt:1341
-	fun	firstOrNull	FloatArray	0	public inline fun FloatArray.firstOrNull(predicate: (Float) -> Boolean): Float? {	commonMain/generated/_Arrays.kt:1349
-	fun	firstOrNull	DoubleArray	0	public inline fun DoubleArray.firstOrNull(predicate: (Double) -> Boolean): Double? {	commonMain/generated/_Arrays.kt:1357
-	fun	firstOrNull	BooleanArray	0	public inline fun BooleanArray.firstOrNull(predicate: (Boolean) -> Boolean): Boolean? {	commonMain/generated/_Arrays.kt:1365
-	fun	firstOrNull	CharArray	0	public inline fun CharArray.firstOrNull(predicate: (Char) -> Boolean): Char? {	commonMain/generated/_Arrays.kt:1373
-	fun	getOrElse	-	1	public inline fun <T> Array<out T>.getOrElse(index: Int, defaultValue: (Int) -> T): T {	commonMain/generated/_Arrays.kt:1382
-	fun	getOrElse	ByteArray	1	public inline fun ByteArray.getOrElse(index: Int, defaultValue: (Int) -> Byte): Byte {	commonMain/generated/_Arrays.kt:1393
-	fun	getOrElse	ShortArray	1	public inline fun ShortArray.getOrElse(index: Int, defaultValue: (Int) -> Short): Short {	commonMain/generated/_Arrays.kt:1404
-	fun	getOrElse	IntArray	1	public inline fun IntArray.getOrElse(index: Int, defaultValue: (Int) -> Int): Int {	commonMain/generated/_Arrays.kt:1415
-	fun	getOrElse	LongArray	1	public inline fun LongArray.getOrElse(index: Int, defaultValue: (Int) -> Long): Long {	commonMain/generated/_Arrays.kt:1426
-	fun	getOrElse	FloatArray	1	public inline fun FloatArray.getOrElse(index: Int, defaultValue: (Int) -> Float): Float {	commonMain/generated/_Arrays.kt:1437
-	fun	getOrElse	DoubleArray	1	public inline fun DoubleArray.getOrElse(index: Int, defaultValue: (Int) -> Double): Double {	commonMain/generated/_Arrays.kt:1448
-	fun	getOrElse	BooleanArray	1	public inline fun BooleanArray.getOrElse(index: Int, defaultValue: (Int) -> Boolean): Boolean {	commonMain/generated/_Arrays.kt:1459
-	fun	getOrElse	CharArray	1	public inline fun CharArray.getOrElse(index: Int, defaultValue: (Int) -> Char): Char {	commonMain/generated/_Arrays.kt:1470
-	fun	getOrNull	-	0	public fun <T> Array<out T>.getOrNull(index: Int): T? {	commonMain/generated/_Arrays.kt:1482
-	fun	getOrNull	ByteArray	0	public fun ByteArray.getOrNull(index: Int): Byte? {	commonMain/generated/_Arrays.kt:1491
-	fun	getOrNull	ShortArray	0	public fun ShortArray.getOrNull(index: Int): Short? {	commonMain/generated/_Arrays.kt:1500
-	fun	getOrNull	IntArray	0	public fun IntArray.getOrNull(index: Int): Int? {	commonMain/generated/_Arrays.kt:1509
-	fun	getOrNull	LongArray	0	public fun LongArray.getOrNull(index: Int): Long? {	commonMain/generated/_Arrays.kt:1518
-	fun	getOrNull	FloatArray	0	public fun FloatArray.getOrNull(index: Int): Float? {	commonMain/generated/_Arrays.kt:1527
-	fun	getOrNull	DoubleArray	0	public fun DoubleArray.getOrNull(index: Int): Double? {	commonMain/generated/_Arrays.kt:1536
-	fun	getOrNull	BooleanArray	0	public fun BooleanArray.getOrNull(index: Int): Boolean? {	commonMain/generated/_Arrays.kt:1545
-	fun	getOrNull	CharArray	0	public fun CharArray.getOrNull(index: Int): Char? {	commonMain/generated/_Arrays.kt:1554
-	fun	indexOf	-	0	public fun <@kotlin.internal.OnlyInputTypes T> Array<out T>.indexOf(element: T): Int {	commonMain/generated/_Arrays.kt:1561
-	fun	indexOf	ByteArray	0	public fun ByteArray.indexOf(element: Byte): Int {	commonMain/generated/_Arrays.kt:1581
-	fun	indexOf	ShortArray	0	public fun ShortArray.indexOf(element: Short): Int {	commonMain/generated/_Arrays.kt:1593
-	fun	indexOf	IntArray	0	public fun IntArray.indexOf(element: Int): Int {	commonMain/generated/_Arrays.kt:1605
-	fun	indexOf	LongArray	0	public fun LongArray.indexOf(element: Long): Int {	commonMain/generated/_Arrays.kt:1617
-	fun	indexOf	FloatArray	0	public fun FloatArray.indexOf(element: Float): Int {	commonMain/generated/_Arrays.kt:1631
-	fun	indexOf	DoubleArray	0	public fun DoubleArray.indexOf(element: Double): Int {	commonMain/generated/_Arrays.kt:1645
-	fun	indexOf	BooleanArray	0	public fun BooleanArray.indexOf(element: Boolean): Int {	commonMain/generated/_Arrays.kt:1657
-	fun	indexOf	CharArray	0	public fun CharArray.indexOf(element: Char): Int {	commonMain/generated/_Arrays.kt:1669
-	fun	indexOfFirst	-	0	public inline fun <T> Array<out T>.indexOfFirst(predicate: (T) -> Boolean): Int {	commonMain/generated/_Arrays.kt:1681
-	fun	indexOfFirst	ByteArray	0	public inline fun ByteArray.indexOfFirst(predicate: (Byte) -> Boolean): Int {	commonMain/generated/_Arrays.kt:1693
-	fun	indexOfFirst	ShortArray	0	public inline fun ShortArray.indexOfFirst(predicate: (Short) -> Boolean): Int {	commonMain/generated/_Arrays.kt:1705
-	fun	indexOfFirst	IntArray	0	public inline fun IntArray.indexOfFirst(predicate: (Int) -> Boolean): Int {	commonMain/generated/_Arrays.kt:1717
-	fun	indexOfFirst	LongArray	0	public inline fun LongArray.indexOfFirst(predicate: (Long) -> Boolean): Int {	commonMain/generated/_Arrays.kt:1729
-	fun	indexOfFirst	FloatArray	0	public inline fun FloatArray.indexOfFirst(predicate: (Float) -> Boolean): Int {	commonMain/generated/_Arrays.kt:1741
-	fun	indexOfFirst	DoubleArray	0	public inline fun DoubleArray.indexOfFirst(predicate: (Double) -> Boolean): Int {	commonMain/generated/_Arrays.kt:1753
-	fun	indexOfFirst	BooleanArray	0	public inline fun BooleanArray.indexOfFirst(predicate: (Boolean) -> Boolean): Int {	commonMain/generated/_Arrays.kt:1765
-	fun	indexOfFirst	CharArray	0	public inline fun CharArray.indexOfFirst(predicate: (Char) -> Boolean): Int {	commonMain/generated/_Arrays.kt:1777
-	fun	indexOfLast	-	0	public inline fun <T> Array<out T>.indexOfLast(predicate: (T) -> Boolean): Int {	commonMain/generated/_Arrays.kt:1789
-	fun	indexOfLast	ByteArray	0	public inline fun ByteArray.indexOfLast(predicate: (Byte) -> Boolean): Int {	commonMain/generated/_Arrays.kt:1801
-	fun	indexOfLast	ShortArray	0	public inline fun ShortArray.indexOfLast(predicate: (Short) -> Boolean): Int {	commonMain/generated/_Arrays.kt:1813
-	fun	indexOfLast	IntArray	0	public inline fun IntArray.indexOfLast(predicate: (Int) -> Boolean): Int {	commonMain/generated/_Arrays.kt:1825
-	fun	indexOfLast	LongArray	0	public inline fun LongArray.indexOfLast(predicate: (Long) -> Boolean): Int {	commonMain/generated/_Arrays.kt:1837
-	fun	indexOfLast	FloatArray	0	public inline fun FloatArray.indexOfLast(predicate: (Float) -> Boolean): Int {	commonMain/generated/_Arrays.kt:1849
-	fun	indexOfLast	DoubleArray	0	public inline fun DoubleArray.indexOfLast(predicate: (Double) -> Boolean): Int {	commonMain/generated/_Arrays.kt:1861
-	fun	indexOfLast	BooleanArray	0	public inline fun BooleanArray.indexOfLast(predicate: (Boolean) -> Boolean): Int {	commonMain/generated/_Arrays.kt:1873
-	fun	indexOfLast	CharArray	0	public inline fun CharArray.indexOfLast(predicate: (Char) -> Boolean): Int {	commonMain/generated/_Arrays.kt:1885
-	fun	last	-	0	public fun <T> Array<out T>.last(): T {	commonMain/generated/_Arrays.kt:1901
-	fun	last	ByteArray	0	public fun ByteArray.last(): Byte {	commonMain/generated/_Arrays.kt:1914
-	fun	last	ShortArray	0	public fun ShortArray.last(): Short {	commonMain/generated/_Arrays.kt:1927
-	fun	last	IntArray	0	public fun IntArray.last(): Int {	commonMain/generated/_Arrays.kt:1940
-	fun	last	LongArray	0	public fun LongArray.last(): Long {	commonMain/generated/_Arrays.kt:1953
-	fun	last	FloatArray	0	public fun FloatArray.last(): Float {	commonMain/generated/_Arrays.kt:1966
-	fun	last	DoubleArray	0	public fun DoubleArray.last(): Double {	commonMain/generated/_Arrays.kt:1979
-	fun	last	BooleanArray	0	public fun BooleanArray.last(): Boolean {	commonMain/generated/_Arrays.kt:1992
-	fun	last	CharArray	0	public fun CharArray.last(): Char {	commonMain/generated/_Arrays.kt:2005
-	fun	last	-	0	public inline fun <T> Array<out T>.last(predicate: (T) -> Boolean): T {	commonMain/generated/_Arrays.kt:2018
-	val	element	-	0	val element = this[index]	commonMain/generated/_Arrays.kt:2020
-	fun	last	ByteArray	0	public inline fun ByteArray.last(predicate: (Byte) -> Boolean): Byte {	commonMain/generated/_Arrays.kt:2033
-	val	element	-	0	val element = this[index]	commonMain/generated/_Arrays.kt:2035
-	fun	last	ShortArray	0	public inline fun ShortArray.last(predicate: (Short) -> Boolean): Short {	commonMain/generated/_Arrays.kt:2048
-	val	element	-	0	val element = this[index]	commonMain/generated/_Arrays.kt:2050
-	fun	last	IntArray	0	public inline fun IntArray.last(predicate: (Int) -> Boolean): Int {	commonMain/generated/_Arrays.kt:2063
-	val	element	-	0	val element = this[index]	commonMain/generated/_Arrays.kt:2065
-	fun	last	LongArray	0	public inline fun LongArray.last(predicate: (Long) -> Boolean): Long {	commonMain/generated/_Arrays.kt:2078
-	val	element	-	0	val element = this[index]	commonMain/generated/_Arrays.kt:2080
-	fun	last	FloatArray	0	public inline fun FloatArray.last(predicate: (Float) -> Boolean): Float {	commonMain/generated/_Arrays.kt:2093
-	val	element	-	0	val element = this[index]	commonMain/generated/_Arrays.kt:2095
-	fun	last	DoubleArray	0	public inline fun DoubleArray.last(predicate: (Double) -> Boolean): Double {	commonMain/generated/_Arrays.kt:2108
-	val	element	-	0	val element = this[index]	commonMain/generated/_Arrays.kt:2110
-	fun	last	BooleanArray	0	public inline fun BooleanArray.last(predicate: (Boolean) -> Boolean): Boolean {	commonMain/generated/_Arrays.kt:2123
-	val	element	-	0	val element = this[index]	commonMain/generated/_Arrays.kt:2125
-	fun	last	CharArray	0	public inline fun CharArray.last(predicate: (Char) -> Boolean): Char {	commonMain/generated/_Arrays.kt:2138
-	val	element	-	0	val element = this[index]	commonMain/generated/_Arrays.kt:2140
-	fun	lastIndexOf	-	0	public fun <@kotlin.internal.OnlyInputTypes T> Array<out T>.lastIndexOf(element: T): Int {	commonMain/generated/_Arrays.kt:2149
-	fun	lastIndexOf	ByteArray	0	public fun ByteArray.lastIndexOf(element: Byte): Int {	commonMain/generated/_Arrays.kt:2169
-	fun	lastIndexOf	ShortArray	0	public fun ShortArray.lastIndexOf(element: Short): Int {	commonMain/generated/_Arrays.kt:2181
-	fun	lastIndexOf	IntArray	0	public fun IntArray.lastIndexOf(element: Int): Int {	commonMain/generated/_Arrays.kt:2193
-	fun	lastIndexOf	LongArray	0	public fun LongArray.lastIndexOf(element: Long): Int {	commonMain/generated/_Arrays.kt:2205
-	fun	lastIndexOf	FloatArray	0	public fun FloatArray.lastIndexOf(element: Float): Int {	commonMain/generated/_Arrays.kt:2219
-	fun	lastIndexOf	DoubleArray	0	public fun DoubleArray.lastIndexOf(element: Double): Int {	commonMain/generated/_Arrays.kt:2233
-	fun	lastIndexOf	BooleanArray	0	public fun BooleanArray.lastIndexOf(element: Boolean): Int {	commonMain/generated/_Arrays.kt:2245
-	fun	lastIndexOf	CharArray	0	public fun CharArray.lastIndexOf(element: Char): Int {	commonMain/generated/_Arrays.kt:2257
-	fun	lastOrNull	-	0	public fun <T> Array<out T>.lastOrNull(): T? {	commonMain/generated/_Arrays.kt:2271
-	fun	lastOrNull	ByteArray	0	public fun ByteArray.lastOrNull(): Byte? {	commonMain/generated/_Arrays.kt:2280
-	fun	lastOrNull	ShortArray	0	public fun ShortArray.lastOrNull(): Short? {	commonMain/generated/_Arrays.kt:2289
-	fun	lastOrNull	IntArray	0	public fun IntArray.lastOrNull(): Int? {	commonMain/generated/_Arrays.kt:2298
-	fun	lastOrNull	LongArray	0	public fun LongArray.lastOrNull(): Long? {	commonMain/generated/_Arrays.kt:2307
-	fun	lastOrNull	FloatArray	0	public fun FloatArray.lastOrNull(): Float? {	commonMain/generated/_Arrays.kt:2316
-	fun	lastOrNull	DoubleArray	0	public fun DoubleArray.lastOrNull(): Double? {	commonMain/generated/_Arrays.kt:2325
-	fun	lastOrNull	BooleanArray	0	public fun BooleanArray.lastOrNull(): Boolean? {	commonMain/generated/_Arrays.kt:2334
-	fun	lastOrNull	CharArray	0	public fun CharArray.lastOrNull(): Char? {	commonMain/generated/_Arrays.kt:2343
-	fun	lastOrNull	-	0	public inline fun <T> Array<out T>.lastOrNull(predicate: (T) -> Boolean): T? {	commonMain/generated/_Arrays.kt:2352
-	val	element	-	0	val element = this[index]	commonMain/generated/_Arrays.kt:2354
-	fun	lastOrNull	ByteArray	0	public inline fun ByteArray.lastOrNull(predicate: (Byte) -> Boolean): Byte? {	commonMain/generated/_Arrays.kt:2365
-	val	element	-	0	val element = this[index]	commonMain/generated/_Arrays.kt:2367
-	fun	lastOrNull	ShortArray	0	public inline fun ShortArray.lastOrNull(predicate: (Short) -> Boolean): Short? {	commonMain/generated/_Arrays.kt:2378
-	val	element	-	0	val element = this[index]	commonMain/generated/_Arrays.kt:2380
-	fun	lastOrNull	IntArray	0	public inline fun IntArray.lastOrNull(predicate: (Int) -> Boolean): Int? {	commonMain/generated/_Arrays.kt:2391
-	val	element	-	0	val element = this[index]	commonMain/generated/_Arrays.kt:2393
-	fun	lastOrNull	LongArray	0	public inline fun LongArray.lastOrNull(predicate: (Long) -> Boolean): Long? {	commonMain/generated/_Arrays.kt:2404
-	val	element	-	0	val element = this[index]	commonMain/generated/_Arrays.kt:2406
-	fun	lastOrNull	FloatArray	0	public inline fun FloatArray.lastOrNull(predicate: (Float) -> Boolean): Float? {	commonMain/generated/_Arrays.kt:2417
-	val	element	-	0	val element = this[index]	commonMain/generated/_Arrays.kt:2419
-	fun	lastOrNull	DoubleArray	0	public inline fun DoubleArray.lastOrNull(predicate: (Double) -> Boolean): Double? {	commonMain/generated/_Arrays.kt:2430
-	val	element	-	0	val element = this[index]	commonMain/generated/_Arrays.kt:2432
-	fun	lastOrNull	BooleanArray	0	public inline fun BooleanArray.lastOrNull(predicate: (Boolean) -> Boolean): Boolean? {	commonMain/generated/_Arrays.kt:2443
-	val	element	-	0	val element = this[index]	commonMain/generated/_Arrays.kt:2445
-	fun	lastOrNull	CharArray	0	public inline fun CharArray.lastOrNull(predicate: (Char) -> Boolean): Char? {	commonMain/generated/_Arrays.kt:2456
-	val	element	-	0	val element = this[index]	commonMain/generated/_Arrays.kt:2458
1.3	fun	random	-	0	public inline fun <T> Array<out T>.random(): T {	commonMain/generated/_Arrays.kt:2471
1.3	fun	random	ByteArray	0	public inline fun ByteArray.random(): Byte {	commonMain/generated/_Arrays.kt:2482
1.3	fun	random	ShortArray	0	public inline fun ShortArray.random(): Short {	commonMain/generated/_Arrays.kt:2493
1.3	fun	random	IntArray	0	public inline fun IntArray.random(): Int {	commonMain/generated/_Arrays.kt:2504
1.3	fun	random	LongArray	0	public inline fun LongArray.random(): Long {	commonMain/generated/_Arrays.kt:2515
1.3	fun	random	FloatArray	0	public inline fun FloatArray.random(): Float {	commonMain/generated/_Arrays.kt:2526
1.3	fun	random	DoubleArray	0	public inline fun DoubleArray.random(): Double {	commonMain/generated/_Arrays.kt:2537
1.3	fun	random	BooleanArray	0	public inline fun BooleanArray.random(): Boolean {	commonMain/generated/_Arrays.kt:2548
1.3	fun	random	CharArray	0	public inline fun CharArray.random(): Char {	commonMain/generated/_Arrays.kt:2559
1.3	fun	random	-	0	public fun <T> Array<out T>.random(random: Random): T {	commonMain/generated/_Arrays.kt:2569
1.3	fun	random	ByteArray	0	public fun ByteArray.random(random: Random): Byte {	commonMain/generated/_Arrays.kt:2581
1.3	fun	random	ShortArray	0	public fun ShortArray.random(random: Random): Short {	commonMain/generated/_Arrays.kt:2593
1.3	fun	random	IntArray	0	public fun IntArray.random(random: Random): Int {	commonMain/generated/_Arrays.kt:2605
1.3	fun	random	LongArray	0	public fun LongArray.random(random: Random): Long {	commonMain/generated/_Arrays.kt:2617
1.3	fun	random	FloatArray	0	public fun FloatArray.random(random: Random): Float {	commonMain/generated/_Arrays.kt:2629
1.3	fun	random	DoubleArray	0	public fun DoubleArray.random(random: Random): Double {	commonMain/generated/_Arrays.kt:2641
1.3	fun	random	BooleanArray	0	public fun BooleanArray.random(random: Random): Boolean {	commonMain/generated/_Arrays.kt:2653
1.3	fun	random	CharArray	0	public fun CharArray.random(random: Random): Char {	commonMain/generated/_Arrays.kt:2665
1.4	fun	randomOrNull	-	0	public inline fun <T> Array<out T>.randomOrNull(): T? {	commonMain/generated/_Arrays.kt:2676
1.4	fun	randomOrNull	ByteArray	0	public inline fun ByteArray.randomOrNull(): Byte? {	commonMain/generated/_Arrays.kt:2685
1.4	fun	randomOrNull	ShortArray	0	public inline fun ShortArray.randomOrNull(): Short? {	commonMain/generated/_Arrays.kt:2694
1.4	fun	randomOrNull	IntArray	0	public inline fun IntArray.randomOrNull(): Int? {	commonMain/generated/_Arrays.kt:2703
1.4	fun	randomOrNull	LongArray	0	public inline fun LongArray.randomOrNull(): Long? {	commonMain/generated/_Arrays.kt:2712
1.4	fun	randomOrNull	FloatArray	0	public inline fun FloatArray.randomOrNull(): Float? {	commonMain/generated/_Arrays.kt:2721
1.4	fun	randomOrNull	DoubleArray	0	public inline fun DoubleArray.randomOrNull(): Double? {	commonMain/generated/_Arrays.kt:2730
1.4	fun	randomOrNull	BooleanArray	0	public inline fun BooleanArray.randomOrNull(): Boolean? {	commonMain/generated/_Arrays.kt:2739
1.4	fun	randomOrNull	CharArray	0	public inline fun CharArray.randomOrNull(): Char? {	commonMain/generated/_Arrays.kt:2748
1.4	fun	randomOrNull	-	0	public fun <T> Array<out T>.randomOrNull(random: Random): T? {	commonMain/generated/_Arrays.kt:2756
1.4	fun	randomOrNull	ByteArray	0	public fun ByteArray.randomOrNull(random: Random): Byte? {	commonMain/generated/_Arrays.kt:2766
1.4	fun	randomOrNull	ShortArray	0	public fun ShortArray.randomOrNull(random: Random): Short? {	commonMain/generated/_Arrays.kt:2776
1.4	fun	randomOrNull	IntArray	0	public fun IntArray.randomOrNull(random: Random): Int? {	commonMain/generated/_Arrays.kt:2786
1.4	fun	randomOrNull	LongArray	0	public fun LongArray.randomOrNull(random: Random): Long? {	commonMain/generated/_Arrays.kt:2796
1.4	fun	randomOrNull	FloatArray	0	public fun FloatArray.randomOrNull(random: Random): Float? {	commonMain/generated/_Arrays.kt:2806
1.4	fun	randomOrNull	DoubleArray	0	public fun DoubleArray.randomOrNull(random: Random): Double? {	commonMain/generated/_Arrays.kt:2816
1.4	fun	randomOrNull	BooleanArray	0	public fun BooleanArray.randomOrNull(random: Random): Boolean? {	commonMain/generated/_Arrays.kt:2826
1.4	fun	randomOrNull	CharArray	0	public fun CharArray.randomOrNull(random: Random): Char? {	commonMain/generated/_Arrays.kt:2836
-	fun	single	-	0	public fun <T> Array<out T>.single(): T {	commonMain/generated/_Arrays.kt:2845
-	fun	single	ByteArray	0	public fun ByteArray.single(): Byte {	commonMain/generated/_Arrays.kt:2856
-	fun	single	ShortArray	0	public fun ShortArray.single(): Short {	commonMain/generated/_Arrays.kt:2867
-	fun	single	IntArray	0	public fun IntArray.single(): Int {	commonMain/generated/_Arrays.kt:2878
-	fun	single	LongArray	0	public fun LongArray.single(): Long {	commonMain/generated/_Arrays.kt:2889
-	fun	single	FloatArray	0	public fun FloatArray.single(): Float {	commonMain/generated/_Arrays.kt:2900
-	fun	single	DoubleArray	0	public fun DoubleArray.single(): Double {	commonMain/generated/_Arrays.kt:2911
-	fun	single	BooleanArray	0	public fun BooleanArray.single(): Boolean {	commonMain/generated/_Arrays.kt:2922
-	fun	single	CharArray	0	public fun CharArray.single(): Char {	commonMain/generated/_Arrays.kt:2933
-	fun	single	-	0	public inline fun <T> Array<out T>.single(predicate: (T) -> Boolean): T {	commonMain/generated/_Arrays.kt:2944
-	var	T	-	0	var single: T? = null	commonMain/generated/_Arrays.kt:2945
-	var	found	-	0	var found = false	commonMain/generated/_Arrays.kt:2946
-	fun	single	ByteArray	0	public inline fun ByteArray.single(predicate: (Byte) -> Boolean): Byte {	commonMain/generated/_Arrays.kt:2962
-	var	Byte	-	0	var single: Byte? = null	commonMain/generated/_Arrays.kt:2963
-	var	found	-	0	var found = false	commonMain/generated/_Arrays.kt:2964
-	fun	single	ShortArray	0	public inline fun ShortArray.single(predicate: (Short) -> Boolean): Short {	commonMain/generated/_Arrays.kt:2980
-	var	Short	-	0	var single: Short? = null	commonMain/generated/_Arrays.kt:2981
-	var	found	-	0	var found = false	commonMain/generated/_Arrays.kt:2982
-	fun	single	IntArray	0	public inline fun IntArray.single(predicate: (Int) -> Boolean): Int {	commonMain/generated/_Arrays.kt:2998
-	var	Int	-	0	var single: Int? = null	commonMain/generated/_Arrays.kt:2999
-	var	found	-	0	var found = false	commonMain/generated/_Arrays.kt:3000
-	fun	single	LongArray	0	public inline fun LongArray.single(predicate: (Long) -> Boolean): Long {	commonMain/generated/_Arrays.kt:3016
-	var	Long	-	0	var single: Long? = null	commonMain/generated/_Arrays.kt:3017
-	var	found	-	0	var found = false	commonMain/generated/_Arrays.kt:3018
-	fun	single	FloatArray	0	public inline fun FloatArray.single(predicate: (Float) -> Boolean): Float {	commonMain/generated/_Arrays.kt:3034
-	var	Float	-	0	var single: Float? = null	commonMain/generated/_Arrays.kt:3035
-	var	found	-	0	var found = false	commonMain/generated/_Arrays.kt:3036
-	fun	single	DoubleArray	0	public inline fun DoubleArray.single(predicate: (Double) -> Boolean): Double {	commonMain/generated/_Arrays.kt:3052
-	var	Double	-	0	var single: Double? = null	commonMain/generated/_Arrays.kt:3053
-	var	found	-	0	var found = false	commonMain/generated/_Arrays.kt:3054
-	fun	single	BooleanArray	0	public inline fun BooleanArray.single(predicate: (Boolean) -> Boolean): Boolean {	commonMain/generated/_Arrays.kt:3070
-	var	Boolean	-	0	var single: Boolean? = null	commonMain/generated/_Arrays.kt:3071
-	var	found	-	0	var found = false	commonMain/generated/_Arrays.kt:3072
-	fun	single	CharArray	0	public inline fun CharArray.single(predicate: (Char) -> Boolean): Char {	commonMain/generated/_Arrays.kt:3088
-	var	Char	-	0	var single: Char? = null	commonMain/generated/_Arrays.kt:3089
-	var	found	-	0	var found = false	commonMain/generated/_Arrays.kt:3090
-	fun	singleOrNull	-	0	public fun <T> Array<out T>.singleOrNull(): T? {	commonMain/generated/_Arrays.kt:3106
-	fun	singleOrNull	ByteArray	0	public fun ByteArray.singleOrNull(): Byte? {	commonMain/generated/_Arrays.kt:3113
-	fun	singleOrNull	ShortArray	0	public fun ShortArray.singleOrNull(): Short? {	commonMain/generated/_Arrays.kt:3120
-	fun	singleOrNull	IntArray	0	public fun IntArray.singleOrNull(): Int? {	commonMain/generated/_Arrays.kt:3127
-	fun	singleOrNull	LongArray	0	public fun LongArray.singleOrNull(): Long? {	commonMain/generated/_Arrays.kt:3134
-	fun	singleOrNull	FloatArray	0	public fun FloatArray.singleOrNull(): Float? {	commonMain/generated/_Arrays.kt:3141
-	fun	singleOrNull	DoubleArray	0	public fun DoubleArray.singleOrNull(): Double? {	commonMain/generated/_Arrays.kt:3148
-	fun	singleOrNull	BooleanArray	0	public fun BooleanArray.singleOrNull(): Boolean? {	commonMain/generated/_Arrays.kt:3155
-	fun	singleOrNull	CharArray	0	public fun CharArray.singleOrNull(): Char? {	commonMain/generated/_Arrays.kt:3162
-	fun	singleOrNull	-	0	public inline fun <T> Array<out T>.singleOrNull(predicate: (T) -> Boolean): T? {	commonMain/generated/_Arrays.kt:3169
-	var	T	-	0	var single: T? = null	commonMain/generated/_Arrays.kt:3170
-	var	found	-	0	var found = false	commonMain/generated/_Arrays.kt:3171
-	fun	singleOrNull	ByteArray	0	public inline fun ByteArray.singleOrNull(predicate: (Byte) -> Boolean): Byte? {	commonMain/generated/_Arrays.kt:3186
-	var	Byte	-	0	var single: Byte? = null	commonMain/generated/_Arrays.kt:3187
-	var	found	-	0	var found = false	commonMain/generated/_Arrays.kt:3188
-	fun	singleOrNull	ShortArray	0	public inline fun ShortArray.singleOrNull(predicate: (Short) -> Boolean): Short? {	commonMain/generated/_Arrays.kt:3203
-	var	Short	-	0	var single: Short? = null	commonMain/generated/_Arrays.kt:3204
-	var	found	-	0	var found = false	commonMain/generated/_Arrays.kt:3205
-	fun	singleOrNull	IntArray	0	public inline fun IntArray.singleOrNull(predicate: (Int) -> Boolean): Int? {	commonMain/generated/_Arrays.kt:3220
-	var	Int	-	0	var single: Int? = null	commonMain/generated/_Arrays.kt:3221
-	var	found	-	0	var found = false	commonMain/generated/_Arrays.kt:3222
-	fun	singleOrNull	LongArray	0	public inline fun LongArray.singleOrNull(predicate: (Long) -> Boolean): Long? {	commonMain/generated/_Arrays.kt:3237
-	var	Long	-	0	var single: Long? = null	commonMain/generated/_Arrays.kt:3238
-	var	found	-	0	var found = false	commonMain/generated/_Arrays.kt:3239
-	fun	singleOrNull	FloatArray	0	public inline fun FloatArray.singleOrNull(predicate: (Float) -> Boolean): Float? {	commonMain/generated/_Arrays.kt:3254
-	var	Float	-	0	var single: Float? = null	commonMain/generated/_Arrays.kt:3255
-	var	found	-	0	var found = false	commonMain/generated/_Arrays.kt:3256
-	fun	singleOrNull	DoubleArray	0	public inline fun DoubleArray.singleOrNull(predicate: (Double) -> Boolean): Double? {	commonMain/generated/_Arrays.kt:3271
-	var	Double	-	0	var single: Double? = null	commonMain/generated/_Arrays.kt:3272
-	var	found	-	0	var found = false	commonMain/generated/_Arrays.kt:3273
-	fun	singleOrNull	BooleanArray	0	public inline fun BooleanArray.singleOrNull(predicate: (Boolean) -> Boolean): Boolean? {	commonMain/generated/_Arrays.kt:3288
-	var	Boolean	-	0	var single: Boolean? = null	commonMain/generated/_Arrays.kt:3289
-	var	found	-	0	var found = false	commonMain/generated/_Arrays.kt:3290
-	fun	singleOrNull	CharArray	0	public inline fun CharArray.singleOrNull(predicate: (Char) -> Boolean): Char? {	commonMain/generated/_Arrays.kt:3305
-	var	Char	-	0	var single: Char? = null	commonMain/generated/_Arrays.kt:3306
-	var	found	-	0	var found = false	commonMain/generated/_Arrays.kt:3307
-	fun	drop	-	0	public fun <T> Array<out T>.drop(n: Int): List<T> {	commonMain/generated/_Arrays.kt:3326
-	fun	drop	ByteArray	0	public fun ByteArray.drop(n: Int): List<Byte> {	commonMain/generated/_Arrays.kt:3338
-	fun	drop	ShortArray	0	public fun ShortArray.drop(n: Int): List<Short> {	commonMain/generated/_Arrays.kt:3350
-	fun	drop	IntArray	0	public fun IntArray.drop(n: Int): List<Int> {	commonMain/generated/_Arrays.kt:3362
-	fun	drop	LongArray	0	public fun LongArray.drop(n: Int): List<Long> {	commonMain/generated/_Arrays.kt:3374
-	fun	drop	FloatArray	0	public fun FloatArray.drop(n: Int): List<Float> {	commonMain/generated/_Arrays.kt:3386
-	fun	drop	DoubleArray	0	public fun DoubleArray.drop(n: Int): List<Double> {	commonMain/generated/_Arrays.kt:3398
-	fun	drop	BooleanArray	0	public fun BooleanArray.drop(n: Int): List<Boolean> {	commonMain/generated/_Arrays.kt:3410
-	fun	drop	CharArray	0	public fun CharArray.drop(n: Int): List<Char> {	commonMain/generated/_Arrays.kt:3422
-	fun	dropLast	-	0	public fun <T> Array<out T>.dropLast(n: Int): List<T> {	commonMain/generated/_Arrays.kt:3434
-	fun	dropLast	ByteArray	0	public fun ByteArray.dropLast(n: Int): List<Byte> {	commonMain/generated/_Arrays.kt:3446
-	fun	dropLast	ShortArray	0	public fun ShortArray.dropLast(n: Int): List<Short> {	commonMain/generated/_Arrays.kt:3458
-	fun	dropLast	IntArray	0	public fun IntArray.dropLast(n: Int): List<Int> {	commonMain/generated/_Arrays.kt:3470
-	fun	dropLast	LongArray	0	public fun LongArray.dropLast(n: Int): List<Long> {	commonMain/generated/_Arrays.kt:3482
-	fun	dropLast	FloatArray	0	public fun FloatArray.dropLast(n: Int): List<Float> {	commonMain/generated/_Arrays.kt:3494
-	fun	dropLast	DoubleArray	0	public fun DoubleArray.dropLast(n: Int): List<Double> {	commonMain/generated/_Arrays.kt:3506
-	fun	dropLast	BooleanArray	0	public fun BooleanArray.dropLast(n: Int): List<Boolean> {	commonMain/generated/_Arrays.kt:3518
-	fun	dropLast	CharArray	0	public fun CharArray.dropLast(n: Int): List<Char> {	commonMain/generated/_Arrays.kt:3530
-	fun	dropLastWhile	-	0	public inline fun <T> Array<out T>.dropLastWhile(predicate: (T) -> Boolean): List<T> {	commonMain/generated/_Arrays.kt:3540
-	fun	dropLastWhile	ByteArray	0	public inline fun ByteArray.dropLastWhile(predicate: (Byte) -> Boolean): List<Byte> {	commonMain/generated/_Arrays.kt:3554
-	fun	dropLastWhile	ShortArray	0	public inline fun ShortArray.dropLastWhile(predicate: (Short) -> Boolean): List<Short> {	commonMain/generated/_Arrays.kt:3568
-	fun	dropLastWhile	IntArray	0	public inline fun IntArray.dropLastWhile(predicate: (Int) -> Boolean): List<Int> {	commonMain/generated/_Arrays.kt:3582
-	fun	dropLastWhile	LongArray	0	public inline fun LongArray.dropLastWhile(predicate: (Long) -> Boolean): List<Long> {	commonMain/generated/_Arrays.kt:3596
-	fun	dropLastWhile	FloatArray	0	public inline fun FloatArray.dropLastWhile(predicate: (Float) -> Boolean): List<Float> {	commonMain/generated/_Arrays.kt:3610
-	fun	dropLastWhile	DoubleArray	0	public inline fun DoubleArray.dropLastWhile(predicate: (Double) -> Boolean): List<Double> {	commonMain/generated/_Arrays.kt:3624
-	fun	dropLastWhile	BooleanArray	0	public inline fun BooleanArray.dropLastWhile(predicate: (Boolean) -> Boolean): List<Boolean> {	commonMain/generated/_Arrays.kt:3638
-	fun	dropLastWhile	CharArray	0	public inline fun CharArray.dropLastWhile(predicate: (Char) -> Boolean): List<Char> {	commonMain/generated/_Arrays.kt:3652
-	fun	dropWhile	-	0	public inline fun <T> Array<out T>.dropWhile(predicate: (T) -> Boolean): List<T> {	commonMain/generated/_Arrays.kt:3666
-	var	yielding	-	0	var yielding = false	commonMain/generated/_Arrays.kt:3667
-	val	list	-	0	val list = ArrayList<T>()	commonMain/generated/_Arrays.kt:3668
-	fun	dropWhile	ByteArray	0	public inline fun ByteArray.dropWhile(predicate: (Byte) -> Boolean): List<Byte> {	commonMain/generated/_Arrays.kt:3684
-	var	yielding	-	0	var yielding = false	commonMain/generated/_Arrays.kt:3685
-	val	list	-	0	val list = ArrayList<Byte>()	commonMain/generated/_Arrays.kt:3686
-	fun	dropWhile	ShortArray	0	public inline fun ShortArray.dropWhile(predicate: (Short) -> Boolean): List<Short> {	commonMain/generated/_Arrays.kt:3702
-	var	yielding	-	0	var yielding = false	commonMain/generated/_Arrays.kt:3703
-	val	list	-	0	val list = ArrayList<Short>()	commonMain/generated/_Arrays.kt:3704
-	fun	dropWhile	IntArray	0	public inline fun IntArray.dropWhile(predicate: (Int) -> Boolean): List<Int> {	commonMain/generated/_Arrays.kt:3720
-	var	yielding	-	0	var yielding = false	commonMain/generated/_Arrays.kt:3721
-	val	list	-	0	val list = ArrayList<Int>()	commonMain/generated/_Arrays.kt:3722
-	fun	dropWhile	LongArray	0	public inline fun LongArray.dropWhile(predicate: (Long) -> Boolean): List<Long> {	commonMain/generated/_Arrays.kt:3738
-	var	yielding	-	0	var yielding = false	commonMain/generated/_Arrays.kt:3739
-	val	list	-	0	val list = ArrayList<Long>()	commonMain/generated/_Arrays.kt:3740
-	fun	dropWhile	FloatArray	0	public inline fun FloatArray.dropWhile(predicate: (Float) -> Boolean): List<Float> {	commonMain/generated/_Arrays.kt:3756
-	var	yielding	-	0	var yielding = false	commonMain/generated/_Arrays.kt:3757
-	val	list	-	0	val list = ArrayList<Float>()	commonMain/generated/_Arrays.kt:3758
-	fun	dropWhile	DoubleArray	0	public inline fun DoubleArray.dropWhile(predicate: (Double) -> Boolean): List<Double> {	commonMain/generated/_Arrays.kt:3774
-	var	yielding	-	0	var yielding = false	commonMain/generated/_Arrays.kt:3775
-	val	list	-	0	val list = ArrayList<Double>()	commonMain/generated/_Arrays.kt:3776
-	fun	dropWhile	BooleanArray	0	public inline fun BooleanArray.dropWhile(predicate: (Boolean) -> Boolean): List<Boolean> {	commonMain/generated/_Arrays.kt:3792
-	var	yielding	-	0	var yielding = false	commonMain/generated/_Arrays.kt:3793
-	val	list	-	0	val list = ArrayList<Boolean>()	commonMain/generated/_Arrays.kt:3794
-	fun	dropWhile	CharArray	0	public inline fun CharArray.dropWhile(predicate: (Char) -> Boolean): List<Char> {	commonMain/generated/_Arrays.kt:3810
-	var	yielding	-	0	var yielding = false	commonMain/generated/_Arrays.kt:3811
-	val	list	-	0	val list = ArrayList<Char>()	commonMain/generated/_Arrays.kt:3812
-	fun	filter	-	0	public inline fun <T> Array<out T>.filter(predicate: (T) -> Boolean): List<T> {	commonMain/generated/_Arrays.kt:3828
-	fun	filter	ByteArray	0	public inline fun ByteArray.filter(predicate: (Byte) -> Boolean): List<Byte> {	commonMain/generated/_Arrays.kt:3837
-	fun	filter	ShortArray	0	public inline fun ShortArray.filter(predicate: (Short) -> Boolean): List<Short> {	commonMain/generated/_Arrays.kt:3846
-	fun	filter	IntArray	0	public inline fun IntArray.filter(predicate: (Int) -> Boolean): List<Int> {	commonMain/generated/_Arrays.kt:3855
-	fun	filter	LongArray	0	public inline fun LongArray.filter(predicate: (Long) -> Boolean): List<Long> {	commonMain/generated/_Arrays.kt:3864
-	fun	filter	FloatArray	0	public inline fun FloatArray.filter(predicate: (Float) -> Boolean): List<Float> {	commonMain/generated/_Arrays.kt:3873
-	fun	filter	DoubleArray	0	public inline fun DoubleArray.filter(predicate: (Double) -> Boolean): List<Double> {	commonMain/generated/_Arrays.kt:3882
-	fun	filter	BooleanArray	0	public inline fun BooleanArray.filter(predicate: (Boolean) -> Boolean): List<Boolean> {	commonMain/generated/_Arrays.kt:3891
-	fun	filter	CharArray	0	public inline fun CharArray.filter(predicate: (Char) -> Boolean): List<Char> {	commonMain/generated/_Arrays.kt:3900
-	fun	filterIndexed	-	1	public inline fun <T> Array<out T>.filterIndexed(predicate: (index: Int, T) -> Boolean): List<T> {	commonMain/generated/_Arrays.kt:3911
-	fun	filterIndexed	ByteArray	1	public inline fun ByteArray.filterIndexed(predicate: (index: Int, Byte) -> Boolean): List<Byte> {	commonMain/generated/_Arrays.kt:3922
-	fun	filterIndexed	ShortArray	1	public inline fun ShortArray.filterIndexed(predicate: (index: Int, Short) -> Boolean): List<Short> {	commonMain/generated/_Arrays.kt:3933
-	fun	filterIndexed	IntArray	1	public inline fun IntArray.filterIndexed(predicate: (index: Int, Int) -> Boolean): List<Int> {	commonMain/generated/_Arrays.kt:3944
-	fun	filterIndexed	LongArray	1	public inline fun LongArray.filterIndexed(predicate: (index: Int, Long) -> Boolean): List<Long> {	commonMain/generated/_Arrays.kt:3955
-	fun	filterIndexed	FloatArray	1	public inline fun FloatArray.filterIndexed(predicate: (index: Int, Float) -> Boolean): List<Float> {	commonMain/generated/_Arrays.kt:3966
-	fun	filterIndexed	DoubleArray	1	public inline fun DoubleArray.filterIndexed(predicate: (index: Int, Double) -> Boolean): List<Double> {	commonMain/generated/_Arrays.kt:3977
-	fun	filterIndexed	BooleanArray	1	public inline fun BooleanArray.filterIndexed(predicate: (index: Int, Boolean) -> Boolean): List<Boolean> {	commonMain/generated/_Arrays.kt:3988
-	fun	filterIndexed	CharArray	1	public inline fun CharArray.filterIndexed(predicate: (index: Int, Char) -> Boolean): List<Char> {	commonMain/generated/_Arrays.kt:3999
-	fun	filterIndexedTo	-	3	public inline fun <T, C : MutableCollection<in T>> Array<out T>.filterIndexedTo(destination: C, predicate: (index: Int, T) -> Boolean): C {	commonMain/generated/_Arrays.kt:4010
-	fun	filterIndexedTo	ByteArray	2	public inline fun <C : MutableCollection<in Byte>> ByteArray.filterIndexedTo(destination: C, predicate: (index: Int, Byte) -> Boolean): C {	commonMain/generated/_Arrays.kt:4024
-	fun	filterIndexedTo	ShortArray	2	public inline fun <C : MutableCollection<in Short>> ShortArray.filterIndexedTo(destination: C, predicate: (index: Int, Short) -> Boolean): C {	commonMain/generated/_Arrays.kt:4038
-	fun	filterIndexedTo	IntArray	2	public inline fun <C : MutableCollection<in Int>> IntArray.filterIndexedTo(destination: C, predicate: (index: Int, Int) -> Boolean): C {	commonMain/generated/_Arrays.kt:4052
-	fun	filterIndexedTo	LongArray	2	public inline fun <C : MutableCollection<in Long>> LongArray.filterIndexedTo(destination: C, predicate: (index: Int, Long) -> Boolean): C {	commonMain/generated/_Arrays.kt:4066
-	fun	filterIndexedTo	FloatArray	2	public inline fun <C : MutableCollection<in Float>> FloatArray.filterIndexedTo(destination: C, predicate: (index: Int, Float) -> Boolean): C {	commonMain/generated/_Arrays.kt:4080
-	fun	filterIndexedTo	DoubleArray	2	public inline fun <C : MutableCollection<in Double>> DoubleArray.filterIndexedTo(destination: C, predicate: (index: Int, Double) -> Boolean): C {	commonMain/generated/_Arrays.kt:4094
-	fun	filterIndexedTo	BooleanArray	2	public inline fun <C : MutableCollection<in Boolean>> BooleanArray.filterIndexedTo(destination: C, predicate: (index: Int, Boolean) -> Boolean): C {	commonMain/generated/_Arrays.kt:4108
-	fun	filterIndexedTo	CharArray	2	public inline fun <C : MutableCollection<in Char>> CharArray.filterIndexedTo(destination: C, predicate: (index: Int, Char) -> Boolean): C {	commonMain/generated/_Arrays.kt:4122
-	fun	filterIsInstance	-	0	public inline fun <reified R> Array<*>.filterIsInstance(): List<@kotlin.internal.NoInfer R> {	commonMain/generated/_Arrays.kt:4134
-	fun	filterIsInstanceTo	-	1	public inline fun <reified R, C : MutableCollection<in R>> Array<*>.filterIsInstanceTo(destination: C): C {	commonMain/generated/_Arrays.kt:4143
-	fun	filterNot	-	0	public inline fun <T> Array<out T>.filterNot(predicate: (T) -> Boolean): List<T> {	commonMain/generated/_Arrays.kt:4153
-	fun	filterNot	ByteArray	0	public inline fun ByteArray.filterNot(predicate: (Byte) -> Boolean): List<Byte> {	commonMain/generated/_Arrays.kt:4162
-	fun	filterNot	ShortArray	0	public inline fun ShortArray.filterNot(predicate: (Short) -> Boolean): List<Short> {	commonMain/generated/_Arrays.kt:4171
-	fun	filterNot	IntArray	0	public inline fun IntArray.filterNot(predicate: (Int) -> Boolean): List<Int> {	commonMain/generated/_Arrays.kt:4180
-	fun	filterNot	LongArray	0	public inline fun LongArray.filterNot(predicate: (Long) -> Boolean): List<Long> {	commonMain/generated/_Arrays.kt:4189
-	fun	filterNot	FloatArray	0	public inline fun FloatArray.filterNot(predicate: (Float) -> Boolean): List<Float> {	commonMain/generated/_Arrays.kt:4198
-	fun	filterNot	DoubleArray	0	public inline fun DoubleArray.filterNot(predicate: (Double) -> Boolean): List<Double> {	commonMain/generated/_Arrays.kt:4207
-	fun	filterNot	BooleanArray	0	public inline fun BooleanArray.filterNot(predicate: (Boolean) -> Boolean): List<Boolean> {	commonMain/generated/_Arrays.kt:4216
-	fun	filterNot	CharArray	0	public inline fun CharArray.filterNot(predicate: (Char) -> Boolean): List<Char> {	commonMain/generated/_Arrays.kt:4225
-	fun	filterNotNull	-	0	public fun <T : Any> Array<out T?>.filterNotNull(): List<T> {	commonMain/generated/_Arrays.kt:4234
-	fun	filterNotNullTo	-	1	public fun <C : MutableCollection<in T>, T : Any> Array<out T?>.filterNotNullTo(destination: C): C {	commonMain/generated/_Arrays.kt:4243
-	fun	filterNotTo	-	2	public inline fun <T, C : MutableCollection<in T>> Array<out T>.filterNotTo(destination: C, predicate: (T) -> Boolean): C {	commonMain/generated/_Arrays.kt:4253
-	fun	filterNotTo	ByteArray	1	public inline fun <C : MutableCollection<in Byte>> ByteArray.filterNotTo(destination: C, predicate: (Byte) -> Boolean): C {	commonMain/generated/_Arrays.kt:4263
-	fun	filterNotTo	ShortArray	1	public inline fun <C : MutableCollection<in Short>> ShortArray.filterNotTo(destination: C, predicate: (Short) -> Boolean): C {	commonMain/generated/_Arrays.kt:4273
-	fun	filterNotTo	IntArray	1	public inline fun <C : MutableCollection<in Int>> IntArray.filterNotTo(destination: C, predicate: (Int) -> Boolean): C {	commonMain/generated/_Arrays.kt:4283
-	fun	filterNotTo	LongArray	1	public inline fun <C : MutableCollection<in Long>> LongArray.filterNotTo(destination: C, predicate: (Long) -> Boolean): C {	commonMain/generated/_Arrays.kt:4293
-	fun	filterNotTo	FloatArray	1	public inline fun <C : MutableCollection<in Float>> FloatArray.filterNotTo(destination: C, predicate: (Float) -> Boolean): C {	commonMain/generated/_Arrays.kt:4303
-	fun	filterNotTo	DoubleArray	1	public inline fun <C : MutableCollection<in Double>> DoubleArray.filterNotTo(destination: C, predicate: (Double) -> Boolean): C {	commonMain/generated/_Arrays.kt:4313
-	fun	filterNotTo	BooleanArray	1	public inline fun <C : MutableCollection<in Boolean>> BooleanArray.filterNotTo(destination: C, predicate: (Boolean) -> Boolean): C {	commonMain/generated/_Arrays.kt:4323
-	fun	filterNotTo	CharArray	1	public inline fun <C : MutableCollection<in Char>> CharArray.filterNotTo(destination: C, predicate: (Char) -> Boolean): C {	commonMain/generated/_Arrays.kt:4333
-	fun	filterTo	-	2	public inline fun <T, C : MutableCollection<in T>> Array<out T>.filterTo(destination: C, predicate: (T) -> Boolean): C {	commonMain/generated/_Arrays.kt:4343
-	fun	filterTo	ByteArray	1	public inline fun <C : MutableCollection<in Byte>> ByteArray.filterTo(destination: C, predicate: (Byte) -> Boolean): C {	commonMain/generated/_Arrays.kt:4353
-	fun	filterTo	ShortArray	1	public inline fun <C : MutableCollection<in Short>> ShortArray.filterTo(destination: C, predicate: (Short) -> Boolean): C {	commonMain/generated/_Arrays.kt:4363
-	fun	filterTo	IntArray	1	public inline fun <C : MutableCollection<in Int>> IntArray.filterTo(destination: C, predicate: (Int) -> Boolean): C {	commonMain/generated/_Arrays.kt:4373
-	fun	filterTo	LongArray	1	public inline fun <C : MutableCollection<in Long>> LongArray.filterTo(destination: C, predicate: (Long) -> Boolean): C {	commonMain/generated/_Arrays.kt:4383
-	fun	filterTo	FloatArray	1	public inline fun <C : MutableCollection<in Float>> FloatArray.filterTo(destination: C, predicate: (Float) -> Boolean): C {	commonMain/generated/_Arrays.kt:4393
-	fun	filterTo	DoubleArray	1	public inline fun <C : MutableCollection<in Double>> DoubleArray.filterTo(destination: C, predicate: (Double) -> Boolean): C {	commonMain/generated/_Arrays.kt:4403
-	fun	filterTo	BooleanArray	1	public inline fun <C : MutableCollection<in Boolean>> BooleanArray.filterTo(destination: C, predicate: (Boolean) -> Boolean): C {	commonMain/generated/_Arrays.kt:4413
-	fun	filterTo	CharArray	1	public inline fun <C : MutableCollection<in Char>> CharArray.filterTo(destination: C, predicate: (Char) -> Boolean): C {	commonMain/generated/_Arrays.kt:4423
-	fun	slice	-	0	public fun <T> Array<out T>.slice(indices: IntRange): List<T> {	commonMain/generated/_Arrays.kt:4431
-	fun	slice	ByteArray	0	public fun ByteArray.slice(indices: IntRange): List<Byte> {	commonMain/generated/_Arrays.kt:4439
-	fun	slice	ShortArray	0	public fun ShortArray.slice(indices: IntRange): List<Short> {	commonMain/generated/_Arrays.kt:4447
-	fun	slice	IntArray	0	public fun IntArray.slice(indices: IntRange): List<Int> {	commonMain/generated/_Arrays.kt:4455
-	fun	slice	LongArray	0	public fun LongArray.slice(indices: IntRange): List<Long> {	commonMain/generated/_Arrays.kt:4463
-	fun	slice	FloatArray	0	public fun FloatArray.slice(indices: IntRange): List<Float> {	commonMain/generated/_Arrays.kt:4471
-	fun	slice	DoubleArray	0	public fun DoubleArray.slice(indices: IntRange): List<Double> {	commonMain/generated/_Arrays.kt:4479
-	fun	slice	BooleanArray	0	public fun BooleanArray.slice(indices: IntRange): List<Boolean> {	commonMain/generated/_Arrays.kt:4487
-	fun	slice	CharArray	0	public fun CharArray.slice(indices: IntRange): List<Char> {	commonMain/generated/_Arrays.kt:4495
-	fun	slice	-	0	public fun <T> Array<out T>.slice(indices: Iterable<Int>): List<T> {	commonMain/generated/_Arrays.kt:4503
-	val	size	-	0	val size = indices.collectionSizeOrDefault(10)	commonMain/generated/_Arrays.kt:4504
-	val	list	-	0	val list = ArrayList<T>(size)	commonMain/generated/_Arrays.kt:4506
-	fun	slice	ByteArray	0	public fun ByteArray.slice(indices: Iterable<Int>): List<Byte> {	commonMain/generated/_Arrays.kt:4516
-	val	size	-	0	val size = indices.collectionSizeOrDefault(10)	commonMain/generated/_Arrays.kt:4517
-	val	list	-	0	val list = ArrayList<Byte>(size)	commonMain/generated/_Arrays.kt:4519
-	fun	slice	ShortArray	0	public fun ShortArray.slice(indices: Iterable<Int>): List<Short> {	commonMain/generated/_Arrays.kt:4529
-	val	size	-	0	val size = indices.collectionSizeOrDefault(10)	commonMain/generated/_Arrays.kt:4530
-	val	list	-	0	val list = ArrayList<Short>(size)	commonMain/generated/_Arrays.kt:4532
-	fun	slice	IntArray	0	public fun IntArray.slice(indices: Iterable<Int>): List<Int> {	commonMain/generated/_Arrays.kt:4542
-	val	size	-	0	val size = indices.collectionSizeOrDefault(10)	commonMain/generated/_Arrays.kt:4543
-	val	list	-	0	val list = ArrayList<Int>(size)	commonMain/generated/_Arrays.kt:4545
-	fun	slice	LongArray	0	public fun LongArray.slice(indices: Iterable<Int>): List<Long> {	commonMain/generated/_Arrays.kt:4555
-	val	size	-	0	val size = indices.collectionSizeOrDefault(10)	commonMain/generated/_Arrays.kt:4556
-	val	list	-	0	val list = ArrayList<Long>(size)	commonMain/generated/_Arrays.kt:4558
-	fun	slice	FloatArray	0	public fun FloatArray.slice(indices: Iterable<Int>): List<Float> {	commonMain/generated/_Arrays.kt:4568
-	val	size	-	0	val size = indices.collectionSizeOrDefault(10)	commonMain/generated/_Arrays.kt:4569
-	val	list	-	0	val list = ArrayList<Float>(size)	commonMain/generated/_Arrays.kt:4571
-	fun	slice	DoubleArray	0	public fun DoubleArray.slice(indices: Iterable<Int>): List<Double> {	commonMain/generated/_Arrays.kt:4581
-	val	size	-	0	val size = indices.collectionSizeOrDefault(10)	commonMain/generated/_Arrays.kt:4582
-	val	list	-	0	val list = ArrayList<Double>(size)	commonMain/generated/_Arrays.kt:4584
-	fun	slice	BooleanArray	0	public fun BooleanArray.slice(indices: Iterable<Int>): List<Boolean> {	commonMain/generated/_Arrays.kt:4594
-	val	size	-	0	val size = indices.collectionSizeOrDefault(10)	commonMain/generated/_Arrays.kt:4595
-	val	list	-	0	val list = ArrayList<Boolean>(size)	commonMain/generated/_Arrays.kt:4597
-	fun	slice	CharArray	0	public fun CharArray.slice(indices: Iterable<Int>): List<Char> {	commonMain/generated/_Arrays.kt:4607
-	val	size	-	0	val size = indices.collectionSizeOrDefault(10)	commonMain/generated/_Arrays.kt:4608
-	val	list	-	0	val list = ArrayList<Char>(size)	commonMain/generated/_Arrays.kt:4610
-	fun	sliceArray	-	0	public fun <T> Array<T>.sliceArray(indices: Collection<Int>): Array<T> {	commonMain/generated/_Arrays.kt:4620
-	val	result	-	1	val result = arrayOfNulls(this, indices.size)	commonMain/generated/_Arrays.kt:4621
-	var	targetIndex	-	0	var targetIndex = 0	commonMain/generated/_Arrays.kt:4622
-	fun	sliceArray	ByteArray	0	public fun ByteArray.sliceArray(indices: Collection<Int>): ByteArray {	commonMain/generated/_Arrays.kt:4632
-	val	result	-	0	val result = ByteArray(indices.size)	commonMain/generated/_Arrays.kt:4633
-	var	targetIndex	-	0	var targetIndex = 0	commonMain/generated/_Arrays.kt:4634
-	fun	sliceArray	ShortArray	0	public fun ShortArray.sliceArray(indices: Collection<Int>): ShortArray {	commonMain/generated/_Arrays.kt:4644
-	val	result	-	0	val result = ShortArray(indices.size)	commonMain/generated/_Arrays.kt:4645
-	var	targetIndex	-	0	var targetIndex = 0	commonMain/generated/_Arrays.kt:4646
-	fun	sliceArray	IntArray	0	public fun IntArray.sliceArray(indices: Collection<Int>): IntArray {	commonMain/generated/_Arrays.kt:4656
-	val	result	-	0	val result = IntArray(indices.size)	commonMain/generated/_Arrays.kt:4657
-	var	targetIndex	-	0	var targetIndex = 0	commonMain/generated/_Arrays.kt:4658
-	fun	sliceArray	LongArray	0	public fun LongArray.sliceArray(indices: Collection<Int>): LongArray {	commonMain/generated/_Arrays.kt:4668
-	val	result	-	0	val result = LongArray(indices.size)	commonMain/generated/_Arrays.kt:4669
-	var	targetIndex	-	0	var targetIndex = 0	commonMain/generated/_Arrays.kt:4670
-	fun	sliceArray	FloatArray	0	public fun FloatArray.sliceArray(indices: Collection<Int>): FloatArray {	commonMain/generated/_Arrays.kt:4680
-	val	result	-	0	val result = FloatArray(indices.size)	commonMain/generated/_Arrays.kt:4681
-	var	targetIndex	-	0	var targetIndex = 0	commonMain/generated/_Arrays.kt:4682
-	fun	sliceArray	DoubleArray	0	public fun DoubleArray.sliceArray(indices: Collection<Int>): DoubleArray {	commonMain/generated/_Arrays.kt:4692
-	val	result	-	0	val result = DoubleArray(indices.size)	commonMain/generated/_Arrays.kt:4693
-	var	targetIndex	-	0	var targetIndex = 0	commonMain/generated/_Arrays.kt:4694
-	fun	sliceArray	BooleanArray	0	public fun BooleanArray.sliceArray(indices: Collection<Int>): BooleanArray {	commonMain/generated/_Arrays.kt:4704
-	val	result	-	0	val result = BooleanArray(indices.size)	commonMain/generated/_Arrays.kt:4705
-	var	targetIndex	-	0	var targetIndex = 0	commonMain/generated/_Arrays.kt:4706
-	fun	sliceArray	CharArray	0	public fun CharArray.sliceArray(indices: Collection<Int>): CharArray {	commonMain/generated/_Arrays.kt:4716
-	val	result	-	0	val result = CharArray(indices.size)	commonMain/generated/_Arrays.kt:4717
-	var	targetIndex	-	0	var targetIndex = 0	commonMain/generated/_Arrays.kt:4718
-	fun	sliceArray	-	0	public fun <T> Array<T>.sliceArray(indices: IntRange): Array<T> {	commonMain/generated/_Arrays.kt:4728
-	fun	sliceArray	ByteArray	0	public fun ByteArray.sliceArray(indices: IntRange): ByteArray {	commonMain/generated/_Arrays.kt:4736
-	fun	sliceArray	ShortArray	0	public fun ShortArray.sliceArray(indices: IntRange): ShortArray {	commonMain/generated/_Arrays.kt:4744
-	fun	sliceArray	IntArray	0	public fun IntArray.sliceArray(indices: IntRange): IntArray {	commonMain/generated/_Arrays.kt:4752
-	fun	sliceArray	LongArray	0	public fun LongArray.sliceArray(indices: IntRange): LongArray {	commonMain/generated/_Arrays.kt:4760
-	fun	sliceArray	FloatArray	0	public fun FloatArray.sliceArray(indices: IntRange): FloatArray {	commonMain/generated/_Arrays.kt:4768
-	fun	sliceArray	DoubleArray	0	public fun DoubleArray.sliceArray(indices: IntRange): DoubleArray {	commonMain/generated/_Arrays.kt:4776
-	fun	sliceArray	BooleanArray	0	public fun BooleanArray.sliceArray(indices: IntRange): BooleanArray {	commonMain/generated/_Arrays.kt:4784
-	fun	sliceArray	CharArray	0	public fun CharArray.sliceArray(indices: IntRange): CharArray {	commonMain/generated/_Arrays.kt:4792
-	fun	take	-	0	public fun <T> Array<out T>.take(n: Int): List<T> {	commonMain/generated/_Arrays.kt:4804
-	var	count	-	0	var count = 0	commonMain/generated/_Arrays.kt:4809
-	val	list	-	0	val list = ArrayList<T>(n)	commonMain/generated/_Arrays.kt:4810
-	fun	take	ByteArray	0	public fun ByteArray.take(n: Int): List<Byte> {	commonMain/generated/_Arrays.kt:4826
-	var	count	-	0	var count = 0	commonMain/generated/_Arrays.kt:4831
-	val	list	-	0	val list = ArrayList<Byte>(n)	commonMain/generated/_Arrays.kt:4832
-	fun	take	ShortArray	0	public fun ShortArray.take(n: Int): List<Short> {	commonMain/generated/_Arrays.kt:4848
-	var	count	-	0	var count = 0	commonMain/generated/_Arrays.kt:4853
-	val	list	-	0	val list = ArrayList<Short>(n)	commonMain/generated/_Arrays.kt:4854
-	fun	take	IntArray	0	public fun IntArray.take(n: Int): List<Int> {	commonMain/generated/_Arrays.kt:4870
-	var	count	-	0	var count = 0	commonMain/generated/_Arrays.kt:4875
-	val	list	-	0	val list = ArrayList<Int>(n)	commonMain/generated/_Arrays.kt:4876
-	fun	take	LongArray	0	public fun LongArray.take(n: Int): List<Long> {	commonMain/generated/_Arrays.kt:4892
-	var	count	-	0	var count = 0	commonMain/generated/_Arrays.kt:4897
-	val	list	-	0	val list = ArrayList<Long>(n)	commonMain/generated/_Arrays.kt:4898
-	fun	take	FloatArray	0	public fun FloatArray.take(n: Int): List<Float> {	commonMain/generated/_Arrays.kt:4914
-	var	count	-	0	var count = 0	commonMain/generated/_Arrays.kt:4919
-	val	list	-	0	val list = ArrayList<Float>(n)	commonMain/generated/_Arrays.kt:4920
-	fun	take	DoubleArray	0	public fun DoubleArray.take(n: Int): List<Double> {	commonMain/generated/_Arrays.kt:4936
-	var	count	-	0	var count = 0	commonMain/generated/_Arrays.kt:4941
-	val	list	-	0	val list = ArrayList<Double>(n)	commonMain/generated/_Arrays.kt:4942
-	fun	take	BooleanArray	0	public fun BooleanArray.take(n: Int): List<Boolean> {	commonMain/generated/_Arrays.kt:4958
-	var	count	-	0	var count = 0	commonMain/generated/_Arrays.kt:4963
-	val	list	-	0	val list = ArrayList<Boolean>(n)	commonMain/generated/_Arrays.kt:4964
-	fun	take	CharArray	0	public fun CharArray.take(n: Int): List<Char> {	commonMain/generated/_Arrays.kt:4980
-	var	count	-	0	var count = 0	commonMain/generated/_Arrays.kt:4985
-	val	list	-	0	val list = ArrayList<Char>(n)	commonMain/generated/_Arrays.kt:4986
-	fun	takeLast	-	0	public fun <T> Array<out T>.takeLast(n: Int): List<T> {	commonMain/generated/_Arrays.kt:5002
-	val	size	-	0	val size = size	commonMain/generated/_Arrays.kt:5005
-	val	list	-	0	val list = ArrayList<T>(n)	commonMain/generated/_Arrays.kt:5008
-	fun	takeLast	ByteArray	0	public fun ByteArray.takeLast(n: Int): List<Byte> {	commonMain/generated/_Arrays.kt:5021
-	val	size	-	0	val size = size	commonMain/generated/_Arrays.kt:5024
-	val	list	-	0	val list = ArrayList<Byte>(n)	commonMain/generated/_Arrays.kt:5027
-	fun	takeLast	ShortArray	0	public fun ShortArray.takeLast(n: Int): List<Short> {	commonMain/generated/_Arrays.kt:5040
-	val	size	-	0	val size = size	commonMain/generated/_Arrays.kt:5043
-	val	list	-	0	val list = ArrayList<Short>(n)	commonMain/generated/_Arrays.kt:5046
-	fun	takeLast	IntArray	0	public fun IntArray.takeLast(n: Int): List<Int> {	commonMain/generated/_Arrays.kt:5059
-	val	size	-	0	val size = size	commonMain/generated/_Arrays.kt:5062
-	val	list	-	0	val list = ArrayList<Int>(n)	commonMain/generated/_Arrays.kt:5065
-	fun	takeLast	LongArray	0	public fun LongArray.takeLast(n: Int): List<Long> {	commonMain/generated/_Arrays.kt:5078
-	val	size	-	0	val size = size	commonMain/generated/_Arrays.kt:5081
-	val	list	-	0	val list = ArrayList<Long>(n)	commonMain/generated/_Arrays.kt:5084
-	fun	takeLast	FloatArray	0	public fun FloatArray.takeLast(n: Int): List<Float> {	commonMain/generated/_Arrays.kt:5097
-	val	size	-	0	val size = size	commonMain/generated/_Arrays.kt:5100
-	val	list	-	0	val list = ArrayList<Float>(n)	commonMain/generated/_Arrays.kt:5103
-	fun	takeLast	DoubleArray	0	public fun DoubleArray.takeLast(n: Int): List<Double> {	commonMain/generated/_Arrays.kt:5116
-	val	size	-	0	val size = size	commonMain/generated/_Arrays.kt:5119
-	val	list	-	0	val list = ArrayList<Double>(n)	commonMain/generated/_Arrays.kt:5122
-	fun	takeLast	BooleanArray	0	public fun BooleanArray.takeLast(n: Int): List<Boolean> {	commonMain/generated/_Arrays.kt:5135
-	val	size	-	0	val size = size	commonMain/generated/_Arrays.kt:5138
-	val	list	-	0	val list = ArrayList<Boolean>(n)	commonMain/generated/_Arrays.kt:5141
-	fun	takeLast	CharArray	0	public fun CharArray.takeLast(n: Int): List<Char> {	commonMain/generated/_Arrays.kt:5154
-	val	size	-	0	val size = size	commonMain/generated/_Arrays.kt:5157
-	val	list	-	0	val list = ArrayList<Char>(n)	commonMain/generated/_Arrays.kt:5160
-	fun	takeLastWhile	-	0	public inline fun <T> Array<out T>.takeLastWhile(predicate: (T) -> Boolean): List<T> {	commonMain/generated/_Arrays.kt:5171
-	fun	takeLastWhile	ByteArray	0	public inline fun ByteArray.takeLastWhile(predicate: (Byte) -> Boolean): List<Byte> {	commonMain/generated/_Arrays.kt:5185
-	fun	takeLastWhile	ShortArray	0	public inline fun ShortArray.takeLastWhile(predicate: (Short) -> Boolean): List<Short> {	commonMain/generated/_Arrays.kt:5199
-	fun	takeLastWhile	IntArray	0	public inline fun IntArray.takeLastWhile(predicate: (Int) -> Boolean): List<Int> {	commonMain/generated/_Arrays.kt:5213
-	fun	takeLastWhile	LongArray	0	public inline fun LongArray.takeLastWhile(predicate: (Long) -> Boolean): List<Long> {	commonMain/generated/_Arrays.kt:5227
-	fun	takeLastWhile	FloatArray	0	public inline fun FloatArray.takeLastWhile(predicate: (Float) -> Boolean): List<Float> {	commonMain/generated/_Arrays.kt:5241
-	fun	takeLastWhile	DoubleArray	0	public inline fun DoubleArray.takeLastWhile(predicate: (Double) -> Boolean): List<Double> {	commonMain/generated/_Arrays.kt:5255
-	fun	takeLastWhile	BooleanArray	0	public inline fun BooleanArray.takeLastWhile(predicate: (Boolean) -> Boolean): List<Boolean> {	commonMain/generated/_Arrays.kt:5269
-	fun	takeLastWhile	CharArray	0	public inline fun CharArray.takeLastWhile(predicate: (Char) -> Boolean): List<Char> {	commonMain/generated/_Arrays.kt:5283
-	fun	takeWhile	-	0	public inline fun <T> Array<out T>.takeWhile(predicate: (T) -> Boolean): List<T> {	commonMain/generated/_Arrays.kt:5297
-	val	list	-	0	val list = ArrayList<T>()	commonMain/generated/_Arrays.kt:5298
-	fun	takeWhile	ByteArray	0	public inline fun ByteArray.takeWhile(predicate: (Byte) -> Boolean): List<Byte> {	commonMain/generated/_Arrays.kt:5312
-	val	list	-	0	val list = ArrayList<Byte>()	commonMain/generated/_Arrays.kt:5313
-	fun	takeWhile	ShortArray	0	public inline fun ShortArray.takeWhile(predicate: (Short) -> Boolean): List<Short> {	commonMain/generated/_Arrays.kt:5327
-	val	list	-	0	val list = ArrayList<Short>()	commonMain/generated/_Arrays.kt:5328
-	fun	takeWhile	IntArray	0	public inline fun IntArray.takeWhile(predicate: (Int) -> Boolean): List<Int> {	commonMain/generated/_Arrays.kt:5342
-	val	list	-	0	val list = ArrayList<Int>()	commonMain/generated/_Arrays.kt:5343
-	fun	takeWhile	LongArray	0	public inline fun LongArray.takeWhile(predicate: (Long) -> Boolean): List<Long> {	commonMain/generated/_Arrays.kt:5357
-	val	list	-	0	val list = ArrayList<Long>()	commonMain/generated/_Arrays.kt:5358
-	fun	takeWhile	FloatArray	0	public inline fun FloatArray.takeWhile(predicate: (Float) -> Boolean): List<Float> {	commonMain/generated/_Arrays.kt:5372
-	val	list	-	0	val list = ArrayList<Float>()	commonMain/generated/_Arrays.kt:5373
-	fun	takeWhile	DoubleArray	0	public inline fun DoubleArray.takeWhile(predicate: (Double) -> Boolean): List<Double> {	commonMain/generated/_Arrays.kt:5387
-	val	list	-	0	val list = ArrayList<Double>()	commonMain/generated/_Arrays.kt:5388
-	fun	takeWhile	BooleanArray	0	public inline fun BooleanArray.takeWhile(predicate: (Boolean) -> Boolean): List<Boolean> {	commonMain/generated/_Arrays.kt:5402
-	val	list	-	0	val list = ArrayList<Boolean>()	commonMain/generated/_Arrays.kt:5403
-	fun	takeWhile	CharArray	0	public inline fun CharArray.takeWhile(predicate: (Char) -> Boolean): List<Char> {	commonMain/generated/_Arrays.kt:5417
-	val	list	-	0	val list = ArrayList<Char>()	commonMain/generated/_Arrays.kt:5418
-	fun	reverse	-	0	public fun <T> Array<T>.reverse(): Unit {	commonMain/generated/_Arrays.kt:5430
-	val	midPoint	-	0	val midPoint = (size / 2) - 1	commonMain/generated/_Arrays.kt:5431
-	var	reverseIndex	-	0	var reverseIndex = lastIndex	commonMain/generated/_Arrays.kt:5433
-	val	tmp	-	0	val tmp = this[index]	commonMain/generated/_Arrays.kt:5435
-	fun	reverse	ByteArray	0	public fun ByteArray.reverse(): Unit {	commonMain/generated/_Arrays.kt:5445
-	val	midPoint	-	0	val midPoint = (size / 2) - 1	commonMain/generated/_Arrays.kt:5446
-	var	reverseIndex	-	0	var reverseIndex = lastIndex	commonMain/generated/_Arrays.kt:5448
-	val	tmp	-	0	val tmp = this[index]	commonMain/generated/_Arrays.kt:5450
-	fun	reverse	ShortArray	0	public fun ShortArray.reverse(): Unit {	commonMain/generated/_Arrays.kt:5460
-	val	midPoint	-	0	val midPoint = (size / 2) - 1	commonMain/generated/_Arrays.kt:5461
-	var	reverseIndex	-	0	var reverseIndex = lastIndex	commonMain/generated/_Arrays.kt:5463
-	val	tmp	-	0	val tmp = this[index]	commonMain/generated/_Arrays.kt:5465
-	fun	reverse	IntArray	0	public fun IntArray.reverse(): Unit {	commonMain/generated/_Arrays.kt:5475
-	val	midPoint	-	0	val midPoint = (size / 2) - 1	commonMain/generated/_Arrays.kt:5476
-	var	reverseIndex	-	0	var reverseIndex = lastIndex	commonMain/generated/_Arrays.kt:5478
-	val	tmp	-	0	val tmp = this[index]	commonMain/generated/_Arrays.kt:5480
-	fun	reverse	LongArray	0	public fun LongArray.reverse(): Unit {	commonMain/generated/_Arrays.kt:5490
-	val	midPoint	-	0	val midPoint = (size / 2) - 1	commonMain/generated/_Arrays.kt:5491
-	var	reverseIndex	-	0	var reverseIndex = lastIndex	commonMain/generated/_Arrays.kt:5493
-	val	tmp	-	0	val tmp = this[index]	commonMain/generated/_Arrays.kt:5495
-	fun	reverse	FloatArray	0	public fun FloatArray.reverse(): Unit {	commonMain/generated/_Arrays.kt:5505
-	val	midPoint	-	0	val midPoint = (size / 2) - 1	commonMain/generated/_Arrays.kt:5506
-	var	reverseIndex	-	0	var reverseIndex = lastIndex	commonMain/generated/_Arrays.kt:5508
-	val	tmp	-	0	val tmp = this[index]	commonMain/generated/_Arrays.kt:5510
-	fun	reverse	DoubleArray	0	public fun DoubleArray.reverse(): Unit {	commonMain/generated/_Arrays.kt:5520
-	val	midPoint	-	0	val midPoint = (size / 2) - 1	commonMain/generated/_Arrays.kt:5521
-	var	reverseIndex	-	0	var reverseIndex = lastIndex	commonMain/generated/_Arrays.kt:5523
-	val	tmp	-	0	val tmp = this[index]	commonMain/generated/_Arrays.kt:5525
-	fun	reverse	BooleanArray	0	public fun BooleanArray.reverse(): Unit {	commonMain/generated/_Arrays.kt:5535
-	val	midPoint	-	0	val midPoint = (size / 2) - 1	commonMain/generated/_Arrays.kt:5536
-	var	reverseIndex	-	0	var reverseIndex = lastIndex	commonMain/generated/_Arrays.kt:5538
-	val	tmp	-	0	val tmp = this[index]	commonMain/generated/_Arrays.kt:5540
-	fun	reverse	CharArray	0	public fun CharArray.reverse(): Unit {	commonMain/generated/_Arrays.kt:5550
-	val	midPoint	-	0	val midPoint = (size / 2) - 1	commonMain/generated/_Arrays.kt:5551
-	var	reverseIndex	-	0	var reverseIndex = lastIndex	commonMain/generated/_Arrays.kt:5553
-	val	tmp	-	0	val tmp = this[index]	commonMain/generated/_Arrays.kt:5555
1.4	fun	reverse	-	1	public fun <T> Array<T>.reverse(fromIndex: Int, toIndex: Int): Unit {	commonMain/generated/_Arrays.kt:5572
-	val	midPoint	-	0	val midPoint = (fromIndex + toIndex) / 2	commonMain/generated/_Arrays.kt:5574
-	var	reverseIndex	-	0	var reverseIndex = toIndex - 1	commonMain/generated/_Arrays.kt:5576
-	val	tmp	-	0	val tmp = this[index]	commonMain/generated/_Arrays.kt:5578
1.4	fun	reverse	ByteArray	1	public fun ByteArray.reverse(fromIndex: Int, toIndex: Int): Unit {	commonMain/generated/_Arrays.kt:5595
-	val	midPoint	-	0	val midPoint = (fromIndex + toIndex) / 2	commonMain/generated/_Arrays.kt:5597
-	var	reverseIndex	-	0	var reverseIndex = toIndex - 1	commonMain/generated/_Arrays.kt:5599
-	val	tmp	-	0	val tmp = this[index]	commonMain/generated/_Arrays.kt:5601
1.4	fun	reverse	ShortArray	1	public fun ShortArray.reverse(fromIndex: Int, toIndex: Int): Unit {	commonMain/generated/_Arrays.kt:5618
-	val	midPoint	-	0	val midPoint = (fromIndex + toIndex) / 2	commonMain/generated/_Arrays.kt:5620
-	var	reverseIndex	-	0	var reverseIndex = toIndex - 1	commonMain/generated/_Arrays.kt:5622
-	val	tmp	-	0	val tmp = this[index]	commonMain/generated/_Arrays.kt:5624
1.4	fun	reverse	IntArray	1	public fun IntArray.reverse(fromIndex: Int, toIndex: Int): Unit {	commonMain/generated/_Arrays.kt:5641
-	val	midPoint	-	0	val midPoint = (fromIndex + toIndex) / 2	commonMain/generated/_Arrays.kt:5643
-	var	reverseIndex	-	0	var reverseIndex = toIndex - 1	commonMain/generated/_Arrays.kt:5645
-	val	tmp	-	0	val tmp = this[index]	commonMain/generated/_Arrays.kt:5647
1.4	fun	reverse	LongArray	1	public fun LongArray.reverse(fromIndex: Int, toIndex: Int): Unit {	commonMain/generated/_Arrays.kt:5664
-	val	midPoint	-	0	val midPoint = (fromIndex + toIndex) / 2	commonMain/generated/_Arrays.kt:5666
-	var	reverseIndex	-	0	var reverseIndex = toIndex - 1	commonMain/generated/_Arrays.kt:5668
-	val	tmp	-	0	val tmp = this[index]	commonMain/generated/_Arrays.kt:5670
1.4	fun	reverse	FloatArray	1	public fun FloatArray.reverse(fromIndex: Int, toIndex: Int): Unit {	commonMain/generated/_Arrays.kt:5687
-	val	midPoint	-	0	val midPoint = (fromIndex + toIndex) / 2	commonMain/generated/_Arrays.kt:5689
-	var	reverseIndex	-	0	var reverseIndex = toIndex - 1	commonMain/generated/_Arrays.kt:5691
-	val	tmp	-	0	val tmp = this[index]	commonMain/generated/_Arrays.kt:5693
1.4	fun	reverse	DoubleArray	1	public fun DoubleArray.reverse(fromIndex: Int, toIndex: Int): Unit {	commonMain/generated/_Arrays.kt:5710
-	val	midPoint	-	0	val midPoint = (fromIndex + toIndex) / 2	commonMain/generated/_Arrays.kt:5712
-	var	reverseIndex	-	0	var reverseIndex = toIndex - 1	commonMain/generated/_Arrays.kt:5714
-	val	tmp	-	0	val tmp = this[index]	commonMain/generated/_Arrays.kt:5716
1.4	fun	reverse	BooleanArray	1	public fun BooleanArray.reverse(fromIndex: Int, toIndex: Int): Unit {	commonMain/generated/_Arrays.kt:5733
-	val	midPoint	-	0	val midPoint = (fromIndex + toIndex) / 2	commonMain/generated/_Arrays.kt:5735
-	var	reverseIndex	-	0	var reverseIndex = toIndex - 1	commonMain/generated/_Arrays.kt:5737
-	val	tmp	-	0	val tmp = this[index]	commonMain/generated/_Arrays.kt:5739
1.4	fun	reverse	CharArray	1	public fun CharArray.reverse(fromIndex: Int, toIndex: Int): Unit {	commonMain/generated/_Arrays.kt:5756
-	val	midPoint	-	0	val midPoint = (fromIndex + toIndex) / 2	commonMain/generated/_Arrays.kt:5758
-	var	reverseIndex	-	0	var reverseIndex = toIndex - 1	commonMain/generated/_Arrays.kt:5760
-	val	tmp	-	0	val tmp = this[index]	commonMain/generated/_Arrays.kt:5762
-	fun	reversed	-	0	public fun <T> Array<out T>.reversed(): List<T> {	commonMain/generated/_Arrays.kt:5772
-	val	list	-	0	val list = toMutableList()	commonMain/generated/_Arrays.kt:5774
-	fun	reversed	ByteArray	0	public fun ByteArray.reversed(): List<Byte> {	commonMain/generated/_Arrays.kt:5782
-	val	list	-	0	val list = toMutableList()	commonMain/generated/_Arrays.kt:5784
-	fun	reversed	ShortArray	0	public fun ShortArray.reversed(): List<Short> {	commonMain/generated/_Arrays.kt:5792
-	val	list	-	0	val list = toMutableList()	commonMain/generated/_Arrays.kt:5794
-	fun	reversed	IntArray	0	public fun IntArray.reversed(): List<Int> {	commonMain/generated/_Arrays.kt:5802
-	val	list	-	0	val list = toMutableList()	commonMain/generated/_Arrays.kt:5804
-	fun	reversed	LongArray	0	public fun LongArray.reversed(): List<Long> {	commonMain/generated/_Arrays.kt:5812
-	val	list	-	0	val list = toMutableList()	commonMain/generated/_Arrays.kt:5814
-	fun	reversed	FloatArray	0	public fun FloatArray.reversed(): List<Float> {	commonMain/generated/_Arrays.kt:5822
-	val	list	-	0	val list = toMutableList()	commonMain/generated/_Arrays.kt:5824
-	fun	reversed	DoubleArray	0	public fun DoubleArray.reversed(): List<Double> {	commonMain/generated/_Arrays.kt:5832
-	val	list	-	0	val list = toMutableList()	commonMain/generated/_Arrays.kt:5834
-	fun	reversed	BooleanArray	0	public fun BooleanArray.reversed(): List<Boolean> {	commonMain/generated/_Arrays.kt:5842
-	val	list	-	0	val list = toMutableList()	commonMain/generated/_Arrays.kt:5844
-	fun	reversed	CharArray	0	public fun CharArray.reversed(): List<Char> {	commonMain/generated/_Arrays.kt:5852
-	val	list	-	0	val list = toMutableList()	commonMain/generated/_Arrays.kt:5854
-	fun	reversedArray	-	0	public fun <T> Array<T>.reversedArray(): Array<T> {	commonMain/generated/_Arrays.kt:5862
-	val	result	-	1	val result = arrayOfNulls(this, size)	commonMain/generated/_Arrays.kt:5864
-	val	lastIndex	-	0	val lastIndex = lastIndex	commonMain/generated/_Arrays.kt:5865
-	fun	reversedArray	ByteArray	0	public fun ByteArray.reversedArray(): ByteArray {	commonMain/generated/_Arrays.kt:5874
-	val	result	-	0	val result = ByteArray(size)	commonMain/generated/_Arrays.kt:5876
-	val	lastIndex	-	0	val lastIndex = lastIndex	commonMain/generated/_Arrays.kt:5877
-	fun	reversedArray	ShortArray	0	public fun ShortArray.reversedArray(): ShortArray {	commonMain/generated/_Arrays.kt:5886
-	val	result	-	0	val result = ShortArray(size)	commonMain/generated/_Arrays.kt:5888
-	val	lastIndex	-	0	val lastIndex = lastIndex	commonMain/generated/_Arrays.kt:5889
-	fun	reversedArray	IntArray	0	public fun IntArray.reversedArray(): IntArray {	commonMain/generated/_Arrays.kt:5898
-	val	result	-	0	val result = IntArray(size)	commonMain/generated/_Arrays.kt:5900
-	val	lastIndex	-	0	val lastIndex = lastIndex	commonMain/generated/_Arrays.kt:5901
-	fun	reversedArray	LongArray	0	public fun LongArray.reversedArray(): LongArray {	commonMain/generated/_Arrays.kt:5910
-	val	result	-	0	val result = LongArray(size)	commonMain/generated/_Arrays.kt:5912
-	val	lastIndex	-	0	val lastIndex = lastIndex	commonMain/generated/_Arrays.kt:5913
-	fun	reversedArray	FloatArray	0	public fun FloatArray.reversedArray(): FloatArray {	commonMain/generated/_Arrays.kt:5922
-	val	result	-	0	val result = FloatArray(size)	commonMain/generated/_Arrays.kt:5924
-	val	lastIndex	-	0	val lastIndex = lastIndex	commonMain/generated/_Arrays.kt:5925
-	fun	reversedArray	DoubleArray	0	public fun DoubleArray.reversedArray(): DoubleArray {	commonMain/generated/_Arrays.kt:5934
-	val	result	-	0	val result = DoubleArray(size)	commonMain/generated/_Arrays.kt:5936
-	val	lastIndex	-	0	val lastIndex = lastIndex	commonMain/generated/_Arrays.kt:5937
-	fun	reversedArray	BooleanArray	0	public fun BooleanArray.reversedArray(): BooleanArray {	commonMain/generated/_Arrays.kt:5946
-	val	result	-	0	val result = BooleanArray(size)	commonMain/generated/_Arrays.kt:5948
-	val	lastIndex	-	0	val lastIndex = lastIndex	commonMain/generated/_Arrays.kt:5949
-	fun	reversedArray	CharArray	0	public fun CharArray.reversedArray(): CharArray {	commonMain/generated/_Arrays.kt:5958
-	val	result	-	0	val result = CharArray(size)	commonMain/generated/_Arrays.kt:5960
-	val	lastIndex	-	0	val lastIndex = lastIndex	commonMain/generated/_Arrays.kt:5961
1.4	fun	shuffle	-	0	public fun <T> Array<T>.shuffle(): Unit {	commonMain/generated/_Arrays.kt:5971
1.4	fun	shuffle	ByteArray	0	public fun ByteArray.shuffle(): Unit {	commonMain/generated/_Arrays.kt:5979
1.4	fun	shuffle	ShortArray	0	public fun ShortArray.shuffle(): Unit {	commonMain/generated/_Arrays.kt:5987
1.4	fun	shuffle	IntArray	0	public fun IntArray.shuffle(): Unit {	commonMain/generated/_Arrays.kt:5995
1.4	fun	shuffle	LongArray	0	public fun LongArray.shuffle(): Unit {	commonMain/generated/_Arrays.kt:6003
1.4	fun	shuffle	FloatArray	0	public fun FloatArray.shuffle(): Unit {	commonMain/generated/_Arrays.kt:6011
1.4	fun	shuffle	DoubleArray	0	public fun DoubleArray.shuffle(): Unit {	commonMain/generated/_Arrays.kt:6019
1.4	fun	shuffle	BooleanArray	0	public fun BooleanArray.shuffle(): Unit {	commonMain/generated/_Arrays.kt:6027
1.4	fun	shuffle	CharArray	0	public fun CharArray.shuffle(): Unit {	commonMain/generated/_Arrays.kt:6035
1.4	fun	shuffle	-	0	public fun <T> Array<T>.shuffle(random: Random): Unit {	commonMain/generated/_Arrays.kt:6045
-	val	j	-	0	val j = random.nextInt(i + 1)	commonMain/generated/_Arrays.kt:6047
-	val	copy	-	0	val copy = this[i]	commonMain/generated/_Arrays.kt:6048
1.4	fun	shuffle	ByteArray	0	public fun ByteArray.shuffle(random: Random): Unit {	commonMain/generated/_Arrays.kt:6060
-	val	j	-	0	val j = random.nextInt(i + 1)	commonMain/generated/_Arrays.kt:6062
-	val	copy	-	0	val copy = this[i]	commonMain/generated/_Arrays.kt:6063
1.4	fun	shuffle	ShortArray	0	public fun ShortArray.shuffle(random: Random): Unit {	commonMain/generated/_Arrays.kt:6075
-	val	j	-	0	val j = random.nextInt(i + 1)	commonMain/generated/_Arrays.kt:6077
-	val	copy	-	0	val copy = this[i]	commonMain/generated/_Arrays.kt:6078
1.4	fun	shuffle	IntArray	0	public fun IntArray.shuffle(random: Random): Unit {	commonMain/generated/_Arrays.kt:6090
-	val	j	-	0	val j = random.nextInt(i + 1)	commonMain/generated/_Arrays.kt:6092
-	val	copy	-	0	val copy = this[i]	commonMain/generated/_Arrays.kt:6093
1.4	fun	shuffle	LongArray	0	public fun LongArray.shuffle(random: Random): Unit {	commonMain/generated/_Arrays.kt:6105
-	val	j	-	0	val j = random.nextInt(i + 1)	commonMain/generated/_Arrays.kt:6107
-	val	copy	-	0	val copy = this[i]	commonMain/generated/_Arrays.kt:6108
1.4	fun	shuffle	FloatArray	0	public fun FloatArray.shuffle(random: Random): Unit {	commonMain/generated/_Arrays.kt:6120
-	val	j	-	0	val j = random.nextInt(i + 1)	commonMain/generated/_Arrays.kt:6122
-	val	copy	-	0	val copy = this[i]	commonMain/generated/_Arrays.kt:6123
1.4	fun	shuffle	DoubleArray	0	public fun DoubleArray.shuffle(random: Random): Unit {	commonMain/generated/_Arrays.kt:6135
-	val	j	-	0	val j = random.nextInt(i + 1)	commonMain/generated/_Arrays.kt:6137
-	val	copy	-	0	val copy = this[i]	commonMain/generated/_Arrays.kt:6138
1.4	fun	shuffle	BooleanArray	0	public fun BooleanArray.shuffle(random: Random): Unit {	commonMain/generated/_Arrays.kt:6150
-	val	j	-	0	val j = random.nextInt(i + 1)	commonMain/generated/_Arrays.kt:6152
-	val	copy	-	0	val copy = this[i]	commonMain/generated/_Arrays.kt:6153
1.4	fun	shuffle	CharArray	0	public fun CharArray.shuffle(random: Random): Unit {	commonMain/generated/_Arrays.kt:6165
-	val	j	-	0	val j = random.nextInt(i + 1)	commonMain/generated/_Arrays.kt:6167
-	val	copy	-	0	val copy = this[i]	commonMain/generated/_Arrays.kt:6168
-	fun	sortBy	-	1	public inline fun <T, R : Comparable<R>> Array<out T>.sortBy(crossinline selector: (T) -> R?): Unit {	commonMain/generated/_Arrays.kt:6180
-	fun	sortByDescending	-	1	public inline fun <T, R : Comparable<R>> Array<out T>.sortByDescending(crossinline selector: (T) -> R?): Unit {	commonMain/generated/_Arrays.kt:6190
-	fun	sortDescending	-	0	public fun <T : Comparable<T>> Array<out T>.sortDescending(): Unit {	commonMain/generated/_Arrays.kt:6199
-	fun	sortDescending	ByteArray	0	public fun ByteArray.sortDescending(): Unit {	commonMain/generated/_Arrays.kt:6206
-	fun	sortDescending	ShortArray	0	public fun ShortArray.sortDescending(): Unit {	commonMain/generated/_Arrays.kt:6216
-	fun	sortDescending	IntArray	0	public fun IntArray.sortDescending(): Unit {	commonMain/generated/_Arrays.kt:6226
-	fun	sortDescending	LongArray	0	public fun LongArray.sortDescending(): Unit {	commonMain/generated/_Arrays.kt:6236
-	fun	sortDescending	FloatArray	0	public fun FloatArray.sortDescending(): Unit {	commonMain/generated/_Arrays.kt:6246
-	fun	sortDescending	DoubleArray	0	public fun DoubleArray.sortDescending(): Unit {	commonMain/generated/_Arrays.kt:6256
-	fun	sortDescending	CharArray	0	public fun CharArray.sortDescending(): Unit {	commonMain/generated/_Arrays.kt:6266
-	fun	sorted	-	0	public fun <T : Comparable<T>> Array<out T>.sorted(): List<T> {	commonMain/generated/_Arrays.kt:6278
-	fun	sorted	ByteArray	0	public fun ByteArray.sorted(): List<Byte> {	commonMain/generated/_Arrays.kt:6285
-	fun	sorted	ShortArray	0	public fun ShortArray.sorted(): List<Short> {	commonMain/generated/_Arrays.kt:6292
-	fun	sorted	IntArray	0	public fun IntArray.sorted(): List<Int> {	commonMain/generated/_Arrays.kt:6299
-	fun	sorted	LongArray	0	public fun LongArray.sorted(): List<Long> {	commonMain/generated/_Arrays.kt:6306
-	fun	sorted	FloatArray	0	public fun FloatArray.sorted(): List<Float> {	commonMain/generated/_Arrays.kt:6313
-	fun	sorted	DoubleArray	0	public fun DoubleArray.sorted(): List<Double> {	commonMain/generated/_Arrays.kt:6320
-	fun	sorted	CharArray	0	public fun CharArray.sorted(): List<Char> {	commonMain/generated/_Arrays.kt:6327
-	fun	sortedArray	-	0	public fun <T : Comparable<T>> Array<T>.sortedArray(): Array<T> {	commonMain/generated/_Arrays.kt:6336
-	fun	sortedArray	ByteArray	0	public fun ByteArray.sortedArray(): ByteArray {	commonMain/generated/_Arrays.kt:6344
-	fun	sortedArray	ShortArray	0	public fun ShortArray.sortedArray(): ShortArray {	commonMain/generated/_Arrays.kt:6352
-	fun	sortedArray	IntArray	0	public fun IntArray.sortedArray(): IntArray {	commonMain/generated/_Arrays.kt:6360
-	fun	sortedArray	LongArray	0	public fun LongArray.sortedArray(): LongArray {	commonMain/generated/_Arrays.kt:6368
-	fun	sortedArray	FloatArray	0	public fun FloatArray.sortedArray(): FloatArray {	commonMain/generated/_Arrays.kt:6376
-	fun	sortedArray	DoubleArray	0	public fun DoubleArray.sortedArray(): DoubleArray {	commonMain/generated/_Arrays.kt:6384
-	fun	sortedArray	CharArray	0	public fun CharArray.sortedArray(): CharArray {	commonMain/generated/_Arrays.kt:6392
-	fun	sortedArrayDescending	-	0	public fun <T : Comparable<T>> Array<T>.sortedArrayDescending(): Array<T> {	commonMain/generated/_Arrays.kt:6402
-	fun	sortedArrayDescending	ByteArray	0	public fun ByteArray.sortedArrayDescending(): ByteArray {	commonMain/generated/_Arrays.kt:6410
-	fun	sortedArrayDescending	ShortArray	0	public fun ShortArray.sortedArrayDescending(): ShortArray {	commonMain/generated/_Arrays.kt:6418
-	fun	sortedArrayDescending	IntArray	0	public fun IntArray.sortedArrayDescending(): IntArray {	commonMain/generated/_Arrays.kt:6426
-	fun	sortedArrayDescending	LongArray	0	public fun LongArray.sortedArrayDescending(): LongArray {	commonMain/generated/_Arrays.kt:6434
-	fun	sortedArrayDescending	FloatArray	0	public fun FloatArray.sortedArrayDescending(): FloatArray {	commonMain/generated/_Arrays.kt:6442
-	fun	sortedArrayDescending	DoubleArray	0	public fun DoubleArray.sortedArrayDescending(): DoubleArray {	commonMain/generated/_Arrays.kt:6450
-	fun	sortedArrayDescending	CharArray	0	public fun CharArray.sortedArrayDescending(): CharArray {	commonMain/generated/_Arrays.kt:6458
-	fun	sortedArrayWith	-	0	public fun <T> Array<out T>.sortedArrayWith(comparator: Comparator<in T>): Array<out T> {	commonMain/generated/_Arrays.kt:6468
-	fun	sortedBy	-	1	public inline fun <T, R : Comparable<R>> Array<out T>.sortedBy(crossinline selector: (T) -> R?): List<T> {	commonMain/generated/_Arrays.kt:6481
-	fun	sortedBy	ByteArray	0	public inline fun <R : Comparable<R>> ByteArray.sortedBy(crossinline selector: (Byte) -> R?): List<Byte> {	commonMain/generated/_Arrays.kt:6493
-	fun	sortedBy	ShortArray	0	public inline fun <R : Comparable<R>> ShortArray.sortedBy(crossinline selector: (Short) -> R?): List<Short> {	commonMain/generated/_Arrays.kt:6505
-	fun	sortedBy	IntArray	0	public inline fun <R : Comparable<R>> IntArray.sortedBy(crossinline selector: (Int) -> R?): List<Int> {	commonMain/generated/_Arrays.kt:6517
-	fun	sortedBy	LongArray	0	public inline fun <R : Comparable<R>> LongArray.sortedBy(crossinline selector: (Long) -> R?): List<Long> {	commonMain/generated/_Arrays.kt:6529
-	fun	sortedBy	FloatArray	0	public inline fun <R : Comparable<R>> FloatArray.sortedBy(crossinline selector: (Float) -> R?): List<Float> {	commonMain/generated/_Arrays.kt:6541
-	fun	sortedBy	DoubleArray	0	public inline fun <R : Comparable<R>> DoubleArray.sortedBy(crossinline selector: (Double) -> R?): List<Double> {	commonMain/generated/_Arrays.kt:6553
-	fun	sortedBy	BooleanArray	0	public inline fun <R : Comparable<R>> BooleanArray.sortedBy(crossinline selector: (Boolean) -> R?): List<Boolean> {	commonMain/generated/_Arrays.kt:6565
-	fun	sortedBy	CharArray	0	public inline fun <R : Comparable<R>> CharArray.sortedBy(crossinline selector: (Char) -> R?): List<Char> {	commonMain/generated/_Arrays.kt:6577
-	fun	sortedByDescending	-	1	public inline fun <T, R : Comparable<R>> Array<out T>.sortedByDescending(crossinline selector: (T) -> R?): List<T> {	commonMain/generated/_Arrays.kt:6589
-	fun	sortedByDescending	ByteArray	0	public inline fun <R : Comparable<R>> ByteArray.sortedByDescending(crossinline selector: (Byte) -> R?): List<Byte> {	commonMain/generated/_Arrays.kt:6601
-	fun	sortedByDescending	ShortArray	0	public inline fun <R : Comparable<R>> ShortArray.sortedByDescending(crossinline selector: (Short) -> R?): List<Short> {	commonMain/generated/_Arrays.kt:6613
-	fun	sortedByDescending	IntArray	0	public inline fun <R : Comparable<R>> IntArray.sortedByDescending(crossinline selector: (Int) -> R?): List<Int> {	commonMain/generated/_Arrays.kt:6625
-	fun	sortedByDescending	LongArray	0	public inline fun <R : Comparable<R>> LongArray.sortedByDescending(crossinline selector: (Long) -> R?): List<Long> {	commonMain/generated/_Arrays.kt:6637
-	fun	sortedByDescending	FloatArray	0	public inline fun <R : Comparable<R>> FloatArray.sortedByDescending(crossinline selector: (Float) -> R?): List<Float> {	commonMain/generated/_Arrays.kt:6649
-	fun	sortedByDescending	DoubleArray	0	public inline fun <R : Comparable<R>> DoubleArray.sortedByDescending(crossinline selector: (Double) -> R?): List<Double> {	commonMain/generated/_Arrays.kt:6661
-	fun	sortedByDescending	BooleanArray	0	public inline fun <R : Comparable<R>> BooleanArray.sortedByDescending(crossinline selector: (Boolean) -> R?): List<Boolean> {	commonMain/generated/_Arrays.kt:6673
-	fun	sortedByDescending	CharArray	0	public inline fun <R : Comparable<R>> CharArray.sortedByDescending(crossinline selector: (Char) -> R?): List<Char> {	commonMain/generated/_Arrays.kt:6685
-	fun	sortedDescending	-	0	public fun <T : Comparable<T>> Array<out T>.sortedDescending(): List<T> {	commonMain/generated/_Arrays.kt:6694
-	fun	sortedDescending	ByteArray	0	public fun ByteArray.sortedDescending(): List<Byte> {	commonMain/generated/_Arrays.kt:6701
-	fun	sortedDescending	ShortArray	0	public fun ShortArray.sortedDescending(): List<Short> {	commonMain/generated/_Arrays.kt:6708
-	fun	sortedDescending	IntArray	0	public fun IntArray.sortedDescending(): List<Int> {	commonMain/generated/_Arrays.kt:6715
-	fun	sortedDescending	LongArray	0	public fun LongArray.sortedDescending(): List<Long> {	commonMain/generated/_Arrays.kt:6722
-	fun	sortedDescending	FloatArray	0	public fun FloatArray.sortedDescending(): List<Float> {	commonMain/generated/_Arrays.kt:6729
-	fun	sortedDescending	DoubleArray	0	public fun DoubleArray.sortedDescending(): List<Double> {	commonMain/generated/_Arrays.kt:6736
-	fun	sortedDescending	CharArray	0	public fun CharArray.sortedDescending(): List<Char> {	commonMain/generated/_Arrays.kt:6743
-	fun	sortedWith	-	0	public fun <T> Array<out T>.sortedWith(comparator: Comparator<in T>): List<T> {	commonMain/generated/_Arrays.kt:6752
-	fun	sortedWith	ByteArray	0	public fun ByteArray.sortedWith(comparator: Comparator<in Byte>): List<Byte> {	commonMain/generated/_Arrays.kt:6759
-	fun	sortedWith	ShortArray	0	public fun ShortArray.sortedWith(comparator: Comparator<in Short>): List<Short> {	commonMain/generated/_Arrays.kt:6766
-	fun	sortedWith	IntArray	0	public fun IntArray.sortedWith(comparator: Comparator<in Int>): List<Int> {	commonMain/generated/_Arrays.kt:6773
-	fun	sortedWith	LongArray	0	public fun LongArray.sortedWith(comparator: Comparator<in Long>): List<Long> {	commonMain/generated/_Arrays.kt:6780
-	fun	sortedWith	FloatArray	0	public fun FloatArray.sortedWith(comparator: Comparator<in Float>): List<Float> {	commonMain/generated/_Arrays.kt:6787
-	fun	sortedWith	DoubleArray	0	public fun DoubleArray.sortedWith(comparator: Comparator<in Double>): List<Double> {	commonMain/generated/_Arrays.kt:6794
-	fun	sortedWith	BooleanArray	0	public fun BooleanArray.sortedWith(comparator: Comparator<in Boolean>): List<Boolean> {	commonMain/generated/_Arrays.kt:6801
-	fun	sortedWith	CharArray	0	public fun CharArray.sortedWith(comparator: Comparator<in Char>): List<Char> {	commonMain/generated/_Arrays.kt:6808
-	fun	asList	-	0	public expect fun <T> Array<out T>.asList(): List<T>	commonMain/generated/_Arrays.kt:6815
-	fun	asList	ByteArray	0	public expect fun ByteArray.asList(): List<Byte>	commonMain/generated/_Arrays.kt:6820
-	fun	asList	ShortArray	0	public expect fun ShortArray.asList(): List<Short>	commonMain/generated/_Arrays.kt:6825
-	fun	asList	IntArray	0	public expect fun IntArray.asList(): List<Int>	commonMain/generated/_Arrays.kt:6830
-	fun	asList	LongArray	0	public expect fun LongArray.asList(): List<Long>	commonMain/generated/_Arrays.kt:6835
-	fun	asList	FloatArray	0	public expect fun FloatArray.asList(): List<Float>	commonMain/generated/_Arrays.kt:6840
-	fun	asList	DoubleArray	0	public expect fun DoubleArray.asList(): List<Double>	commonMain/generated/_Arrays.kt:6845
-	fun	asList	BooleanArray	0	public expect fun BooleanArray.asList(): List<Boolean>	commonMain/generated/_Arrays.kt:6850
-	fun	asList	CharArray	0	public expect fun CharArray.asList(): List<Char>	commonMain/generated/_Arrays.kt:6855
1.1	fun	contentDeepEquals	-	0	public expect infix fun <T> Array<out T>.contentDeepEquals(other: Array<out T>): Boolean	commonMain/generated/_Arrays.kt:6874
1.4	fun	contentDeepEquals	-	0	public expect infix fun <T> Array<out T>?.contentDeepEquals(other: Array<out T>?): Boolean	commonMain/generated/_Arrays.kt:6894
1.1	fun	contentDeepHashCode	-	0	public expect fun <T> Array<out T>.contentDeepHashCode(): Int	commonMain/generated/_Arrays.kt:6904
1.4	fun	contentDeepHashCode	-	0	public expect fun <T> Array<out T>?.contentDeepHashCode(): Int	commonMain/generated/_Arrays.kt:6913
1.1	fun	contentDeepToString	-	0	public expect fun <T> Array<out T>.contentDeepToString(): String	commonMain/generated/_Arrays.kt:6926
1.4	fun	contentDeepToString	-	0	public expect fun <T> Array<out T>?.contentDeepToString(): String	commonMain/generated/_Arrays.kt:6938
1.4	fun	contentEquals	-	0	public expect infix fun <T> Array<out T>?.contentEquals(other: Array<out T>?): Boolean	commonMain/generated/_Arrays.kt:6957
1.4	fun	contentEquals	ByteArray	0	public expect infix fun ByteArray?.contentEquals(other: ByteArray?): Boolean	commonMain/generated/_Arrays.kt:6972
1.4	fun	contentEquals	ShortArray	0	public expect infix fun ShortArray?.contentEquals(other: ShortArray?): Boolean	commonMain/generated/_Arrays.kt:6987
1.4	fun	contentEquals	IntArray	0	public expect infix fun IntArray?.contentEquals(other: IntArray?): Boolean	commonMain/generated/_Arrays.kt:7002
1.4	fun	contentEquals	LongArray	0	public expect infix fun LongArray?.contentEquals(other: LongArray?): Boolean	commonMain/generated/_Arrays.kt:7017
1.4	fun	contentEquals	FloatArray	0	public expect infix fun FloatArray?.contentEquals(other: FloatArray?): Boolean	commonMain/generated/_Arrays.kt:7034
1.4	fun	contentEquals	DoubleArray	0	public expect infix fun DoubleArray?.contentEquals(other: DoubleArray?): Boolean	commonMain/generated/_Arrays.kt:7051
1.4	fun	contentEquals	BooleanArray	0	public expect infix fun BooleanArray?.contentEquals(other: BooleanArray?): Boolean	commonMain/generated/_Arrays.kt:7066
1.4	fun	contentEquals	CharArray	0	public expect infix fun CharArray?.contentEquals(other: CharArray?): Boolean	commonMain/generated/_Arrays.kt:7081
1.4	fun	contentHashCode	-	0	public expect fun <T> Array<out T>?.contentHashCode(): Int	commonMain/generated/_Arrays.kt:7087
1.4	fun	contentHashCode	ByteArray	0	public expect fun ByteArray?.contentHashCode(): Int	commonMain/generated/_Arrays.kt:7093
1.4	fun	contentHashCode	ShortArray	0	public expect fun ShortArray?.contentHashCode(): Int	commonMain/generated/_Arrays.kt:7099
1.4	fun	contentHashCode	IntArray	0	public expect fun IntArray?.contentHashCode(): Int	commonMain/generated/_Arrays.kt:7105
1.4	fun	contentHashCode	LongArray	0	public expect fun LongArray?.contentHashCode(): Int	commonMain/generated/_Arrays.kt:7111
1.4	fun	contentHashCode	FloatArray	0	public expect fun FloatArray?.contentHashCode(): Int	commonMain/generated/_Arrays.kt:7117
1.4	fun	contentHashCode	DoubleArray	0	public expect fun DoubleArray?.contentHashCode(): Int	commonMain/generated/_Arrays.kt:7123
1.4	fun	contentHashCode	BooleanArray	0	public expect fun BooleanArray?.contentHashCode(): Int	commonMain/generated/_Arrays.kt:7129
1.4	fun	contentHashCode	CharArray	0	public expect fun CharArray?.contentHashCode(): Int	commonMain/generated/_Arrays.kt:7135
1.4	fun	contentToString	-	0	public expect fun <T> Array<out T>?.contentToString(): String	commonMain/generated/_Arrays.kt:7143
1.4	fun	contentToString	ByteArray	0	public expect fun ByteArray?.contentToString(): String	commonMain/generated/_Arrays.kt:7151
1.4	fun	contentToString	ShortArray	0	public expect fun ShortArray?.contentToString(): String	commonMain/generated/_Arrays.kt:7159
1.4	fun	contentToString	IntArray	0	public expect fun IntArray?.contentToString(): String	commonMain/generated/_Arrays.kt:7167
1.4	fun	contentToString	LongArray	0	public expect fun LongArray?.contentToString(): String	commonMain/generated/_Arrays.kt:7175
1.4	fun	contentToString	FloatArray	0	public expect fun FloatArray?.contentToString(): String	commonMain/generated/_Arrays.kt:7183
1.4	fun	contentToString	DoubleArray	0	public expect fun DoubleArray?.contentToString(): String	commonMain/generated/_Arrays.kt:7191
1.4	fun	contentToString	BooleanArray	0	public expect fun BooleanArray?.contentToString(): String	commonMain/generated/_Arrays.kt:7199
1.4	fun	contentToString	CharArray	0	public expect fun CharArray?.contentToString(): String	commonMain/generated/_Arrays.kt:7207
1.3	fun	copyInto	-	3	public expect fun <T> Array<out T>.copyInto(destination: Array<T>, destinationOffset: Int = 0, startIndex: Int = 0, endIndex: Int = size): Array<T>	commonMain/generated/_Arrays.kt:7226
1.3	fun	copyInto	ByteArray	3	public expect fun ByteArray.copyInto(destination: ByteArray, destinationOffset: Int = 0, startIndex: Int = 0, endIndex: Int = size): ByteArray	commonMain/generated/_Arrays.kt:7245
1.3	fun	copyInto	ShortArray	3	public expect fun ShortArray.copyInto(destination: ShortArray, destinationOffset: Int = 0, startIndex: Int = 0, endIndex: Int = size): ShortArray	commonMain/generated/_Arrays.kt:7264
1.3	fun	copyInto	IntArray	3	public expect fun IntArray.copyInto(destination: IntArray, destinationOffset: Int = 0, startIndex: Int = 0, endIndex: Int = size): IntArray	commonMain/generated/_Arrays.kt:7283
1.3	fun	copyInto	LongArray	3	public expect fun LongArray.copyInto(destination: LongArray, destinationOffset: Int = 0, startIndex: Int = 0, endIndex: Int = size): LongArray	commonMain/generated/_Arrays.kt:7302
1.3	fun	copyInto	FloatArray	3	public expect fun FloatArray.copyInto(destination: FloatArray, destinationOffset: Int = 0, startIndex: Int = 0, endIndex: Int = size): FloatArray	commonMain/generated/_Arrays.kt:7321
1.3	fun	copyInto	DoubleArray	3	public expect fun DoubleArray.copyInto(destination: DoubleArray, destinationOffset: Int = 0, startIndex: Int = 0, endIndex: Int = size): DoubleArray	commonMain/generated/_Arrays.kt:7340
1.3	fun	copyInto	BooleanArray	3	public expect fun BooleanArray.copyInto(destination: BooleanArray, destinationOffset: Int = 0, startIndex: Int = 0, endIndex: Int = size): BooleanArray	commonMain/generated/_Arrays.kt:7359
1.3	fun	copyInto	CharArray	3	public expect fun CharArray.copyInto(destination: CharArray, destinationOffset: Int = 0, startIndex: Int = 0, endIndex: Int = size): CharArray	commonMain/generated/_Arrays.kt:7378
-	fun	copyOf	-	0	public expect fun <T> Array<T>.copyOf(): Array<T>	commonMain/generated/_Arrays.kt:7385
-	fun	copyOf	ByteArray	0	public expect fun ByteArray.copyOf(): ByteArray	commonMain/generated/_Arrays.kt:7392
-	fun	copyOf	ShortArray	0	public expect fun ShortArray.copyOf(): ShortArray	commonMain/generated/_Arrays.kt:7399
-	fun	copyOf	IntArray	0	public expect fun IntArray.copyOf(): IntArray	commonMain/generated/_Arrays.kt:7406
-	fun	copyOf	LongArray	0	public expect fun LongArray.copyOf(): LongArray	commonMain/generated/_Arrays.kt:7413
-	fun	copyOf	FloatArray	0	public expect fun FloatArray.copyOf(): FloatArray	commonMain/generated/_Arrays.kt:7420
-	fun	copyOf	DoubleArray	0	public expect fun DoubleArray.copyOf(): DoubleArray	commonMain/generated/_Arrays.kt:7427
-	fun	copyOf	BooleanArray	0	public expect fun BooleanArray.copyOf(): BooleanArray	commonMain/generated/_Arrays.kt:7434
-	fun	copyOf	CharArray	0	public expect fun CharArray.copyOf(): CharArray	commonMain/generated/_Arrays.kt:7441
-	fun	copyOf	ByteArray	0	public expect fun ByteArray.copyOf(newSize: Int): ByteArray	commonMain/generated/_Arrays.kt:7452
-	fun	copyOf	ShortArray	0	public expect fun ShortArray.copyOf(newSize: Int): ShortArray	commonMain/generated/_Arrays.kt:7463
-	fun	copyOf	IntArray	0	public expect fun IntArray.copyOf(newSize: Int): IntArray	commonMain/generated/_Arrays.kt:7474
-	fun	copyOf	LongArray	0	public expect fun LongArray.copyOf(newSize: Int): LongArray	commonMain/generated/_Arrays.kt:7485
-	fun	copyOf	FloatArray	0	public expect fun FloatArray.copyOf(newSize: Int): FloatArray	commonMain/generated/_Arrays.kt:7496
-	fun	copyOf	DoubleArray	0	public expect fun DoubleArray.copyOf(newSize: Int): DoubleArray	commonMain/generated/_Arrays.kt:7507
-	fun	copyOf	BooleanArray	0	public expect fun BooleanArray.copyOf(newSize: Int): BooleanArray	commonMain/generated/_Arrays.kt:7518
-	fun	copyOf	CharArray	0	public expect fun CharArray.copyOf(newSize: Int): CharArray	commonMain/generated/_Arrays.kt:7529
-	fun	copyOf	-	0	public expect fun <T> Array<T>.copyOf(newSize: Int): Array<T?>	commonMain/generated/_Arrays.kt:7540
-	fun	copyOfRange	-	1	public expect fun <T> Array<T>.copyOfRange(fromIndex: Int, toIndex: Int): Array<T>	commonMain/generated/_Arrays.kt:7551
-	fun	copyOfRange	ByteArray	1	public expect fun ByteArray.copyOfRange(fromIndex: Int, toIndex: Int): ByteArray	commonMain/generated/_Arrays.kt:7562
-	fun	copyOfRange	ShortArray	1	public expect fun ShortArray.copyOfRange(fromIndex: Int, toIndex: Int): ShortArray	commonMain/generated/_Arrays.kt:7573
-	fun	copyOfRange	IntArray	1	public expect fun IntArray.copyOfRange(fromIndex: Int, toIndex: Int): IntArray	commonMain/generated/_Arrays.kt:7584
-	fun	copyOfRange	LongArray	1	public expect fun LongArray.copyOfRange(fromIndex: Int, toIndex: Int): LongArray	commonMain/generated/_Arrays.kt:7595
-	fun	copyOfRange	FloatArray	1	public expect fun FloatArray.copyOfRange(fromIndex: Int, toIndex: Int): FloatArray	commonMain/generated/_Arrays.kt:7606
-	fun	copyOfRange	DoubleArray	1	public expect fun DoubleArray.copyOfRange(fromIndex: Int, toIndex: Int): DoubleArray	commonMain/generated/_Arrays.kt:7617
-	fun	copyOfRange	BooleanArray	1	public expect fun BooleanArray.copyOfRange(fromIndex: Int, toIndex: Int): BooleanArray	commonMain/generated/_Arrays.kt:7628
-	fun	copyOfRange	CharArray	1	public expect fun CharArray.copyOfRange(fromIndex: Int, toIndex: Int): CharArray	commonMain/generated/_Arrays.kt:7639
1.3	fun	fill	-	2	public expect fun <T> Array<T>.fill(element: T, fromIndex: Int = 0, toIndex: Int = size): Unit	commonMain/generated/_Arrays.kt:7651
1.3	fun	fill	ByteArray	2	public expect fun ByteArray.fill(element: Byte, fromIndex: Int = 0, toIndex: Int = size): Unit	commonMain/generated/_Arrays.kt:7663
1.3	fun	fill	ShortArray	2	public expect fun ShortArray.fill(element: Short, fromIndex: Int = 0, toIndex: Int = size): Unit	commonMain/generated/_Arrays.kt:7675
1.3	fun	fill	IntArray	2	public expect fun IntArray.fill(element: Int, fromIndex: Int = 0, toIndex: Int = size): Unit	commonMain/generated/_Arrays.kt:7687
1.3	fun	fill	LongArray	2	public expect fun LongArray.fill(element: Long, fromIndex: Int = 0, toIndex: Int = size): Unit	commonMain/generated/_Arrays.kt:7699
1.3	fun	fill	FloatArray	2	public expect fun FloatArray.fill(element: Float, fromIndex: Int = 0, toIndex: Int = size): Unit	commonMain/generated/_Arrays.kt:7711
1.3	fun	fill	DoubleArray	2	public expect fun DoubleArray.fill(element: Double, fromIndex: Int = 0, toIndex: Int = size): Unit	commonMain/generated/_Arrays.kt:7723
1.3	fun	fill	BooleanArray	2	public expect fun BooleanArray.fill(element: Boolean, fromIndex: Int = 0, toIndex: Int = size): Unit	commonMain/generated/_Arrays.kt:7735
1.3	fun	fill	CharArray	2	public expect fun CharArray.fill(element: Char, fromIndex: Int = 0, toIndex: Int = size): Unit	commonMain/generated/_Arrays.kt:7747
-	val	IntRange	-	0	public val <T> Array<out T>.indices: IntRange	commonMain/generated/_Arrays.kt:7752
-	val	IntRange	-	0	public val ByteArray.indices: IntRange	commonMain/generated/_Arrays.kt:7758
-	val	IntRange	-	0	public val ShortArray.indices: IntRange	commonMain/generated/_Arrays.kt:7764
-	val	IntRange	-	0	public val IntArray.indices: IntRange	commonMain/generated/_Arrays.kt:7770
-	val	IntRange	-	0	public val LongArray.indices: IntRange	commonMain/generated/_Arrays.kt:7776
-	val	IntRange	-	0	public val FloatArray.indices: IntRange	commonMain/generated/_Arrays.kt:7782
-	val	IntRange	-	0	public val DoubleArray.indices: IntRange	commonMain/generated/_Arrays.kt:7788
-	val	IntRange	-	0	public val BooleanArray.indices: IntRange	commonMain/generated/_Arrays.kt:7794
-	val	IntRange	-	0	public val CharArray.indices: IntRange	commonMain/generated/_Arrays.kt:7800
-	fun	isEmpty	-	0	public inline fun <T> Array<out T>.isEmpty(): Boolean {	commonMain/generated/_Arrays.kt:7807
-	fun	isEmpty	ByteArray	0	public inline fun ByteArray.isEmpty(): Boolean {	commonMain/generated/_Arrays.kt:7815
-	fun	isEmpty	ShortArray	0	public inline fun ShortArray.isEmpty(): Boolean {	commonMain/generated/_Arrays.kt:7823
-	fun	isEmpty	IntArray	0	public inline fun IntArray.isEmpty(): Boolean {	commonMain/generated/_Arrays.kt:7831
-	fun	isEmpty	LongArray	0	public inline fun LongArray.isEmpty(): Boolean {	commonMain/generated/_Arrays.kt:7839
-	fun	isEmpty	FloatArray	0	public inline fun FloatArray.isEmpty(): Boolean {	commonMain/generated/_Arrays.kt:7847
-	fun	isEmpty	DoubleArray	0	public inline fun DoubleArray.isEmpty(): Boolean {	commonMain/generated/_Arrays.kt:7855
-	fun	isEmpty	BooleanArray	0	public inline fun BooleanArray.isEmpty(): Boolean {	commonMain/generated/_Arrays.kt:7863
-	fun	isEmpty	CharArray	0	public inline fun CharArray.isEmpty(): Boolean {	commonMain/generated/_Arrays.kt:7871
-	fun	isNotEmpty	-	0	public inline fun <T> Array<out T>.isNotEmpty(): Boolean {	commonMain/generated/_Arrays.kt:7879
-	fun	isNotEmpty	ByteArray	0	public inline fun ByteArray.isNotEmpty(): Boolean {	commonMain/generated/_Arrays.kt:7887
-	fun	isNotEmpty	ShortArray	0	public inline fun ShortArray.isNotEmpty(): Boolean {	commonMain/generated/_Arrays.kt:7895
-	fun	isNotEmpty	IntArray	0	public inline fun IntArray.isNotEmpty(): Boolean {	commonMain/generated/_Arrays.kt:7903
-	fun	isNotEmpty	LongArray	0	public inline fun LongArray.isNotEmpty(): Boolean {	commonMain/generated/_Arrays.kt:7911
-	fun	isNotEmpty	FloatArray	0	public inline fun FloatArray.isNotEmpty(): Boolean {	commonMain/generated/_Arrays.kt:7919
-	fun	isNotEmpty	DoubleArray	0	public inline fun DoubleArray.isNotEmpty(): Boolean {	commonMain/generated/_Arrays.kt:7927
-	fun	isNotEmpty	BooleanArray	0	public inline fun BooleanArray.isNotEmpty(): Boolean {	commonMain/generated/_Arrays.kt:7935
-	fun	isNotEmpty	CharArray	0	public inline fun CharArray.isNotEmpty(): Boolean {	commonMain/generated/_Arrays.kt:7943
-	val	Int	-	0	public val <T> Array<out T>.lastIndex: Int	commonMain/generated/_Arrays.kt:7950
-	val	Int	-	0	public val ByteArray.lastIndex: Int	commonMain/generated/_Arrays.kt:7956
-	val	Int	-	0	public val ShortArray.lastIndex: Int	commonMain/generated/_Arrays.kt:7962
-	val	Int	-	0	public val IntArray.lastIndex: Int	commonMain/generated/_Arrays.kt:7968
-	val	Int	-	0	public val LongArray.lastIndex: Int	commonMain/generated/_Arrays.kt:7974
-	val	Int	-	0	public val FloatArray.lastIndex: Int	commonMain/generated/_Arrays.kt:7980
-	val	Int	-	0	public val DoubleArray.lastIndex: Int	commonMain/generated/_Arrays.kt:7986
-	val	Int	-	0	public val BooleanArray.lastIndex: Int	commonMain/generated/_Arrays.kt:7992
-	val	Int	-	0	public val CharArray.lastIndex: Int	commonMain/generated/_Arrays.kt:7998
-	fun	plus	-	0	public expect operator fun <T> Array<T>.plus(element: T): Array<T>	commonMain/generated/_Arrays.kt:8004
-	fun	plus	ByteArray	0	public expect operator fun ByteArray.plus(element: Byte): ByteArray	commonMain/generated/_Arrays.kt:8009
-	fun	plus	ShortArray	0	public expect operator fun ShortArray.plus(element: Short): ShortArray	commonMain/generated/_Arrays.kt:8014
-	fun	plus	IntArray	0	public expect operator fun IntArray.plus(element: Int): IntArray	commonMain/generated/_Arrays.kt:8019
-	fun	plus	LongArray	0	public expect operator fun LongArray.plus(element: Long): LongArray	commonMain/generated/_Arrays.kt:8024
-	fun	plus	FloatArray	0	public expect operator fun FloatArray.plus(element: Float): FloatArray	commonMain/generated/_Arrays.kt:8029
-	fun	plus	DoubleArray	0	public expect operator fun DoubleArray.plus(element: Double): DoubleArray	commonMain/generated/_Arrays.kt:8034
-	fun	plus	BooleanArray	0	public expect operator fun BooleanArray.plus(element: Boolean): BooleanArray	commonMain/generated/_Arrays.kt:8039
-	fun	plus	CharArray	0	public expect operator fun CharArray.plus(element: Char): CharArray	commonMain/generated/_Arrays.kt:8044
-	fun	plus	-	0	public expect operator fun <T> Array<T>.plus(elements: Collection<T>): Array<T>	commonMain/generated/_Arrays.kt:8049
-	fun	plus	ByteArray	0	public expect operator fun ByteArray.plus(elements: Collection<Byte>): ByteArray	commonMain/generated/_Arrays.kt:8054
-	fun	plus	ShortArray	0	public expect operator fun ShortArray.plus(elements: Collection<Short>): ShortArray	commonMain/generated/_Arrays.kt:8059
-	fun	plus	IntArray	0	public expect operator fun IntArray.plus(elements: Collection<Int>): IntArray	commonMain/generated/_Arrays.kt:8064
-	fun	plus	LongArray	0	public expect operator fun LongArray.plus(elements: Collection<Long>): LongArray	commonMain/generated/_Arrays.kt:8069
-	fun	plus	FloatArray	0	public expect operator fun FloatArray.plus(elements: Collection<Float>): FloatArray	commonMain/generated/_Arrays.kt:8074
-	fun	plus	DoubleArray	0	public expect operator fun DoubleArray.plus(elements: Collection<Double>): DoubleArray	commonMain/generated/_Arrays.kt:8079
-	fun	plus	BooleanArray	0	public expect operator fun BooleanArray.plus(elements: Collection<Boolean>): BooleanArray	commonMain/generated/_Arrays.kt:8084
-	fun	plus	CharArray	0	public expect operator fun CharArray.plus(elements: Collection<Char>): CharArray	commonMain/generated/_Arrays.kt:8089
-	fun	plus	-	0	public expect operator fun <T> Array<T>.plus(elements: Array<out T>): Array<T>	commonMain/generated/_Arrays.kt:8094
-	fun	plus	ByteArray	0	public expect operator fun ByteArray.plus(elements: ByteArray): ByteArray	commonMain/generated/_Arrays.kt:8099
-	fun	plus	ShortArray	0	public expect operator fun ShortArray.plus(elements: ShortArray): ShortArray	commonMain/generated/_Arrays.kt:8104
-	fun	plus	IntArray	0	public expect operator fun IntArray.plus(elements: IntArray): IntArray	commonMain/generated/_Arrays.kt:8109
-	fun	plus	LongArray	0	public expect operator fun LongArray.plus(elements: LongArray): LongArray	commonMain/generated/_Arrays.kt:8114
-	fun	plus	FloatArray	0	public expect operator fun FloatArray.plus(elements: FloatArray): FloatArray	commonMain/generated/_Arrays.kt:8119
-	fun	plus	DoubleArray	0	public expect operator fun DoubleArray.plus(elements: DoubleArray): DoubleArray	commonMain/generated/_Arrays.kt:8124
-	fun	plus	BooleanArray	0	public expect operator fun BooleanArray.plus(elements: BooleanArray): BooleanArray	commonMain/generated/_Arrays.kt:8129
-	fun	plus	CharArray	0	public expect operator fun CharArray.plus(elements: CharArray): CharArray	commonMain/generated/_Arrays.kt:8134
-	fun	plusElement	-	0	public expect fun <T> Array<T>.plusElement(element: T): Array<T>	commonMain/generated/_Arrays.kt:8139
-	fun	sort	IntArray	0	public expect fun IntArray.sort(): Unit	commonMain/generated/_Arrays.kt:8146
-	fun	sort	LongArray	0	public expect fun LongArray.sort(): Unit	commonMain/generated/_Arrays.kt:8153
-	fun	sort	ByteArray	0	public expect fun ByteArray.sort(): Unit	commonMain/generated/_Arrays.kt:8160
-	fun	sort	ShortArray	0	public expect fun ShortArray.sort(): Unit	commonMain/generated/_Arrays.kt:8167
-	fun	sort	DoubleArray	0	public expect fun DoubleArray.sort(): Unit	commonMain/generated/_Arrays.kt:8174
-	fun	sort	FloatArray	0	public expect fun FloatArray.sort(): Unit	commonMain/generated/_Arrays.kt:8181
-	fun	sort	CharArray	0	public expect fun CharArray.sort(): Unit	commonMain/generated/_Arrays.kt:8188
-	fun	sort	-	0	public expect fun <T : Comparable<T>> Array<out T>.sort(): Unit	commonMain/generated/_Arrays.kt:8197
1.4	fun	sort	-	1	public expect fun <T : Comparable<T>> Array<out T>.sort(fromIndex: Int = 0, toIndex: Int = size): Unit	commonMain/generated/_Arrays.kt:8213
1.4	fun	sort	ByteArray	1	public expect fun ByteArray.sort(fromIndex: Int = 0, toIndex: Int = size): Unit	commonMain/generated/_Arrays.kt:8227
1.4	fun	sort	ShortArray	1	public expect fun ShortArray.sort(fromIndex: Int = 0, toIndex: Int = size): Unit	commonMain/generated/_Arrays.kt:8241
1.4	fun	sort	IntArray	1	public expect fun IntArray.sort(fromIndex: Int = 0, toIndex: Int = size): Unit	commonMain/generated/_Arrays.kt:8255
1.4	fun	sort	LongArray	1	public expect fun LongArray.sort(fromIndex: Int = 0, toIndex: Int = size): Unit	commonMain/generated/_Arrays.kt:8269
1.4	fun	sort	FloatArray	1	public expect fun FloatArray.sort(fromIndex: Int = 0, toIndex: Int = size): Unit	commonMain/generated/_Arrays.kt:8283
1.4	fun	sort	DoubleArray	1	public expect fun DoubleArray.sort(fromIndex: Int = 0, toIndex: Int = size): Unit	commonMain/generated/_Arrays.kt:8297
1.4	fun	sort	CharArray	1	public expect fun CharArray.sort(fromIndex: Int = 0, toIndex: Int = size): Unit	commonMain/generated/_Arrays.kt:8311
1.4	fun	sortDescending	-	1	public fun <T : Comparable<T>> Array<out T>.sortDescending(fromIndex: Int, toIndex: Int): Unit {	commonMain/generated/_Arrays.kt:8326
1.4	fun	sortDescending	ByteArray	1	public fun ByteArray.sortDescending(fromIndex: Int, toIndex: Int): Unit {	commonMain/generated/_Arrays.kt:8341
1.4	fun	sortDescending	ShortArray	1	public fun ShortArray.sortDescending(fromIndex: Int, toIndex: Int): Unit {	commonMain/generated/_Arrays.kt:8357
1.4	fun	sortDescending	IntArray	1	public fun IntArray.sortDescending(fromIndex: Int, toIndex: Int): Unit {	commonMain/generated/_Arrays.kt:8373
1.4	fun	sortDescending	LongArray	1	public fun LongArray.sortDescending(fromIndex: Int, toIndex: Int): Unit {	commonMain/generated/_Arrays.kt:8389
1.4	fun	sortDescending	FloatArray	1	public fun FloatArray.sortDescending(fromIndex: Int, toIndex: Int): Unit {	commonMain/generated/_Arrays.kt:8405
1.4	fun	sortDescending	DoubleArray	1	public fun DoubleArray.sortDescending(fromIndex: Int, toIndex: Int): Unit {	commonMain/generated/_Arrays.kt:8421
1.4	fun	sortDescending	CharArray	1	public fun CharArray.sortDescending(fromIndex: Int, toIndex: Int): Unit {	commonMain/generated/_Arrays.kt:8437
-	fun	sortWith	-	0	public expect fun <T> Array<out T>.sortWith(comparator: Comparator<in T>): Unit	commonMain/generated/_Arrays.kt:8447
-	fun	sortWith	-	2	public expect fun <T> Array<out T>.sortWith(comparator: Comparator<in T>, fromIndex: Int = 0, toIndex: Int = size): Unit	commonMain/generated/_Arrays.kt:8460
-	fun	toBooleanArray	-	0	public fun Array<out Boolean>.toBooleanArray(): BooleanArray {	commonMain/generated/_Arrays.kt:8465
-	fun	toByteArray	-	0	public fun Array<out Byte>.toByteArray(): ByteArray {	commonMain/generated/_Arrays.kt:8472
-	fun	toCharArray	-	0	public fun Array<out Char>.toCharArray(): CharArray {	commonMain/generated/_Arrays.kt:8479
-	fun	toDoubleArray	-	0	public fun Array<out Double>.toDoubleArray(): DoubleArray {	commonMain/generated/_Arrays.kt:8486
-	fun	toFloatArray	-	0	public fun Array<out Float>.toFloatArray(): FloatArray {	commonMain/generated/_Arrays.kt:8493
-	fun	toIntArray	-	0	public fun Array<out Int>.toIntArray(): IntArray {	commonMain/generated/_Arrays.kt:8500
-	fun	toLongArray	-	0	public fun Array<out Long>.toLongArray(): LongArray {	commonMain/generated/_Arrays.kt:8507
-	fun	toShortArray	-	0	public fun Array<out Short>.toShortArray(): ShortArray {	commonMain/generated/_Arrays.kt:8514
-	fun	toTypedArray	ByteArray	0	public expect fun ByteArray.toTypedArray(): Array<Byte>	commonMain/generated/_Arrays.kt:8521
-	fun	toTypedArray	ShortArray	0	public expect fun ShortArray.toTypedArray(): Array<Short>	commonMain/generated/_Arrays.kt:8526
-	fun	toTypedArray	IntArray	0	public expect fun IntArray.toTypedArray(): Array<Int>	commonMain/generated/_Arrays.kt:8531
-	fun	toTypedArray	LongArray	0	public expect fun LongArray.toTypedArray(): Array<Long>	commonMain/generated/_Arrays.kt:8536
-	fun	toTypedArray	FloatArray	0	public expect fun FloatArray.toTypedArray(): Array<Float>	commonMain/generated/_Arrays.kt:8541
-	fun	toTypedArray	DoubleArray	0	public expect fun DoubleArray.toTypedArray(): Array<Double>	commonMain/generated/_Arrays.kt:8546
-	fun	toTypedArray	BooleanArray	0	public expect fun BooleanArray.toTypedArray(): Array<Boolean>	commonMain/generated/_Arrays.kt:8551
-	fun	toTypedArray	CharArray	0	public expect fun CharArray.toTypedArray(): Array<Char>	commonMain/generated/_Arrays.kt:8556
-	fun	associate	-	4	public inline fun <T, K, V> Array<out T>.associate(transform: (T) -> Pair<K, V>): Map<K, V> {	commonMain/generated/_Arrays.kt:8568
-	val	capacity	-	0	val capacity = mapCapacity(size).coerceAtLeast(16)	commonMain/generated/_Arrays.kt:8569
-	fun	associate	ByteArray	3	public inline fun <K, V> ByteArray.associate(transform: (Byte) -> Pair<K, V>): Map<K, V> {	commonMain/generated/_Arrays.kt:8583
-	val	capacity	-	0	val capacity = mapCapacity(size).coerceAtLeast(16)	commonMain/generated/_Arrays.kt:8584
-	fun	associate	ShortArray	3	public inline fun <K, V> ShortArray.associate(transform: (Short) -> Pair<K, V>): Map<K, V> {	commonMain/generated/_Arrays.kt:8598
-	val	capacity	-	0	val capacity = mapCapacity(size).coerceAtLeast(16)	commonMain/generated/_Arrays.kt:8599
-	fun	associate	IntArray	3	public inline fun <K, V> IntArray.associate(transform: (Int) -> Pair<K, V>): Map<K, V> {	commonMain/generated/_Arrays.kt:8613
-	val	capacity	-	0	val capacity = mapCapacity(size).coerceAtLeast(16)	commonMain/generated/_Arrays.kt:8614
-	fun	associate	LongArray	3	public inline fun <K, V> LongArray.associate(transform: (Long) -> Pair<K, V>): Map<K, V> {	commonMain/generated/_Arrays.kt:8628
-	val	capacity	-	0	val capacity = mapCapacity(size).coerceAtLeast(16)	commonMain/generated/_Arrays.kt:8629
-	fun	associate	FloatArray	3	public inline fun <K, V> FloatArray.associate(transform: (Float) -> Pair<K, V>): Map<K, V> {	commonMain/generated/_Arrays.kt:8643
-	val	capacity	-	0	val capacity = mapCapacity(size).coerceAtLeast(16)	commonMain/generated/_Arrays.kt:8644
-	fun	associate	DoubleArray	3	public inline fun <K, V> DoubleArray.associate(transform: (Double) -> Pair<K, V>): Map<K, V> {	commonMain/generated/_Arrays.kt:8658
-	val	capacity	-	0	val capacity = mapCapacity(size).coerceAtLeast(16)	commonMain/generated/_Arrays.kt:8659
-	fun	associate	BooleanArray	3	public inline fun <K, V> BooleanArray.associate(transform: (Boolean) -> Pair<K, V>): Map<K, V> {	commonMain/generated/_Arrays.kt:8673
-	val	capacity	-	0	val capacity = mapCapacity(size).coerceAtLeast(16)	commonMain/generated/_Arrays.kt:8674
-	fun	associate	CharArray	3	public inline fun <K, V> CharArray.associate(transform: (Char) -> Pair<K, V>): Map<K, V> {	commonMain/generated/_Arrays.kt:8688
-	val	capacity	-	0	val capacity = mapCapacity(size).coerceAtLeast(16)	commonMain/generated/_Arrays.kt:8689
-	fun	associateBy	-	2	public inline fun <T, K> Array<out T>.associateBy(keySelector: (T) -> K): Map<K, T> {	commonMain/generated/_Arrays.kt:8703
-	val	capacity	-	0	val capacity = mapCapacity(size).coerceAtLeast(16)	commonMain/generated/_Arrays.kt:8704
-	fun	associateBy	ByteArray	1	public inline fun <K> ByteArray.associateBy(keySelector: (Byte) -> K): Map<K, Byte> {	commonMain/generated/_Arrays.kt:8718
-	val	capacity	-	0	val capacity = mapCapacity(size).coerceAtLeast(16)	commonMain/generated/_Arrays.kt:8719
-	fun	associateBy	ShortArray	1	public inline fun <K> ShortArray.associateBy(keySelector: (Short) -> K): Map<K, Short> {	commonMain/generated/_Arrays.kt:8733
-	val	capacity	-	0	val capacity = mapCapacity(size).coerceAtLeast(16)	commonMain/generated/_Arrays.kt:8734
-	fun	associateBy	IntArray	1	public inline fun <K> IntArray.associateBy(keySelector: (Int) -> K): Map<K, Int> {	commonMain/generated/_Arrays.kt:8748
-	val	capacity	-	0	val capacity = mapCapacity(size).coerceAtLeast(16)	commonMain/generated/_Arrays.kt:8749
-	fun	associateBy	LongArray	1	public inline fun <K> LongArray.associateBy(keySelector: (Long) -> K): Map<K, Long> {	commonMain/generated/_Arrays.kt:8763
-	val	capacity	-	0	val capacity = mapCapacity(size).coerceAtLeast(16)	commonMain/generated/_Arrays.kt:8764
-	fun	associateBy	FloatArray	1	public inline fun <K> FloatArray.associateBy(keySelector: (Float) -> K): Map<K, Float> {	commonMain/generated/_Arrays.kt:8778
-	val	capacity	-	0	val capacity = mapCapacity(size).coerceAtLeast(16)	commonMain/generated/_Arrays.kt:8779
-	fun	associateBy	DoubleArray	1	public inline fun <K> DoubleArray.associateBy(keySelector: (Double) -> K): Map<K, Double> {	commonMain/generated/_Arrays.kt:8793
-	val	capacity	-	0	val capacity = mapCapacity(size).coerceAtLeast(16)	commonMain/generated/_Arrays.kt:8794
-	fun	associateBy	BooleanArray	1	public inline fun <K> BooleanArray.associateBy(keySelector: (Boolean) -> K): Map<K, Boolean> {	commonMain/generated/_Arrays.kt:8808
-	val	capacity	-	0	val capacity = mapCapacity(size).coerceAtLeast(16)	commonMain/generated/_Arrays.kt:8809
-	fun	associateBy	CharArray	1	public inline fun <K> CharArray.associateBy(keySelector: (Char) -> K): Map<K, Char> {	commonMain/generated/_Arrays.kt:8823
-	val	capacity	-	0	val capacity = mapCapacity(size).coerceAtLeast(16)	commonMain/generated/_Arrays.kt:8824
-	fun	associateBy	-	4	public inline fun <T, K, V> Array<out T>.associateBy(keySelector: (T) -> K, valueTransform: (T) -> V): Map<K, V> {	commonMain/generated/_Arrays.kt:8837
-	val	capacity	-	0	val capacity = mapCapacity(size).coerceAtLeast(16)	commonMain/generated/_Arrays.kt:8838
-	fun	associateBy	ByteArray	3	public inline fun <K, V> ByteArray.associateBy(keySelector: (Byte) -> K, valueTransform: (Byte) -> V): Map<K, V> {	commonMain/generated/_Arrays.kt:8851
-	val	capacity	-	0	val capacity = mapCapacity(size).coerceAtLeast(16)	commonMain/generated/_Arrays.kt:8852
-	fun	associateBy	ShortArray	3	public inline fun <K, V> ShortArray.associateBy(keySelector: (Short) -> K, valueTransform: (Short) -> V): Map<K, V> {	commonMain/generated/_Arrays.kt:8865
-	val	capacity	-	0	val capacity = mapCapacity(size).coerceAtLeast(16)	commonMain/generated/_Arrays.kt:8866
-	fun	associateBy	IntArray	3	public inline fun <K, V> IntArray.associateBy(keySelector: (Int) -> K, valueTransform: (Int) -> V): Map<K, V> {	commonMain/generated/_Arrays.kt:8879
-	val	capacity	-	0	val capacity = mapCapacity(size).coerceAtLeast(16)	commonMain/generated/_Arrays.kt:8880
-	fun	associateBy	LongArray	3	public inline fun <K, V> LongArray.associateBy(keySelector: (Long) -> K, valueTransform: (Long) -> V): Map<K, V> {	commonMain/generated/_Arrays.kt:8893
-	val	capacity	-	0	val capacity = mapCapacity(size).coerceAtLeast(16)	commonMain/generated/_Arrays.kt:8894
-	fun	associateBy	FloatArray	3	public inline fun <K, V> FloatArray.associateBy(keySelector: (Float) -> K, valueTransform: (Float) -> V): Map<K, V> {	commonMain/generated/_Arrays.kt:8907
-	val	capacity	-	0	val capacity = mapCapacity(size).coerceAtLeast(16)	commonMain/generated/_Arrays.kt:8908
-	fun	associateBy	DoubleArray	3	public inline fun <K, V> DoubleArray.associateBy(keySelector: (Double) -> K, valueTransform: (Double) -> V): Map<K, V> {	commonMain/generated/_Arrays.kt:8921
-	val	capacity	-	0	val capacity = mapCapacity(size).coerceAtLeast(16)	commonMain/generated/_Arrays.kt:8922
-	fun	associateBy	BooleanArray	3	public inline fun <K, V> BooleanArray.associateBy(keySelector: (Boolean) -> K, valueTransform: (Boolean) -> V): Map<K, V> {	commonMain/generated/_Arrays.kt:8935
-	val	capacity	-	0	val capacity = mapCapacity(size).coerceAtLeast(16)	commonMain/generated/_Arrays.kt:8936
-	fun	associateBy	CharArray	3	public inline fun <K, V> CharArray.associateBy(keySelector: (Char) -> K, valueTransform: (Char) -> V): Map<K, V> {	commonMain/generated/_Arrays.kt:8949
-	val	capacity	-	0	val capacity = mapCapacity(size).coerceAtLeast(16)	commonMain/generated/_Arrays.kt:8950
-	fun	associateByTo	-	4	public inline fun <T, K, M : MutableMap<in K, in T>> Array<out T>.associateByTo(destination: M, keySelector: (T) -> K): M {	commonMain/generated/_Arrays.kt:8963
-	fun	associateByTo	ByteArray	3	public inline fun <K, M : MutableMap<in K, in Byte>> ByteArray.associateByTo(destination: M, keySelector: (Byte) -> K): M {	commonMain/generated/_Arrays.kt:8979
-	fun	associateByTo	ShortArray	3	public inline fun <K, M : MutableMap<in K, in Short>> ShortArray.associateByTo(destination: M, keySelector: (Short) -> K): M {	commonMain/generated/_Arrays.kt:8995
-	fun	associateByTo	IntArray	3	public inline fun <K, M : MutableMap<in K, in Int>> IntArray.associateByTo(destination: M, keySelector: (Int) -> K): M {	commonMain/generated/_Arrays.kt:9011
-	fun	associateByTo	LongArray	3	public inline fun <K, M : MutableMap<in K, in Long>> LongArray.associateByTo(destination: M, keySelector: (Long) -> K): M {	commonMain/generated/_Arrays.kt:9027
-	fun	associateByTo	FloatArray	3	public inline fun <K, M : MutableMap<in K, in Float>> FloatArray.associateByTo(destination: M, keySelector: (Float) -> K): M {	commonMain/generated/_Arrays.kt:9043
-	fun	associateByTo	DoubleArray	3	public inline fun <K, M : MutableMap<in K, in Double>> DoubleArray.associateByTo(destination: M, keySelector: (Double) -> K): M {	commonMain/generated/_Arrays.kt:9059
-	fun	associateByTo	BooleanArray	3	public inline fun <K, M : MutableMap<in K, in Boolean>> BooleanArray.associateByTo(destination: M, keySelector: (Boolean) -> K): M {	commonMain/generated/_Arrays.kt:9075
-	fun	associateByTo	CharArray	3	public inline fun <K, M : MutableMap<in K, in Char>> CharArray.associateByTo(destination: M, keySelector: (Char) -> K): M {	commonMain/generated/_Arrays.kt:9091
-	fun	associateByTo	-	6	public inline fun <T, K, V, M : MutableMap<in K, in V>> Array<out T>.associateByTo(destination: M, keySelector: (T) -> K, valueTransform: (T) -> V): M {	commonMain/generated/_Arrays.kt:9107
-	fun	associateByTo	ByteArray	5	public inline fun <K, V, M : MutableMap<in K, in V>> ByteArray.associateByTo(destination: M, keySelector: (Byte) -> K, valueTransform: (Byte) -> V): M {	commonMain/generated/_Arrays.kt:9123
-	fun	associateByTo	ShortArray	5	public inline fun <K, V, M : MutableMap<in K, in V>> ShortArray.associateByTo(destination: M, keySelector: (Short) -> K, valueTransform: (Short) -> V): M {	commonMain/generated/_Arrays.kt:9139
-	fun	associateByTo	IntArray	5	public inline fun <K, V, M : MutableMap<in K, in V>> IntArray.associateByTo(destination: M, keySelector: (Int) -> K, valueTransform: (Int) -> V): M {	commonMain/generated/_Arrays.kt:9155
-	fun	associateByTo	LongArray	5	public inline fun <K, V, M : MutableMap<in K, in V>> LongArray.associateByTo(destination: M, keySelector: (Long) -> K, valueTransform: (Long) -> V): M {	commonMain/generated/_Arrays.kt:9171
-	fun	associateByTo	FloatArray	5	public inline fun <K, V, M : MutableMap<in K, in V>> FloatArray.associateByTo(destination: M, keySelector: (Float) -> K, valueTransform: (Float) -> V): M {	commonMain/generated/_Arrays.kt:9187
-	fun	associateByTo	DoubleArray	5	public inline fun <K, V, M : MutableMap<in K, in V>> DoubleArray.associateByTo(destination: M, keySelector: (Double) -> K, valueTransform: (Double) -> V): M {	commonMain/generated/_Arrays.kt:9203
-	fun	associateByTo	BooleanArray	5	public inline fun <K, V, M : MutableMap<in K, in V>> BooleanArray.associateByTo(destination: M, keySelector: (Boolean) -> K, valueTransform: (Boolean) -> V): M {	commonMain/generated/_Arrays.kt:9219
-	fun	associateByTo	CharArray	5	public inline fun <K, V, M : MutableMap<in K, in V>> CharArray.associateByTo(destination: M, keySelector: (Char) -> K, valueTransform: (Char) -> V): M {	commonMain/generated/_Arrays.kt:9235
-	fun	associateTo	-	6	public inline fun <T, K, V, M : MutableMap<in K, in V>> Array<out T>.associateTo(destination: M, transform: (T) -> Pair<K, V>): M {	commonMain/generated/_Arrays.kt:9250
-	fun	associateTo	ByteArray	5	public inline fun <K, V, M : MutableMap<in K, in V>> ByteArray.associateTo(destination: M, transform: (Byte) -> Pair<K, V>): M {	commonMain/generated/_Arrays.kt:9265
-	fun	associateTo	ShortArray	5	public inline fun <K, V, M : MutableMap<in K, in V>> ShortArray.associateTo(destination: M, transform: (Short) -> Pair<K, V>): M {	commonMain/generated/_Arrays.kt:9280
-	fun	associateTo	IntArray	5	public inline fun <K, V, M : MutableMap<in K, in V>> IntArray.associateTo(destination: M, transform: (Int) -> Pair<K, V>): M {	commonMain/generated/_Arrays.kt:9295
-	fun	associateTo	LongArray	5	public inline fun <K, V, M : MutableMap<in K, in V>> LongArray.associateTo(destination: M, transform: (Long) -> Pair<K, V>): M {	commonMain/generated/_Arrays.kt:9310
-	fun	associateTo	FloatArray	5	public inline fun <K, V, M : MutableMap<in K, in V>> FloatArray.associateTo(destination: M, transform: (Float) -> Pair<K, V>): M {	commonMain/generated/_Arrays.kt:9325
-	fun	associateTo	DoubleArray	5	public inline fun <K, V, M : MutableMap<in K, in V>> DoubleArray.associateTo(destination: M, transform: (Double) -> Pair<K, V>): M {	commonMain/generated/_Arrays.kt:9340
-	fun	associateTo	BooleanArray	5	public inline fun <K, V, M : MutableMap<in K, in V>> BooleanArray.associateTo(destination: M, transform: (Boolean) -> Pair<K, V>): M {	commonMain/generated/_Arrays.kt:9355
-	fun	associateTo	CharArray	5	public inline fun <K, V, M : MutableMap<in K, in V>> CharArray.associateTo(destination: M, transform: (Char) -> Pair<K, V>): M {	commonMain/generated/_Arrays.kt:9370
1.4	fun	associateWith	-	2	public inline fun <K, V> Array<out K>.associateWith(valueSelector: (K) -> V): Map<K, V> {	commonMain/generated/_Arrays.kt:9388
-	val	result	-	1	val result = LinkedHashMap<K, V>(mapCapacity(size).coerceAtLeast(16))	commonMain/generated/_Arrays.kt:9389
1.4	fun	associateWith	ByteArray	1	public inline fun <V> ByteArray.associateWith(valueSelector: (Byte) -> V): Map<Byte, V> {	commonMain/generated/_Arrays.kt:9405
-	val	result	-	1	val result = LinkedHashMap<Byte, V>(mapCapacity(size).coerceAtLeast(16))	commonMain/generated/_Arrays.kt:9406
1.4	fun	associateWith	ShortArray	1	public inline fun <V> ShortArray.associateWith(valueSelector: (Short) -> V): Map<Short, V> {	commonMain/generated/_Arrays.kt:9422
-	val	result	-	1	val result = LinkedHashMap<Short, V>(mapCapacity(size).coerceAtLeast(16))	commonMain/generated/_Arrays.kt:9423
1.4	fun	associateWith	IntArray	1	public inline fun <V> IntArray.associateWith(valueSelector: (Int) -> V): Map<Int, V> {	commonMain/generated/_Arrays.kt:9439
-	val	result	-	1	val result = LinkedHashMap<Int, V>(mapCapacity(size).coerceAtLeast(16))	commonMain/generated/_Arrays.kt:9440
1.4	fun	associateWith	LongArray	1	public inline fun <V> LongArray.associateWith(valueSelector: (Long) -> V): Map<Long, V> {	commonMain/generated/_Arrays.kt:9456
-	val	result	-	1	val result = LinkedHashMap<Long, V>(mapCapacity(size).coerceAtLeast(16))	commonMain/generated/_Arrays.kt:9457
1.4	fun	associateWith	FloatArray	1	public inline fun <V> FloatArray.associateWith(valueSelector: (Float) -> V): Map<Float, V> {	commonMain/generated/_Arrays.kt:9473
-	val	result	-	1	val result = LinkedHashMap<Float, V>(mapCapacity(size).coerceAtLeast(16))	commonMain/generated/_Arrays.kt:9474
1.4	fun	associateWith	DoubleArray	1	public inline fun <V> DoubleArray.associateWith(valueSelector: (Double) -> V): Map<Double, V> {	commonMain/generated/_Arrays.kt:9490
-	val	result	-	1	val result = LinkedHashMap<Double, V>(mapCapacity(size).coerceAtLeast(16))	commonMain/generated/_Arrays.kt:9491
1.4	fun	associateWith	BooleanArray	1	public inline fun <V> BooleanArray.associateWith(valueSelector: (Boolean) -> V): Map<Boolean, V> {	commonMain/generated/_Arrays.kt:9507
-	val	result	-	1	val result = LinkedHashMap<Boolean, V>(mapCapacity(size).coerceAtLeast(16))	commonMain/generated/_Arrays.kt:9508
1.4	fun	associateWith	CharArray	1	public inline fun <V> CharArray.associateWith(valueSelector: (Char) -> V): Map<Char, V> {	commonMain/generated/_Arrays.kt:9524
-	val	result	-	1	val result = LinkedHashMap<Char, V>(mapCapacity(size.coerceAtMost(128)).coerceAtLeast(16))	commonMain/generated/_Arrays.kt:9525
1.4	fun	associateWithTo	-	4	public inline fun <K, V, M : MutableMap<in K, in V>> Array<out K>.associateWithTo(destination: M, valueSelector: (K) -> V): M {	commonMain/generated/_Arrays.kt:9538
1.4	fun	associateWithTo	ByteArray	3	public inline fun <V, M : MutableMap<in Byte, in V>> ByteArray.associateWithTo(destination: M, valueSelector: (Byte) -> V): M {	commonMain/generated/_Arrays.kt:9555
1.4	fun	associateWithTo	ShortArray	3	public inline fun <V, M : MutableMap<in Short, in V>> ShortArray.associateWithTo(destination: M, valueSelector: (Short) -> V): M {	commonMain/generated/_Arrays.kt:9572
1.4	fun	associateWithTo	IntArray	3	public inline fun <V, M : MutableMap<in Int, in V>> IntArray.associateWithTo(destination: M, valueSelector: (Int) -> V): M {	commonMain/generated/_Arrays.kt:9589
1.4	fun	associateWithTo	LongArray	3	public inline fun <V, M : MutableMap<in Long, in V>> LongArray.associateWithTo(destination: M, valueSelector: (Long) -> V): M {	commonMain/generated/_Arrays.kt:9606
1.4	fun	associateWithTo	FloatArray	3	public inline fun <V, M : MutableMap<in Float, in V>> FloatArray.associateWithTo(destination: M, valueSelector: (Float) -> V): M {	commonMain/generated/_Arrays.kt:9623
1.4	fun	associateWithTo	DoubleArray	3	public inline fun <V, M : MutableMap<in Double, in V>> DoubleArray.associateWithTo(destination: M, valueSelector: (Double) -> V): M {	commonMain/generated/_Arrays.kt:9640
1.4	fun	associateWithTo	BooleanArray	3	public inline fun <V, M : MutableMap<in Boolean, in V>> BooleanArray.associateWithTo(destination: M, valueSelector: (Boolean) -> V): M {	commonMain/generated/_Arrays.kt:9657
1.4	fun	associateWithTo	CharArray	3	public inline fun <V, M : MutableMap<in Char, in V>> CharArray.associateWithTo(destination: M, valueSelector: (Char) -> V): M {	commonMain/generated/_Arrays.kt:9674
-	fun	toCollection	-	1	public fun <T, C : MutableCollection<in T>> Array<out T>.toCollection(destination: C): C {	commonMain/generated/_Arrays.kt:9684
-	fun	toCollection	ByteArray	0	public fun <C : MutableCollection<in Byte>> ByteArray.toCollection(destination: C): C {	commonMain/generated/_Arrays.kt:9694
-	fun	toCollection	ShortArray	0	public fun <C : MutableCollection<in Short>> ShortArray.toCollection(destination: C): C {	commonMain/generated/_Arrays.kt:9704
-	fun	toCollection	IntArray	0	public fun <C : MutableCollection<in Int>> IntArray.toCollection(destination: C): C {	commonMain/generated/_Arrays.kt:9714
-	fun	toCollection	LongArray	0	public fun <C : MutableCollection<in Long>> LongArray.toCollection(destination: C): C {	commonMain/generated/_Arrays.kt:9724
-	fun	toCollection	FloatArray	0	public fun <C : MutableCollection<in Float>> FloatArray.toCollection(destination: C): C {	commonMain/generated/_Arrays.kt:9734
-	fun	toCollection	DoubleArray	0	public fun <C : MutableCollection<in Double>> DoubleArray.toCollection(destination: C): C {	commonMain/generated/_Arrays.kt:9744
-	fun	toCollection	BooleanArray	0	public fun <C : MutableCollection<in Boolean>> BooleanArray.toCollection(destination: C): C {	commonMain/generated/_Arrays.kt:9754
-	fun	toCollection	CharArray	0	public fun <C : MutableCollection<in Char>> CharArray.toCollection(destination: C): C {	commonMain/generated/_Arrays.kt:9764
-	fun	toHashSet	-	0	public fun <T> Array<out T>.toHashSet(): HashSet<T> {	commonMain/generated/_Arrays.kt:9774
-	fun	toHashSet	ByteArray	0	public fun ByteArray.toHashSet(): HashSet<Byte> {	commonMain/generated/_Arrays.kt:9781
-	fun	toHashSet	ShortArray	0	public fun ShortArray.toHashSet(): HashSet<Short> {	commonMain/generated/_Arrays.kt:9788
-	fun	toHashSet	IntArray	0	public fun IntArray.toHashSet(): HashSet<Int> {	commonMain/generated/_Arrays.kt:9795
-	fun	toHashSet	LongArray	0	public fun LongArray.toHashSet(): HashSet<Long> {	commonMain/generated/_Arrays.kt:9802
-	fun	toHashSet	FloatArray	0	public fun FloatArray.toHashSet(): HashSet<Float> {	commonMain/generated/_Arrays.kt:9809
-	fun	toHashSet	DoubleArray	0	public fun DoubleArray.toHashSet(): HashSet<Double> {	commonMain/generated/_Arrays.kt:9816
-	fun	toHashSet	BooleanArray	0	public fun BooleanArray.toHashSet(): HashSet<Boolean> {	commonMain/generated/_Arrays.kt:9823
-	fun	toHashSet	CharArray	0	public fun CharArray.toHashSet(): HashSet<Char> {	commonMain/generated/_Arrays.kt:9830
-	fun	toList	-	0	public fun <T> Array<out T>.toList(): List<T> {	commonMain/generated/_Arrays.kt:9837
-	fun	toList	ByteArray	0	public fun ByteArray.toList(): List<Byte> {	commonMain/generated/_Arrays.kt:9848
-	fun	toList	ShortArray	0	public fun ShortArray.toList(): List<Short> {	commonMain/generated/_Arrays.kt:9859
-	fun	toList	IntArray	0	public fun IntArray.toList(): List<Int> {	commonMain/generated/_Arrays.kt:9870
-	fun	toList	LongArray	0	public fun LongArray.toList(): List<Long> {	commonMain/generated/_Arrays.kt:9881
-	fun	toList	FloatArray	0	public fun FloatArray.toList(): List<Float> {	commonMain/generated/_Arrays.kt:9892
-	fun	toList	DoubleArray	0	public fun DoubleArray.toList(): List<Double> {	commonMain/generated/_Arrays.kt:9903
-	fun	toList	BooleanArray	0	public fun BooleanArray.toList(): List<Boolean> {	commonMain/generated/_Arrays.kt:9914
-	fun	toList	CharArray	0	public fun CharArray.toList(): List<Char> {	commonMain/generated/_Arrays.kt:9925
-	fun	toMutableList	-	0	public fun <T> Array<out T>.toMutableList(): MutableList<T> {	commonMain/generated/_Arrays.kt:9936
-	fun	toMutableList	ByteArray	0	public fun ByteArray.toMutableList(): MutableList<Byte> {	commonMain/generated/_Arrays.kt:9943
-	val	list	-	0	val list = ArrayList<Byte>(size)	commonMain/generated/_Arrays.kt:9944
-	fun	toMutableList	ShortArray	0	public fun ShortArray.toMutableList(): MutableList<Short> {	commonMain/generated/_Arrays.kt:9952
-	val	list	-	0	val list = ArrayList<Short>(size)	commonMain/generated/_Arrays.kt:9953
-	fun	toMutableList	IntArray	0	public fun IntArray.toMutableList(): MutableList<Int> {	commonMain/generated/_Arrays.kt:9961
-	val	list	-	0	val list = ArrayList<Int>(size)	commonMain/generated/_Arrays.kt:9962
-	fun	toMutableList	LongArray	0	public fun LongArray.toMutableList(): MutableList<Long> {	commonMain/generated/_Arrays.kt:9970
-	val	list	-	0	val list = ArrayList<Long>(size)	commonMain/generated/_Arrays.kt:9971
-	fun	toMutableList	FloatArray	0	public fun FloatArray.toMutableList(): MutableList<Float> {	commonMain/generated/_Arrays.kt:9979
-	val	list	-	0	val list = ArrayList<Float>(size)	commonMain/generated/_Arrays.kt:9980
-	fun	toMutableList	DoubleArray	0	public fun DoubleArray.toMutableList(): MutableList<Double> {	commonMain/generated/_Arrays.kt:9988
-	val	list	-	0	val list = ArrayList<Double>(size)	commonMain/generated/_Arrays.kt:9989
-	fun	toMutableList	BooleanArray	0	public fun BooleanArray.toMutableList(): MutableList<Boolean> {	commonMain/generated/_Arrays.kt:9997
-	val	list	-	0	val list = ArrayList<Boolean>(size)	commonMain/generated/_Arrays.kt:9998
-	fun	toMutableList	CharArray	0	public fun CharArray.toMutableList(): MutableList<Char> {	commonMain/generated/_Arrays.kt:10006
-	val	list	-	0	val list = ArrayList<Char>(size)	commonMain/generated/_Arrays.kt:10007
-	fun	toSet	-	0	public fun <T> Array<out T>.toSet(): Set<T> {	commonMain/generated/_Arrays.kt:10017
-	fun	toSet	ByteArray	0	public fun ByteArray.toSet(): Set<Byte> {	commonMain/generated/_Arrays.kt:10030
-	fun	toSet	ShortArray	0	public fun ShortArray.toSet(): Set<Short> {	commonMain/generated/_Arrays.kt:10043
-	fun	toSet	IntArray	0	public fun IntArray.toSet(): Set<Int> {	commonMain/generated/_Arrays.kt:10056
-	fun	toSet	LongArray	0	public fun LongArray.toSet(): Set<Long> {	commonMain/generated/_Arrays.kt:10069
-	fun	toSet	FloatArray	0	public fun FloatArray.toSet(): Set<Float> {	commonMain/generated/_Arrays.kt:10082
-	fun	toSet	DoubleArray	0	public fun DoubleArray.toSet(): Set<Double> {	commonMain/generated/_Arrays.kt:10095
-	fun	toSet	BooleanArray	0	public fun BooleanArray.toSet(): Set<Boolean> {	commonMain/generated/_Arrays.kt:10108
-	fun	toSet	CharArray	0	public fun CharArray.toSet(): Set<Char> {	commonMain/generated/_Arrays.kt:10121
-	fun	flatMap	-	1	public inline fun <T, R> Array<out T>.flatMap(transform: (T) -> Iterable<R>): List<R> {	commonMain/generated/_Arrays.kt:10134
-	fun	flatMap	ByteArray	0	public inline fun <R> ByteArray.flatMap(transform: (Byte) -> Iterable<R>): List<R> {	commonMain/generated/_Arrays.kt:10143
-	fun	flatMap	ShortArray	0	public inline fun <R> ShortArray.flatMap(transform: (Short) -> Iterable<R>): List<R> {	commonMain/generated/_Arrays.kt:10152
-	fun	flatMap	IntArray	0	public inline fun <R> IntArray.flatMap(transform: (Int) -> Iterable<R>): List<R> {	commonMain/generated/_Arrays.kt:10161
-	fun	flatMap	LongArray	0	public inline fun <R> LongArray.flatMap(transform: (Long) -> Iterable<R>): List<R> {	commonMain/generated/_Arrays.kt:10170
-	fun	flatMap	FloatArray	0	public inline fun <R> FloatArray.flatMap(transform: (Float) -> Iterable<R>): List<R> {	commonMain/generated/_Arrays.kt:10179
-	fun	flatMap	DoubleArray	0	public inline fun <R> DoubleArray.flatMap(transform: (Double) -> Iterable<R>): List<R> {	commonMain/generated/_Arrays.kt:10188
-	fun	flatMap	BooleanArray	0	public inline fun <R> BooleanArray.flatMap(transform: (Boolean) -> Iterable<R>): List<R> {	commonMain/generated/_Arrays.kt:10197
-	fun	flatMap	CharArray	0	public inline fun <R> CharArray.flatMap(transform: (Char) -> Iterable<R>): List<R> {	commonMain/generated/_Arrays.kt:10206
1.4	fun	flatMap	-	1	public inline fun <T, R> Array<out T>.flatMap(transform: (T) -> Sequence<R>): List<R> {	commonMain/generated/_Arrays.kt:10219
1.4	fun	flatMapIndexed	-	2	public inline fun <T, R> Array<out T>.flatMapIndexed(transform: (index: Int, T) -> Iterable<R>): List<R> {	commonMain/generated/_Arrays.kt:10234
1.4	fun	flatMapIndexed	ByteArray	1	public inline fun <R> ByteArray.flatMapIndexed(transform: (index: Int, Byte) -> Iterable<R>): List<R> {	commonMain/generated/_Arrays.kt:10249
1.4	fun	flatMapIndexed	ShortArray	1	public inline fun <R> ShortArray.flatMapIndexed(transform: (index: Int, Short) -> Iterable<R>): List<R> {	commonMain/generated/_Arrays.kt:10264
1.4	fun	flatMapIndexed	IntArray	1	public inline fun <R> IntArray.flatMapIndexed(transform: (index: Int, Int) -> Iterable<R>): List<R> {	commonMain/generated/_Arrays.kt:10279
1.4	fun	flatMapIndexed	LongArray	1	public inline fun <R> LongArray.flatMapIndexed(transform: (index: Int, Long) -> Iterable<R>): List<R> {	commonMain/generated/_Arrays.kt:10294
1.4	fun	flatMapIndexed	FloatArray	1	public inline fun <R> FloatArray.flatMapIndexed(transform: (index: Int, Float) -> Iterable<R>): List<R> {	commonMain/generated/_Arrays.kt:10309
1.4	fun	flatMapIndexed	DoubleArray	1	public inline fun <R> DoubleArray.flatMapIndexed(transform: (index: Int, Double) -> Iterable<R>): List<R> {	commonMain/generated/_Arrays.kt:10324
1.4	fun	flatMapIndexed	BooleanArray	1	public inline fun <R> BooleanArray.flatMapIndexed(transform: (index: Int, Boolean) -> Iterable<R>): List<R> {	commonMain/generated/_Arrays.kt:10339
1.4	fun	flatMapIndexed	CharArray	1	public inline fun <R> CharArray.flatMapIndexed(transform: (index: Int, Char) -> Iterable<R>): List<R> {	commonMain/generated/_Arrays.kt:10354
1.4	fun	flatMapIndexed	-	2	public inline fun <T, R> Array<out T>.flatMapIndexed(transform: (index: Int, T) -> Sequence<R>): List<R> {	commonMain/generated/_Arrays.kt:10369
1.4	fun	flatMapIndexedTo	-	4	public inline fun <T, R, C : MutableCollection<in R>> Array<out T>.flatMapIndexedTo(destination: C, transform: (index: Int, T) -> Iterable<R>): C {	commonMain/generated/_Arrays.kt:10382
-	var	index	-	0	var index = 0	commonMain/generated/_Arrays.kt:10383
-	val	list	-	1	val list = transform(index++, element)	commonMain/generated/_Arrays.kt:10385
1.4	fun	flatMapIndexedTo	ByteArray	3	public inline fun <R, C : MutableCollection<in R>> ByteArray.flatMapIndexedTo(destination: C, transform: (index: Int, Byte) -> Iterable<R>): C {	commonMain/generated/_Arrays.kt:10400
-	var	index	-	0	var index = 0	commonMain/generated/_Arrays.kt:10401
-	val	list	-	1	val list = transform(index++, element)	commonMain/generated/_Arrays.kt:10403
1.4	fun	flatMapIndexedTo	ShortArray	3	public inline fun <R, C : MutableCollection<in R>> ShortArray.flatMapIndexedTo(destination: C, transform: (index: Int, Short) -> Iterable<R>): C {	commonMain/generated/_Arrays.kt:10418
-	var	index	-	0	var index = 0	commonMain/generated/_Arrays.kt:10419
-	val	list	-	1	val list = transform(index++, element)	commonMain/generated/_Arrays.kt:10421
1.4	fun	flatMapIndexedTo	IntArray	3	public inline fun <R, C : MutableCollection<in R>> IntArray.flatMapIndexedTo(destination: C, transform: (index: Int, Int) -> Iterable<R>): C {	commonMain/generated/_Arrays.kt:10436
-	var	index	-	0	var index = 0	commonMain/generated/_Arrays.kt:10437
-	val	list	-	1	val list = transform(index++, element)	commonMain/generated/_Arrays.kt:10439
1.4	fun	flatMapIndexedTo	LongArray	3	public inline fun <R, C : MutableCollection<in R>> LongArray.flatMapIndexedTo(destination: C, transform: (index: Int, Long) -> Iterable<R>): C {	commonMain/generated/_Arrays.kt:10454
-	var	index	-	0	var index = 0	commonMain/generated/_Arrays.kt:10455
-	val	list	-	1	val list = transform(index++, element)	commonMain/generated/_Arrays.kt:10457
1.4	fun	flatMapIndexedTo	FloatArray	3	public inline fun <R, C : MutableCollection<in R>> FloatArray.flatMapIndexedTo(destination: C, transform: (index: Int, Float) -> Iterable<R>): C {	commonMain/generated/_Arrays.kt:10472
-	var	index	-	0	var index = 0	commonMain/generated/_Arrays.kt:10473
-	val	list	-	1	val list = transform(index++, element)	commonMain/generated/_Arrays.kt:10475
1.4	fun	flatMapIndexedTo	DoubleArray	3	public inline fun <R, C : MutableCollection<in R>> DoubleArray.flatMapIndexedTo(destination: C, transform: (index: Int, Double) -> Iterable<R>): C {	commonMain/generated/_Arrays.kt:10490
-	var	index	-	0	var index = 0	commonMain/generated/_Arrays.kt:10491
-	val	list	-	1	val list = transform(index++, element)	commonMain/generated/_Arrays.kt:10493
1.4	fun	flatMapIndexedTo	BooleanArray	3	public inline fun <R, C : MutableCollection<in R>> BooleanArray.flatMapIndexedTo(destination: C, transform: (index: Int, Boolean) -> Iterable<R>): C {	commonMain/generated/_Arrays.kt:10508
-	var	index	-	0	var index = 0	commonMain/generated/_Arrays.kt:10509
-	val	list	-	1	val list = transform(index++, element)	commonMain/generated/_Arrays.kt:10511
1.4	fun	flatMapIndexedTo	CharArray	3	public inline fun <R, C : MutableCollection<in R>> CharArray.flatMapIndexedTo(destination: C, transform: (index: Int, Char) -> Iterable<R>): C {	commonMain/generated/_Arrays.kt:10526
-	var	index	-	0	var index = 0	commonMain/generated/_Arrays.kt:10527
-	val	list	-	1	val list = transform(index++, element)	commonMain/generated/_Arrays.kt:10529
1.4	fun	flatMapIndexedTo	-	4	public inline fun <T, R, C : MutableCollection<in R>> Array<out T>.flatMapIndexedTo(destination: C, transform: (index: Int, T) -> Sequence<R>): C {	commonMain/generated/_Arrays.kt:10544
-	var	index	-	0	var index = 0	commonMain/generated/_Arrays.kt:10545
-	val	list	-	1	val list = transform(index++, element)	commonMain/generated/_Arrays.kt:10547
-	fun	flatMapTo	-	3	public inline fun <T, R, C : MutableCollection<in R>> Array<out T>.flatMapTo(destination: C, transform: (T) -> Iterable<R>): C {	commonMain/generated/_Arrays.kt:10556
-	val	list	-	0	val list = transform(element)	commonMain/generated/_Arrays.kt:10558
-	fun	flatMapTo	ByteArray	2	public inline fun <R, C : MutableCollection<in R>> ByteArray.flatMapTo(destination: C, transform: (Byte) -> Iterable<R>): C {	commonMain/generated/_Arrays.kt:10567
-	val	list	-	0	val list = transform(element)	commonMain/generated/_Arrays.kt:10569
-	fun	flatMapTo	ShortArray	2	public inline fun <R, C : MutableCollection<in R>> ShortArray.flatMapTo(destination: C, transform: (Short) -> Iterable<R>): C {	commonMain/generated/_Arrays.kt:10578
-	val	list	-	0	val list = transform(element)	commonMain/generated/_Arrays.kt:10580
-	fun	flatMapTo	IntArray	2	public inline fun <R, C : MutableCollection<in R>> IntArray.flatMapTo(destination: C, transform: (Int) -> Iterable<R>): C {	commonMain/generated/_Arrays.kt:10589
-	val	list	-	0	val list = transform(element)	commonMain/generated/_Arrays.kt:10591
-	fun	flatMapTo	LongArray	2	public inline fun <R, C : MutableCollection<in R>> LongArray.flatMapTo(destination: C, transform: (Long) -> Iterable<R>): C {	commonMain/generated/_Arrays.kt:10600
-	val	list	-	0	val list = transform(element)	commonMain/generated/_Arrays.kt:10602
-	fun	flatMapTo	FloatArray	2	public inline fun <R, C : MutableCollection<in R>> FloatArray.flatMapTo(destination: C, transform: (Float) -> Iterable<R>): C {	commonMain/generated/_Arrays.kt:10611
-	val	list	-	0	val list = transform(element)	commonMain/generated/_Arrays.kt:10613
-	fun	flatMapTo	DoubleArray	2	public inline fun <R, C : MutableCollection<in R>> DoubleArray.flatMapTo(destination: C, transform: (Double) -> Iterable<R>): C {	commonMain/generated/_Arrays.kt:10622
-	val	list	-	0	val list = transform(element)	commonMain/generated/_Arrays.kt:10624
-	fun	flatMapTo	BooleanArray	2	public inline fun <R, C : MutableCollection<in R>> BooleanArray.flatMapTo(destination: C, transform: (Boolean) -> Iterable<R>): C {	commonMain/generated/_Arrays.kt:10633
-	val	list	-	0	val list = transform(element)	commonMain/generated/_Arrays.kt:10635
-	fun	flatMapTo	CharArray	2	public inline fun <R, C : MutableCollection<in R>> CharArray.flatMapTo(destination: C, transform: (Char) -> Iterable<R>): C {	commonMain/generated/_Arrays.kt:10644
-	val	list	-	0	val list = transform(element)	commonMain/generated/_Arrays.kt:10646
1.4	fun	flatMapTo	-	3	public inline fun <T, R, C : MutableCollection<in R>> Array<out T>.flatMapTo(destination: C, transform: (T) -> Sequence<R>): C {	commonMain/generated/_Arrays.kt:10659
-	val	list	-	0	val list = transform(element)	commonMain/generated/_Arrays.kt:10661
-	fun	groupBy	-	2	public inline fun <T, K> Array<out T>.groupBy(keySelector: (T) -> K): Map<K, List<T>> {	commonMain/generated/_Arrays.kt:10675
-	fun	groupBy	ByteArray	1	public inline fun <K> ByteArray.groupBy(keySelector: (Byte) -> K): Map<K, List<Byte>> {	commonMain/generated/_Arrays.kt:10687
-	fun	groupBy	ShortArray	1	public inline fun <K> ShortArray.groupBy(keySelector: (Short) -> K): Map<K, List<Short>> {	commonMain/generated/_Arrays.kt:10699
-	fun	groupBy	IntArray	1	public inline fun <K> IntArray.groupBy(keySelector: (Int) -> K): Map<K, List<Int>> {	commonMain/generated/_Arrays.kt:10711
-	fun	groupBy	LongArray	1	public inline fun <K> LongArray.groupBy(keySelector: (Long) -> K): Map<K, List<Long>> {	commonMain/generated/_Arrays.kt:10723
-	fun	groupBy	FloatArray	1	public inline fun <K> FloatArray.groupBy(keySelector: (Float) -> K): Map<K, List<Float>> {	commonMain/generated/_Arrays.kt:10735
-	fun	groupBy	DoubleArray	1	public inline fun <K> DoubleArray.groupBy(keySelector: (Double) -> K): Map<K, List<Double>> {	commonMain/generated/_Arrays.kt:10747
-	fun	groupBy	BooleanArray	1	public inline fun <K> BooleanArray.groupBy(keySelector: (Boolean) -> K): Map<K, List<Boolean>> {	commonMain/generated/_Arrays.kt:10759
-	fun	groupBy	CharArray	1	public inline fun <K> CharArray.groupBy(keySelector: (Char) -> K): Map<K, List<Char>> {	commonMain/generated/_Arrays.kt:10771
-	fun	groupBy	-	4	public inline fun <T, K, V> Array<out T>.groupBy(keySelector: (T) -> K, valueTransform: (T) -> V): Map<K, List<V>> {	commonMain/generated/_Arrays.kt:10784
-	fun	groupBy	ByteArray	3	public inline fun <K, V> ByteArray.groupBy(keySelector: (Byte) -> K, valueTransform: (Byte) -> V): Map<K, List<V>> {	commonMain/generated/_Arrays.kt:10797
-	fun	groupBy	ShortArray	3	public inline fun <K, V> ShortArray.groupBy(keySelector: (Short) -> K, valueTransform: (Short) -> V): Map<K, List<V>> {	commonMain/generated/_Arrays.kt:10810
-	fun	groupBy	IntArray	3	public inline fun <K, V> IntArray.groupBy(keySelector: (Int) -> K, valueTransform: (Int) -> V): Map<K, List<V>> {	commonMain/generated/_Arrays.kt:10823
-	fun	groupBy	LongArray	3	public inline fun <K, V> LongArray.groupBy(keySelector: (Long) -> K, valueTransform: (Long) -> V): Map<K, List<V>> {	commonMain/generated/_Arrays.kt:10836
-	fun	groupBy	FloatArray	3	public inline fun <K, V> FloatArray.groupBy(keySelector: (Float) -> K, valueTransform: (Float) -> V): Map<K, List<V>> {	commonMain/generated/_Arrays.kt:10849
-	fun	groupBy	DoubleArray	3	public inline fun <K, V> DoubleArray.groupBy(keySelector: (Double) -> K, valueTransform: (Double) -> V): Map<K, List<V>> {	commonMain/generated/_Arrays.kt:10862
-	fun	groupBy	BooleanArray	3	public inline fun <K, V> BooleanArray.groupBy(keySelector: (Boolean) -> K, valueTransform: (Boolean) -> V): Map<K, List<V>> {	commonMain/generated/_Arrays.kt:10875
-	fun	groupBy	CharArray	3	public inline fun <K, V> CharArray.groupBy(keySelector: (Char) -> K, valueTransform: (Char) -> V): Map<K, List<V>> {	commonMain/generated/_Arrays.kt:10888
-	fun	groupByTo	-	4	public inline fun <T, K, M : MutableMap<in K, MutableList<T>>> Array<out T>.groupByTo(destination: M, keySelector: (T) -> K): M {	commonMain/generated/_Arrays.kt:10900
-	val	key	-	0	val key = keySelector(element)	commonMain/generated/_Arrays.kt:10902
-	val	list	-	0	val list = destination.getOrPut(key) { ArrayList<T>() }	commonMain/generated/_Arrays.kt:10903
-	fun	groupByTo	ByteArray	3	public inline fun <K, M : MutableMap<in K, MutableList<Byte>>> ByteArray.groupByTo(destination: M, keySelector: (Byte) -> K): M {	commonMain/generated/_Arrays.kt:10917
-	val	key	-	0	val key = keySelector(element)	commonMain/generated/_Arrays.kt:10919
-	val	list	-	0	val list = destination.getOrPut(key) { ArrayList<Byte>() }	commonMain/generated/_Arrays.kt:10920
-	fun	groupByTo	ShortArray	3	public inline fun <K, M : MutableMap<in K, MutableList<Short>>> ShortArray.groupByTo(destination: M, keySelector: (Short) -> K): M {	commonMain/generated/_Arrays.kt:10934
-	val	key	-	0	val key = keySelector(element)	commonMain/generated/_Arrays.kt:10936
-	val	list	-	0	val list = destination.getOrPut(key) { ArrayList<Short>() }	commonMain/generated/_Arrays.kt:10937
-	fun	groupByTo	IntArray	3	public inline fun <K, M : MutableMap<in K, MutableList<Int>>> IntArray.groupByTo(destination: M, keySelector: (Int) -> K): M {	commonMain/generated/_Arrays.kt:10951
-	val	key	-	0	val key = keySelector(element)	commonMain/generated/_Arrays.kt:10953
-	val	list	-	0	val list = destination.getOrPut(key) { ArrayList<Int>() }	commonMain/generated/_Arrays.kt:10954
-	fun	groupByTo	LongArray	3	public inline fun <K, M : MutableMap<in K, MutableList<Long>>> LongArray.groupByTo(destination: M, keySelector: (Long) -> K): M {	commonMain/generated/_Arrays.kt:10968
-	val	key	-	0	val key = keySelector(element)	commonMain/generated/_Arrays.kt:10970
-	val	list	-	0	val list = destination.getOrPut(key) { ArrayList<Long>() }	commonMain/generated/_Arrays.kt:10971
-	fun	groupByTo	FloatArray	3	public inline fun <K, M : MutableMap<in K, MutableList<Float>>> FloatArray.groupByTo(destination: M, keySelector: (Float) -> K): M {	commonMain/generated/_Arrays.kt:10985
-	val	key	-	0	val key = keySelector(element)	commonMain/generated/_Arrays.kt:10987
-	val	list	-	0	val list = destination.getOrPut(key) { ArrayList<Float>() }	commonMain/generated/_Arrays.kt:10988
-	fun	groupByTo	DoubleArray	3	public inline fun <K, M : MutableMap<in K, MutableList<Double>>> DoubleArray.groupByTo(destination: M, keySelector: (Double) -> K): M {	commonMain/generated/_Arrays.kt:11002
-	val	key	-	0	val key = keySelector(element)	commonMain/generated/_Arrays.kt:11004
-	val	list	-	0	val list = destination.getOrPut(key) { ArrayList<Double>() }	commonMain/generated/_Arrays.kt:11005
-	fun	groupByTo	BooleanArray	3	public inline fun <K, M : MutableMap<in K, MutableList<Boolean>>> BooleanArray.groupByTo(destination: M, keySelector: (Boolean) -> K): M {	commonMain/generated/_Arrays.kt:11019
-	val	key	-	0	val key = keySelector(element)	commonMain/generated/_Arrays.kt:11021
-	val	list	-	0	val list = destination.getOrPut(key) { ArrayList<Boolean>() }	commonMain/generated/_Arrays.kt:11022
-	fun	groupByTo	CharArray	3	public inline fun <K, M : MutableMap<in K, MutableList<Char>>> CharArray.groupByTo(destination: M, keySelector: (Char) -> K): M {	commonMain/generated/_Arrays.kt:11036
-	val	key	-	0	val key = keySelector(element)	commonMain/generated/_Arrays.kt:11038
-	val	list	-	0	val list = destination.getOrPut(key) { ArrayList<Char>() }	commonMain/generated/_Arrays.kt:11039
-	fun	groupByTo	-	6	public inline fun <T, K, V, M : MutableMap<in K, MutableList<V>>> Array<out T>.groupByTo(destination: M, keySelector: (T) -> K, valueTransform: (T) -> V): M {	commonMain/generated/_Arrays.kt:11054
-	val	key	-	0	val key = keySelector(element)	commonMain/generated/_Arrays.kt:11056
-	val	list	-	0	val list = destination.getOrPut(key) { ArrayList<V>() }	commonMain/generated/_Arrays.kt:11057
-	fun	groupByTo	ByteArray	5	public inline fun <K, V, M : MutableMap<in K, MutableList<V>>> ByteArray.groupByTo(destination: M, keySelector: (Byte) -> K, valueTransform: (Byte) -> V): M {	commonMain/generated/_Arrays.kt:11072
-	val	key	-	0	val key = keySelector(element)	commonMain/generated/_Arrays.kt:11074
-	val	list	-	0	val list = destination.getOrPut(key) { ArrayList<V>() }	commonMain/generated/_Arrays.kt:11075
-	fun	groupByTo	ShortArray	5	public inline fun <K, V, M : MutableMap<in K, MutableList<V>>> ShortArray.groupByTo(destination: M, keySelector: (Short) -> K, valueTransform: (Short) -> V): M {	commonMain/generated/_Arrays.kt:11090
-	val	key	-	0	val key = keySelector(element)	commonMain/generated/_Arrays.kt:11092
-	val	list	-	0	val list = destination.getOrPut(key) { ArrayList<V>() }	commonMain/generated/_Arrays.kt:11093
-	fun	groupByTo	IntArray	5	public inline fun <K, V, M : MutableMap<in K, MutableList<V>>> IntArray.groupByTo(destination: M, keySelector: (Int) -> K, valueTransform: (Int) -> V): M {	commonMain/generated/_Arrays.kt:11108
-	val	key	-	0	val key = keySelector(element)	commonMain/generated/_Arrays.kt:11110
-	val	list	-	0	val list = destination.getOrPut(key) { ArrayList<V>() }	commonMain/generated/_Arrays.kt:11111
-	fun	groupByTo	LongArray	5	public inline fun <K, V, M : MutableMap<in K, MutableList<V>>> LongArray.groupByTo(destination: M, keySelector: (Long) -> K, valueTransform: (Long) -> V): M {	commonMain/generated/_Arrays.kt:11126
-	val	key	-	0	val key = keySelector(element)	commonMain/generated/_Arrays.kt:11128
-	val	list	-	0	val list = destination.getOrPut(key) { ArrayList<V>() }	commonMain/generated/_Arrays.kt:11129
-	fun	groupByTo	FloatArray	5	public inline fun <K, V, M : MutableMap<in K, MutableList<V>>> FloatArray.groupByTo(destination: M, keySelector: (Float) -> K, valueTransform: (Float) -> V): M {	commonMain/generated/_Arrays.kt:11144
-	val	key	-	0	val key = keySelector(element)	commonMain/generated/_Arrays.kt:11146
-	val	list	-	0	val list = destination.getOrPut(key) { ArrayList<V>() }	commonMain/generated/_Arrays.kt:11147
-	fun	groupByTo	DoubleArray	5	public inline fun <K, V, M : MutableMap<in K, MutableList<V>>> DoubleArray.groupByTo(destination: M, keySelector: (Double) -> K, valueTransform: (Double) -> V): M {	commonMain/generated/_Arrays.kt:11162
-	val	key	-	0	val key = keySelector(element)	commonMain/generated/_Arrays.kt:11164
-	val	list	-	0	val list = destination.getOrPut(key) { ArrayList<V>() }	commonMain/generated/_Arrays.kt:11165
-	fun	groupByTo	BooleanArray	5	public inline fun <K, V, M : MutableMap<in K, MutableList<V>>> BooleanArray.groupByTo(destination: M, keySelector: (Boolean) -> K, valueTransform: (Boolean) -> V): M {	commonMain/generated/_Arrays.kt:11180
-	val	key	-	0	val key = keySelector(element)	commonMain/generated/_Arrays.kt:11182
-	val	list	-	0	val list = destination.getOrPut(key) { ArrayList<V>() }	commonMain/generated/_Arrays.kt:11183
-	fun	groupByTo	CharArray	5	public inline fun <K, V, M : MutableMap<in K, MutableList<V>>> CharArray.groupByTo(destination: M, keySelector: (Char) -> K, valueTransform: (Char) -> V): M {	commonMain/generated/_Arrays.kt:11198
-	val	key	-	0	val key = keySelector(element)	commonMain/generated/_Arrays.kt:11200
-	val	list	-	0	val list = destination.getOrPut(key) { ArrayList<V>() }	commonMain/generated/_Arrays.kt:11201
1.1	fun	groupingBy	-	2	public inline fun <T, K> Array<out T>.groupingBy(crossinline keySelector: (T) -> K): Grouping<T, K> {	commonMain/generated/_Arrays.kt:11214
-	fun	map	-	1	public inline fun <T, R> Array<out T>.map(transform: (T) -> R): List<R> {	commonMain/generated/_Arrays.kt:11227
-	fun	map	ByteArray	0	public inline fun <R> ByteArray.map(transform: (Byte) -> R): List<R> {	commonMain/generated/_Arrays.kt:11237
-	fun	map	ShortArray	0	public inline fun <R> ShortArray.map(transform: (Short) -> R): List<R> {	commonMain/generated/_Arrays.kt:11247
-	fun	map	IntArray	0	public inline fun <R> IntArray.map(transform: (Int) -> R): List<R> {	commonMain/generated/_Arrays.kt:11257
-	fun	map	LongArray	0	public inline fun <R> LongArray.map(transform: (Long) -> R): List<R> {	commonMain/generated/_Arrays.kt:11267
-	fun	map	FloatArray	0	public inline fun <R> FloatArray.map(transform: (Float) -> R): List<R> {	commonMain/generated/_Arrays.kt:11277
-	fun	map	DoubleArray	0	public inline fun <R> DoubleArray.map(transform: (Double) -> R): List<R> {	commonMain/generated/_Arrays.kt:11287
-	fun	map	BooleanArray	0	public inline fun <R> BooleanArray.map(transform: (Boolean) -> R): List<R> {	commonMain/generated/_Arrays.kt:11297
-	fun	map	CharArray	0	public inline fun <R> CharArray.map(transform: (Char) -> R): List<R> {	commonMain/generated/_Arrays.kt:11307
-	fun	mapIndexed	-	2	public inline fun <T, R> Array<out T>.mapIndexed(transform: (index: Int, T) -> R): List<R> {	commonMain/generated/_Arrays.kt:11317
-	fun	mapIndexed	ByteArray	1	public inline fun <R> ByteArray.mapIndexed(transform: (index: Int, Byte) -> R): List<R> {	commonMain/generated/_Arrays.kt:11327
-	fun	mapIndexed	ShortArray	1	public inline fun <R> ShortArray.mapIndexed(transform: (index: Int, Short) -> R): List<R> {	commonMain/generated/_Arrays.kt:11337
-	fun	mapIndexed	IntArray	1	public inline fun <R> IntArray.mapIndexed(transform: (index: Int, Int) -> R): List<R> {	commonMain/generated/_Arrays.kt:11347
-	fun	mapIndexed	LongArray	1	public inline fun <R> LongArray.mapIndexed(transform: (index: Int, Long) -> R): List<R> {	commonMain/generated/_Arrays.kt:11357
-	fun	mapIndexed	FloatArray	1	public inline fun <R> FloatArray.mapIndexed(transform: (index: Int, Float) -> R): List<R> {	commonMain/generated/_Arrays.kt:11367
-	fun	mapIndexed	DoubleArray	1	public inline fun <R> DoubleArray.mapIndexed(transform: (index: Int, Double) -> R): List<R> {	commonMain/generated/_Arrays.kt:11377
-	fun	mapIndexed	BooleanArray	1	public inline fun <R> BooleanArray.mapIndexed(transform: (index: Int, Boolean) -> R): List<R> {	commonMain/generated/_Arrays.kt:11387
-	fun	mapIndexed	CharArray	1	public inline fun <R> CharArray.mapIndexed(transform: (index: Int, Char) -> R): List<R> {	commonMain/generated/_Arrays.kt:11397
-	fun	mapIndexedNotNull	-	2	public inline fun <T, R : Any> Array<out T>.mapIndexedNotNull(transform: (index: Int, T) -> R?): List<R> {	commonMain/generated/_Arrays.kt:11407
-	fun	mapIndexedNotNullTo	-	4	public inline fun <T, R : Any, C : MutableCollection<in R>> Array<out T>.mapIndexedNotNullTo(destination: C, transform: (index: Int, T) -> R?): C {	commonMain/generated/_Arrays.kt:11417
-	fun	mapIndexedTo	-	4	public inline fun <T, R, C : MutableCollection<in R>> Array<out T>.mapIndexedTo(destination: C, transform: (index: Int, T) -> R): C {	commonMain/generated/_Arrays.kt:11428
-	var	index	-	0	var index = 0	commonMain/generated/_Arrays.kt:11429
-	fun	mapIndexedTo	ByteArray	3	public inline fun <R, C : MutableCollection<in R>> ByteArray.mapIndexedTo(destination: C, transform: (index: Int, Byte) -> R): C {	commonMain/generated/_Arrays.kt:11441
-	var	index	-	0	var index = 0	commonMain/generated/_Arrays.kt:11442
-	fun	mapIndexedTo	ShortArray	3	public inline fun <R, C : MutableCollection<in R>> ShortArray.mapIndexedTo(destination: C, transform: (index: Int, Short) -> R): C {	commonMain/generated/_Arrays.kt:11454
-	var	index	-	0	var index = 0	commonMain/generated/_Arrays.kt:11455
-	fun	mapIndexedTo	IntArray	3	public inline fun <R, C : MutableCollection<in R>> IntArray.mapIndexedTo(destination: C, transform: (index: Int, Int) -> R): C {	commonMain/generated/_Arrays.kt:11467
-	var	index	-	0	var index = 0	commonMain/generated/_Arrays.kt:11468
-	fun	mapIndexedTo	LongArray	3	public inline fun <R, C : MutableCollection<in R>> LongArray.mapIndexedTo(destination: C, transform: (index: Int, Long) -> R): C {	commonMain/generated/_Arrays.kt:11480
-	var	index	-	0	var index = 0	commonMain/generated/_Arrays.kt:11481
-	fun	mapIndexedTo	FloatArray	3	public inline fun <R, C : MutableCollection<in R>> FloatArray.mapIndexedTo(destination: C, transform: (index: Int, Float) -> R): C {	commonMain/generated/_Arrays.kt:11493
-	var	index	-	0	var index = 0	commonMain/generated/_Arrays.kt:11494
-	fun	mapIndexedTo	DoubleArray	3	public inline fun <R, C : MutableCollection<in R>> DoubleArray.mapIndexedTo(destination: C, transform: (index: Int, Double) -> R): C {	commonMain/generated/_Arrays.kt:11506
-	var	index	-	0	var index = 0	commonMain/generated/_Arrays.kt:11507
-	fun	mapIndexedTo	BooleanArray	3	public inline fun <R, C : MutableCollection<in R>> BooleanArray.mapIndexedTo(destination: C, transform: (index: Int, Boolean) -> R): C {	commonMain/generated/_Arrays.kt:11519
-	var	index	-	0	var index = 0	commonMain/generated/_Arrays.kt:11520
-	fun	mapIndexedTo	CharArray	3	public inline fun <R, C : MutableCollection<in R>> CharArray.mapIndexedTo(destination: C, transform: (index: Int, Char) -> R): C {	commonMain/generated/_Arrays.kt:11532
-	var	index	-	0	var index = 0	commonMain/generated/_Arrays.kt:11533
-	fun	mapNotNull	-	1	public inline fun <T, R : Any> Array<out T>.mapNotNull(transform: (T) -> R?): List<R> {	commonMain/generated/_Arrays.kt:11545
-	fun	mapNotNullTo	-	3	public inline fun <T, R : Any, C : MutableCollection<in R>> Array<out T>.mapNotNullTo(destination: C, transform: (T) -> R?): C {	commonMain/generated/_Arrays.kt:11553
-	fun	mapTo	-	3	public inline fun <T, R, C : MutableCollection<in R>> Array<out T>.mapTo(destination: C, transform: (T) -> R): C {	commonMain/generated/_Arrays.kt:11562
-	fun	mapTo	ByteArray	2	public inline fun <R, C : MutableCollection<in R>> ByteArray.mapTo(destination: C, transform: (Byte) -> R): C {	commonMain/generated/_Arrays.kt:11572
-	fun	mapTo	ShortArray	2	public inline fun <R, C : MutableCollection<in R>> ShortArray.mapTo(destination: C, transform: (Short) -> R): C {	commonMain/generated/_Arrays.kt:11582
-	fun	mapTo	IntArray	2	public inline fun <R, C : MutableCollection<in R>> IntArray.mapTo(destination: C, transform: (Int) -> R): C {	commonMain/generated/_Arrays.kt:11592
-	fun	mapTo	LongArray	2	public inline fun <R, C : MutableCollection<in R>> LongArray.mapTo(destination: C, transform: (Long) -> R): C {	commonMain/generated/_Arrays.kt:11602
-	fun	mapTo	FloatArray	2	public inline fun <R, C : MutableCollection<in R>> FloatArray.mapTo(destination: C, transform: (Float) -> R): C {	commonMain/generated/_Arrays.kt:11612
-	fun	mapTo	DoubleArray	2	public inline fun <R, C : MutableCollection<in R>> DoubleArray.mapTo(destination: C, transform: (Double) -> R): C {	commonMain/generated/_Arrays.kt:11622
-	fun	mapTo	BooleanArray	2	public inline fun <R, C : MutableCollection<in R>> BooleanArray.mapTo(destination: C, transform: (Boolean) -> R): C {	commonMain/generated/_Arrays.kt:11632
-	fun	mapTo	CharArray	2	public inline fun <R, C : MutableCollection<in R>> CharArray.mapTo(destination: C, transform: (Char) -> R): C {	commonMain/generated/_Arrays.kt:11642
-	fun	withIndex	-	0	public fun <T> Array<out T>.withIndex(): Iterable<IndexedValue<T>> {	commonMain/generated/_Arrays.kt:11652
-	fun	withIndex	ByteArray	0	public fun ByteArray.withIndex(): Iterable<IndexedValue<Byte>> {	commonMain/generated/_Arrays.kt:11660
-	fun	withIndex	ShortArray	0	public fun ShortArray.withIndex(): Iterable<IndexedValue<Short>> {	commonMain/generated/_Arrays.kt:11668
-	fun	withIndex	IntArray	0	public fun IntArray.withIndex(): Iterable<IndexedValue<Int>> {	commonMain/generated/_Arrays.kt:11676
-	fun	withIndex	LongArray	0	public fun LongArray.withIndex(): Iterable<IndexedValue<Long>> {	commonMain/generated/_Arrays.kt:11684
-	fun	withIndex	FloatArray	0	public fun FloatArray.withIndex(): Iterable<IndexedValue<Float>> {	commonMain/generated/_Arrays.kt:11692
-	fun	withIndex	DoubleArray	0	public fun DoubleArray.withIndex(): Iterable<IndexedValue<Double>> {	commonMain/generated/_Arrays.kt:11700
-	fun	withIndex	BooleanArray	0	public fun BooleanArray.withIndex(): Iterable<IndexedValue<Boolean>> {	commonMain/generated/_Arrays.kt:11708
-	fun	withIndex	CharArray	0	public fun CharArray.withIndex(): Iterable<IndexedValue<Char>> {	commonMain/generated/_Arrays.kt:11716
-	fun	distinct	-	0	public fun <T> Array<out T>.distinct(): List<T> {	commonMain/generated/_Arrays.kt:11728
-	fun	distinct	ByteArray	0	public fun ByteArray.distinct(): List<Byte> {	commonMain/generated/_Arrays.kt:11739
-	fun	distinct	ShortArray	0	public fun ShortArray.distinct(): List<Short> {	commonMain/generated/_Arrays.kt:11750
-	fun	distinct	IntArray	0	public fun IntArray.distinct(): List<Int> {	commonMain/generated/_Arrays.kt:11761
-	fun	distinct	LongArray	0	public fun LongArray.distinct(): List<Long> {	commonMain/generated/_Arrays.kt:11772
-	fun	distinct	FloatArray	0	public fun FloatArray.distinct(): List<Float> {	commonMain/generated/_Arrays.kt:11783
-	fun	distinct	DoubleArray	0	public fun DoubleArray.distinct(): List<Double> {	commonMain/generated/_Arrays.kt:11794
-	fun	distinct	BooleanArray	0	public fun BooleanArray.distinct(): List<Boolean> {	commonMain/generated/_Arrays.kt:11805
-	fun	distinct	CharArray	0	public fun CharArray.distinct(): List<Char> {	commonMain/generated/_Arrays.kt:11816
-	fun	distinctBy	-	1	public inline fun <T, K> Array<out T>.distinctBy(selector: (T) -> K): List<T> {	commonMain/generated/_Arrays.kt:11829
-	val	set	-	0	val set = HashSet<K>()	commonMain/generated/_Arrays.kt:11830
-	val	list	-	0	val list = ArrayList<T>()	commonMain/generated/_Arrays.kt:11831
-	val	key	-	0	val key = selector(e)	commonMain/generated/_Arrays.kt:11833
-	fun	distinctBy	ByteArray	0	public inline fun <K> ByteArray.distinctBy(selector: (Byte) -> K): List<Byte> {	commonMain/generated/_Arrays.kt:11848
-	val	set	-	0	val set = HashSet<K>()	commonMain/generated/_Arrays.kt:11849
-	val	list	-	0	val list = ArrayList<Byte>()	commonMain/generated/_Arrays.kt:11850
-	val	key	-	0	val key = selector(e)	commonMain/generated/_Arrays.kt:11852
-	fun	distinctBy	ShortArray	0	public inline fun <K> ShortArray.distinctBy(selector: (Short) -> K): List<Short> {	commonMain/generated/_Arrays.kt:11867
-	val	set	-	0	val set = HashSet<K>()	commonMain/generated/_Arrays.kt:11868
-	val	list	-	0	val list = ArrayList<Short>()	commonMain/generated/_Arrays.kt:11869
-	val	key	-	0	val key = selector(e)	commonMain/generated/_Arrays.kt:11871
-	fun	distinctBy	IntArray	0	public inline fun <K> IntArray.distinctBy(selector: (Int) -> K): List<Int> {	commonMain/generated/_Arrays.kt:11886
-	val	set	-	0	val set = HashSet<K>()	commonMain/generated/_Arrays.kt:11887
-	val	list	-	0	val list = ArrayList<Int>()	commonMain/generated/_Arrays.kt:11888
-	val	key	-	0	val key = selector(e)	commonMain/generated/_Arrays.kt:11890
-	fun	distinctBy	LongArray	0	public inline fun <K> LongArray.distinctBy(selector: (Long) -> K): List<Long> {	commonMain/generated/_Arrays.kt:11905
-	val	set	-	0	val set = HashSet<K>()	commonMain/generated/_Arrays.kt:11906
-	val	list	-	0	val list = ArrayList<Long>()	commonMain/generated/_Arrays.kt:11907
-	val	key	-	0	val key = selector(e)	commonMain/generated/_Arrays.kt:11909
-	fun	distinctBy	FloatArray	0	public inline fun <K> FloatArray.distinctBy(selector: (Float) -> K): List<Float> {	commonMain/generated/_Arrays.kt:11924
-	val	set	-	0	val set = HashSet<K>()	commonMain/generated/_Arrays.kt:11925
-	val	list	-	0	val list = ArrayList<Float>()	commonMain/generated/_Arrays.kt:11926
-	val	key	-	0	val key = selector(e)	commonMain/generated/_Arrays.kt:11928
-	fun	distinctBy	DoubleArray	0	public inline fun <K> DoubleArray.distinctBy(selector: (Double) -> K): List<Double> {	commonMain/generated/_Arrays.kt:11943
-	val	set	-	0	val set = HashSet<K>()	commonMain/generated/_Arrays.kt:11944
-	val	list	-	0	val list = ArrayList<Double>()	commonMain/generated/_Arrays.kt:11945
-	val	key	-	0	val key = selector(e)	commonMain/generated/_Arrays.kt:11947
-	fun	distinctBy	BooleanArray	0	public inline fun <K> BooleanArray.distinctBy(selector: (Boolean) -> K): List<Boolean> {	commonMain/generated/_Arrays.kt:11962
-	val	set	-	0	val set = HashSet<K>()	commonMain/generated/_Arrays.kt:11963
-	val	list	-	0	val list = ArrayList<Boolean>()	commonMain/generated/_Arrays.kt:11964
-	val	key	-	0	val key = selector(e)	commonMain/generated/_Arrays.kt:11966
-	fun	distinctBy	CharArray	0	public inline fun <K> CharArray.distinctBy(selector: (Char) -> K): List<Char> {	commonMain/generated/_Arrays.kt:11981
-	val	set	-	0	val set = HashSet<K>()	commonMain/generated/_Arrays.kt:11982
-	val	list	-	0	val list = ArrayList<Char>()	commonMain/generated/_Arrays.kt:11983
-	val	key	-	0	val key = selector(e)	commonMain/generated/_Arrays.kt:11985
-	fun	intersect	-	0	public infix fun <T> Array<out T>.intersect(other: Iterable<T>): Set<T> {	commonMain/generated/_Arrays.kt:11999
-	val	set	-	0	val set = this.toMutableSet()	commonMain/generated/_Arrays.kt:12000
-	fun	intersect	ByteArray	0	public infix fun ByteArray.intersect(other: Iterable<Byte>): Set<Byte> {	commonMain/generated/_Arrays.kt:12012
-	val	set	-	0	val set = this.toMutableSet()	commonMain/generated/_Arrays.kt:12013
-	fun	intersect	ShortArray	0	public infix fun ShortArray.intersect(other: Iterable<Short>): Set<Short> {	commonMain/generated/_Arrays.kt:12025
-	val	set	-	0	val set = this.toMutableSet()	commonMain/generated/_Arrays.kt:12026
-	fun	intersect	IntArray	0	public infix fun IntArray.intersect(other: Iterable<Int>): Set<Int> {	commonMain/generated/_Arrays.kt:12038
-	val	set	-	0	val set = this.toMutableSet()	commonMain/generated/_Arrays.kt:12039
-	fun	intersect	LongArray	0	public infix fun LongArray.intersect(other: Iterable<Long>): Set<Long> {	commonMain/generated/_Arrays.kt:12051
-	val	set	-	0	val set = this.toMutableSet()	commonMain/generated/_Arrays.kt:12052
-	fun	intersect	FloatArray	0	public infix fun FloatArray.intersect(other: Iterable<Float>): Set<Float> {	commonMain/generated/_Arrays.kt:12064
-	val	set	-	0	val set = this.toMutableSet()	commonMain/generated/_Arrays.kt:12065
-	fun	intersect	DoubleArray	0	public infix fun DoubleArray.intersect(other: Iterable<Double>): Set<Double> {	commonMain/generated/_Arrays.kt:12077
-	val	set	-	0	val set = this.toMutableSet()	commonMain/generated/_Arrays.kt:12078
-	fun	intersect	BooleanArray	0	public infix fun BooleanArray.intersect(other: Iterable<Boolean>): Set<Boolean> {	commonMain/generated/_Arrays.kt:12090
-	val	set	-	0	val set = this.toMutableSet()	commonMain/generated/_Arrays.kt:12091
-	fun	intersect	CharArray	0	public infix fun CharArray.intersect(other: Iterable<Char>): Set<Char> {	commonMain/generated/_Arrays.kt:12103
-	val	set	-	0	val set = this.toMutableSet()	commonMain/generated/_Arrays.kt:12104
-	fun	subtract	-	0	public infix fun <T> Array<out T>.subtract(other: Iterable<T>): Set<T> {	commonMain/generated/_Arrays.kt:12114
-	val	set	-	0	val set = this.toMutableSet()	commonMain/generated/_Arrays.kt:12115
-	fun	subtract	ByteArray	0	public infix fun ByteArray.subtract(other: Iterable<Byte>): Set<Byte> {	commonMain/generated/_Arrays.kt:12125
-	val	set	-	0	val set = this.toMutableSet()	commonMain/generated/_Arrays.kt:12126
-	fun	subtract	ShortArray	0	public infix fun ShortArray.subtract(other: Iterable<Short>): Set<Short> {	commonMain/generated/_Arrays.kt:12136
-	val	set	-	0	val set = this.toMutableSet()	commonMain/generated/_Arrays.kt:12137
-	fun	subtract	IntArray	0	public infix fun IntArray.subtract(other: Iterable<Int>): Set<Int> {	commonMain/generated/_Arrays.kt:12147
-	val	set	-	0	val set = this.toMutableSet()	commonMain/generated/_Arrays.kt:12148
-	fun	subtract	LongArray	0	public infix fun LongArray.subtract(other: Iterable<Long>): Set<Long> {	commonMain/generated/_Arrays.kt:12158
-	val	set	-	0	val set = this.toMutableSet()	commonMain/generated/_Arrays.kt:12159
-	fun	subtract	FloatArray	0	public infix fun FloatArray.subtract(other: Iterable<Float>): Set<Float> {	commonMain/generated/_Arrays.kt:12169
-	val	set	-	0	val set = this.toMutableSet()	commonMain/generated/_Arrays.kt:12170
-	fun	subtract	DoubleArray	0	public infix fun DoubleArray.subtract(other: Iterable<Double>): Set<Double> {	commonMain/generated/_Arrays.kt:12180
-	val	set	-	0	val set = this.toMutableSet()	commonMain/generated/_Arrays.kt:12181
-	fun	subtract	BooleanArray	0	public infix fun BooleanArray.subtract(other: Iterable<Boolean>): Set<Boolean> {	commonMain/generated/_Arrays.kt:12191
-	val	set	-	0	val set = this.toMutableSet()	commonMain/generated/_Arrays.kt:12192
-	fun	subtract	CharArray	0	public infix fun CharArray.subtract(other: Iterable<Char>): Set<Char> {	commonMain/generated/_Arrays.kt:12202
-	val	set	-	0	val set = this.toMutableSet()	commonMain/generated/_Arrays.kt:12203
-	fun	toMutableSet	-	0	public fun <T> Array<out T>.toMutableSet(): MutableSet<T> {	commonMain/generated/_Arrays.kt:12213
-	fun	toMutableSet	ByteArray	0	public fun ByteArray.toMutableSet(): MutableSet<Byte> {	commonMain/generated/_Arrays.kt:12222
-	fun	toMutableSet	ShortArray	0	public fun ShortArray.toMutableSet(): MutableSet<Short> {	commonMain/generated/_Arrays.kt:12231
-	fun	toMutableSet	IntArray	0	public fun IntArray.toMutableSet(): MutableSet<Int> {	commonMain/generated/_Arrays.kt:12240
-	fun	toMutableSet	LongArray	0	public fun LongArray.toMutableSet(): MutableSet<Long> {	commonMain/generated/_Arrays.kt:12249
-	fun	toMutableSet	FloatArray	0	public fun FloatArray.toMutableSet(): MutableSet<Float> {	commonMain/generated/_Arrays.kt:12258
-	fun	toMutableSet	DoubleArray	0	public fun DoubleArray.toMutableSet(): MutableSet<Double> {	commonMain/generated/_Arrays.kt:12267
-	fun	toMutableSet	BooleanArray	0	public fun BooleanArray.toMutableSet(): MutableSet<Boolean> {	commonMain/generated/_Arrays.kt:12276
-	fun	toMutableSet	CharArray	0	public fun CharArray.toMutableSet(): MutableSet<Char> {	commonMain/generated/_Arrays.kt:12285
-	fun	union	-	0	public infix fun <T> Array<out T>.union(other: Iterable<T>): Set<T> {	commonMain/generated/_Arrays.kt:12298
-	val	set	-	0	val set = this.toMutableSet()	commonMain/generated/_Arrays.kt:12299
-	fun	union	ByteArray	0	public infix fun ByteArray.union(other: Iterable<Byte>): Set<Byte> {	commonMain/generated/_Arrays.kt:12313
-	val	set	-	0	val set = this.toMutableSet()	commonMain/generated/_Arrays.kt:12314
-	fun	union	ShortArray	0	public infix fun ShortArray.union(other: Iterable<Short>): Set<Short> {	commonMain/generated/_Arrays.kt:12328
-	val	set	-	0	val set = this.toMutableSet()	commonMain/generated/_Arrays.kt:12329
-	fun	union	IntArray	0	public infix fun IntArray.union(other: Iterable<Int>): Set<Int> {	commonMain/generated/_Arrays.kt:12343
-	val	set	-	0	val set = this.toMutableSet()	commonMain/generated/_Arrays.kt:12344
-	fun	union	LongArray	0	public infix fun LongArray.union(other: Iterable<Long>): Set<Long> {	commonMain/generated/_Arrays.kt:12358
-	val	set	-	0	val set = this.toMutableSet()	commonMain/generated/_Arrays.kt:12359
-	fun	union	FloatArray	0	public infix fun FloatArray.union(other: Iterable<Float>): Set<Float> {	commonMain/generated/_Arrays.kt:12373
-	val	set	-	0	val set = this.toMutableSet()	commonMain/generated/_Arrays.kt:12374
-	fun	union	DoubleArray	0	public infix fun DoubleArray.union(other: Iterable<Double>): Set<Double> {	commonMain/generated/_Arrays.kt:12388
-	val	set	-	0	val set = this.toMutableSet()	commonMain/generated/_Arrays.kt:12389
-	fun	union	BooleanArray	0	public infix fun BooleanArray.union(other: Iterable<Boolean>): Set<Boolean> {	commonMain/generated/_Arrays.kt:12403
-	val	set	-	0	val set = this.toMutableSet()	commonMain/generated/_Arrays.kt:12404
-	fun	union	CharArray	0	public infix fun CharArray.union(other: Iterable<Char>): Set<Char> {	commonMain/generated/_Arrays.kt:12418
-	val	set	-	0	val set = this.toMutableSet()	commonMain/generated/_Arrays.kt:12419
-	fun	all	-	0	public inline fun <T> Array<out T>.all(predicate: (T) -> Boolean): Boolean {	commonMain/generated/_Arrays.kt:12433
-	fun	all	ByteArray	0	public inline fun ByteArray.all(predicate: (Byte) -> Boolean): Boolean {	commonMain/generated/_Arrays.kt:12447
-	fun	all	ShortArray	0	public inline fun ShortArray.all(predicate: (Short) -> Boolean): Boolean {	commonMain/generated/_Arrays.kt:12461
-	fun	all	IntArray	0	public inline fun IntArray.all(predicate: (Int) -> Boolean): Boolean {	commonMain/generated/_Arrays.kt:12475
-	fun	all	LongArray	0	public inline fun LongArray.all(predicate: (Long) -> Boolean): Boolean {	commonMain/generated/_Arrays.kt:12489
-	fun	all	FloatArray	0	public inline fun FloatArray.all(predicate: (Float) -> Boolean): Boolean {	commonMain/generated/_Arrays.kt:12503
-	fun	all	DoubleArray	0	public inline fun DoubleArray.all(predicate: (Double) -> Boolean): Boolean {	commonMain/generated/_Arrays.kt:12517
-	fun	all	BooleanArray	0	public inline fun BooleanArray.all(predicate: (Boolean) -> Boolean): Boolean {	commonMain/generated/_Arrays.kt:12531
-	fun	all	CharArray	0	public inline fun CharArray.all(predicate: (Char) -> Boolean): Boolean {	commonMain/generated/_Arrays.kt:12545
-	fun	any	-	0	public fun <T> Array<out T>.any(): Boolean {	commonMain/generated/_Arrays.kt:12555
-	fun	any	ByteArray	0	public fun ByteArray.any(): Boolean {	commonMain/generated/_Arrays.kt:12564
-	fun	any	ShortArray	0	public fun ShortArray.any(): Boolean {	commonMain/generated/_Arrays.kt:12573
-	fun	any	IntArray	0	public fun IntArray.any(): Boolean {	commonMain/generated/_Arrays.kt:12582
-	fun	any	LongArray	0	public fun LongArray.any(): Boolean {	commonMain/generated/_Arrays.kt:12591
-	fun	any	FloatArray	0	public fun FloatArray.any(): Boolean {	commonMain/generated/_Arrays.kt:12600
-	fun	any	DoubleArray	0	public fun DoubleArray.any(): Boolean {	commonMain/generated/_Arrays.kt:12609
-	fun	any	BooleanArray	0	public fun BooleanArray.any(): Boolean {	commonMain/generated/_Arrays.kt:12618
-	fun	any	CharArray	0	public fun CharArray.any(): Boolean {	commonMain/generated/_Arrays.kt:12627
-	fun	any	-	0	public inline fun <T> Array<out T>.any(predicate: (T) -> Boolean): Boolean {	commonMain/generated/_Arrays.kt:12636
-	fun	any	ByteArray	0	public inline fun ByteArray.any(predicate: (Byte) -> Boolean): Boolean {	commonMain/generated/_Arrays.kt:12646
-	fun	any	ShortArray	0	public inline fun ShortArray.any(predicate: (Short) -> Boolean): Boolean {	commonMain/generated/_Arrays.kt:12656
-	fun	any	IntArray	0	public inline fun IntArray.any(predicate: (Int) -> Boolean): Boolean {	commonMain/generated/_Arrays.kt:12666
-	fun	any	LongArray	0	public inline fun LongArray.any(predicate: (Long) -> Boolean): Boolean {	commonMain/generated/_Arrays.kt:12676
-	fun	any	FloatArray	0	public inline fun FloatArray.any(predicate: (Float) -> Boolean): Boolean {	commonMain/generated/_Arrays.kt:12686
-	fun	any	DoubleArray	0	public inline fun DoubleArray.any(predicate: (Double) -> Boolean): Boolean {	commonMain/generated/_Arrays.kt:12696
-	fun	any	BooleanArray	0	public inline fun BooleanArray.any(predicate: (Boolean) -> Boolean): Boolean {	commonMain/generated/_Arrays.kt:12706
-	fun	any	CharArray	0	public inline fun CharArray.any(predicate: (Char) -> Boolean): Boolean {	commonMain/generated/_Arrays.kt:12716
-	fun	count	-	0	public inline fun <T> Array<out T>.count(): Int {	commonMain/generated/_Arrays.kt:12725
-	fun	count	ByteArray	0	public inline fun ByteArray.count(): Int {	commonMain/generated/_Arrays.kt:12733
-	fun	count	ShortArray	0	public inline fun ShortArray.count(): Int {	commonMain/generated/_Arrays.kt:12741
-	fun	count	IntArray	0	public inline fun IntArray.count(): Int {	commonMain/generated/_Arrays.kt:12749
-	fun	count	LongArray	0	public inline fun LongArray.count(): Int {	commonMain/generated/_Arrays.kt:12757
-	fun	count	FloatArray	0	public inline fun FloatArray.count(): Int {	commonMain/generated/_Arrays.kt:12765
-	fun	count	DoubleArray	0	public inline fun DoubleArray.count(): Int {	commonMain/generated/_Arrays.kt:12773
-	fun	count	BooleanArray	0	public inline fun BooleanArray.count(): Int {	commonMain/generated/_Arrays.kt:12781
-	fun	count	CharArray	0	public inline fun CharArray.count(): Int {	commonMain/generated/_Arrays.kt:12789
-	fun	count	-	0	public inline fun <T> Array<out T>.count(predicate: (T) -> Boolean): Int {	commonMain/generated/_Arrays.kt:12796
-	var	count	-	0	var count = 0	commonMain/generated/_Arrays.kt:12797
-	fun	count	ByteArray	0	public inline fun ByteArray.count(predicate: (Byte) -> Boolean): Int {	commonMain/generated/_Arrays.kt:12805
-	var	count	-	0	var count = 0	commonMain/generated/_Arrays.kt:12806
-	fun	count	ShortArray	0	public inline fun ShortArray.count(predicate: (Short) -> Boolean): Int {	commonMain/generated/_Arrays.kt:12814
-	var	count	-	0	var count = 0	commonMain/generated/_Arrays.kt:12815
-	fun	count	IntArray	0	public inline fun IntArray.count(predicate: (Int) -> Boolean): Int {	commonMain/generated/_Arrays.kt:12823
-	var	count	-	0	var count = 0	commonMain/generated/_Arrays.kt:12824
-	fun	count	LongArray	0	public inline fun LongArray.count(predicate: (Long) -> Boolean): Int {	commonMain/generated/_Arrays.kt:12832
-	var	count	-	0	var count = 0	commonMain/generated/_Arrays.kt:12833
-	fun	count	FloatArray	0	public inline fun FloatArray.count(predicate: (Float) -> Boolean): Int {	commonMain/generated/_Arrays.kt:12841
-	var	count	-	0	var count = 0	commonMain/generated/_Arrays.kt:12842
-	fun	count	DoubleArray	0	public inline fun DoubleArray.count(predicate: (Double) -> Boolean): Int {	commonMain/generated/_Arrays.kt:12850
-	var	count	-	0	var count = 0	commonMain/generated/_Arrays.kt:12851
-	fun	count	BooleanArray	0	public inline fun BooleanArray.count(predicate: (Boolean) -> Boolean): Int {	commonMain/generated/_Arrays.kt:12859
-	var	count	-	0	var count = 0	commonMain/generated/_Arrays.kt:12860
-	fun	count	CharArray	0	public inline fun CharArray.count(predicate: (Char) -> Boolean): Int {	commonMain/generated/_Arrays.kt:12868
-	var	count	-	0	var count = 0	commonMain/generated/_Arrays.kt:12869
-	fun	fold	-	3	public inline fun <T, R> Array<out T>.fold(initial: R, operation: (acc: R, T) -> R): R {	commonMain/generated/_Arrays.kt:12882
-	var	accumulator	-	0	var accumulator = initial	commonMain/generated/_Arrays.kt:12883
-	fun	fold	ByteArray	2	public inline fun <R> ByteArray.fold(initial: R, operation: (acc: R, Byte) -> R): R {	commonMain/generated/_Arrays.kt:12896
-	var	accumulator	-	0	var accumulator = initial	commonMain/generated/_Arrays.kt:12897
-	fun	fold	ShortArray	2	public inline fun <R> ShortArray.fold(initial: R, operation: (acc: R, Short) -> R): R {	commonMain/generated/_Arrays.kt:12910
-	var	accumulator	-	0	var accumulator = initial	commonMain/generated/_Arrays.kt:12911
-	fun	fold	IntArray	2	public inline fun <R> IntArray.fold(initial: R, operation: (acc: R, Int) -> R): R {	commonMain/generated/_Arrays.kt:12924
-	var	accumulator	-	0	var accumulator = initial	commonMain/generated/_Arrays.kt:12925
-	fun	fold	LongArray	2	public inline fun <R> LongArray.fold(initial: R, operation: (acc: R, Long) -> R): R {	commonMain/generated/_Arrays.kt:12938
-	var	accumulator	-	0	var accumulator = initial	commonMain/generated/_Arrays.kt:12939
-	fun	fold	FloatArray	2	public inline fun <R> FloatArray.fold(initial: R, operation: (acc: R, Float) -> R): R {	commonMain/generated/_Arrays.kt:12952
-	var	accumulator	-	0	var accumulator = initial	commonMain/generated/_Arrays.kt:12953
-	fun	fold	DoubleArray	2	public inline fun <R> DoubleArray.fold(initial: R, operation: (acc: R, Double) -> R): R {	commonMain/generated/_Arrays.kt:12966
-	var	accumulator	-	0	var accumulator = initial	commonMain/generated/_Arrays.kt:12967
-	fun	fold	BooleanArray	2	public inline fun <R> BooleanArray.fold(initial: R, operation: (acc: R, Boolean) -> R): R {	commonMain/generated/_Arrays.kt:12980
-	var	accumulator	-	0	var accumulator = initial	commonMain/generated/_Arrays.kt:12981
-	fun	fold	CharArray	2	public inline fun <R> CharArray.fold(initial: R, operation: (acc: R, Char) -> R): R {	commonMain/generated/_Arrays.kt:12994
-	var	accumulator	-	0	var accumulator = initial	commonMain/generated/_Arrays.kt:12995
-	fun	foldIndexed	-	4	public inline fun <T, R> Array<out T>.foldIndexed(initial: R, operation: (index: Int, acc: R, T) -> R): R {	commonMain/generated/_Arrays.kt:13009
-	var	index	-	0	var index = 0	commonMain/generated/_Arrays.kt:13010
-	var	accumulator	-	0	var accumulator = initial	commonMain/generated/_Arrays.kt:13011
-	fun	foldIndexed	ByteArray	3	public inline fun <R> ByteArray.foldIndexed(initial: R, operation: (index: Int, acc: R, Byte) -> R): R {	commonMain/generated/_Arrays.kt:13025
-	var	index	-	0	var index = 0	commonMain/generated/_Arrays.kt:13026
-	var	accumulator	-	0	var accumulator = initial	commonMain/generated/_Arrays.kt:13027
-	fun	foldIndexed	ShortArray	3	public inline fun <R> ShortArray.foldIndexed(initial: R, operation: (index: Int, acc: R, Short) -> R): R {	commonMain/generated/_Arrays.kt:13041
-	var	index	-	0	var index = 0	commonMain/generated/_Arrays.kt:13042
-	var	accumulator	-	0	var accumulator = initial	commonMain/generated/_Arrays.kt:13043
-	fun	foldIndexed	IntArray	3	public inline fun <R> IntArray.foldIndexed(initial: R, operation: (index: Int, acc: R, Int) -> R): R {	commonMain/generated/_Arrays.kt:13057
-	var	index	-	0	var index = 0	commonMain/generated/_Arrays.kt:13058
-	var	accumulator	-	0	var accumulator = initial	commonMain/generated/_Arrays.kt:13059
-	fun	foldIndexed	LongArray	3	public inline fun <R> LongArray.foldIndexed(initial: R, operation: (index: Int, acc: R, Long) -> R): R {	commonMain/generated/_Arrays.kt:13073
-	var	index	-	0	var index = 0	commonMain/generated/_Arrays.kt:13074
-	var	accumulator	-	0	var accumulator = initial	commonMain/generated/_Arrays.kt:13075
-	fun	foldIndexed	FloatArray	3	public inline fun <R> FloatArray.foldIndexed(initial: R, operation: (index: Int, acc: R, Float) -> R): R {	commonMain/generated/_Arrays.kt:13089
-	var	index	-	0	var index = 0	commonMain/generated/_Arrays.kt:13090
-	var	accumulator	-	0	var accumulator = initial	commonMain/generated/_Arrays.kt:13091
-	fun	foldIndexed	DoubleArray	3	public inline fun <R> DoubleArray.foldIndexed(initial: R, operation: (index: Int, acc: R, Double) -> R): R {	commonMain/generated/_Arrays.kt:13105
-	var	index	-	0	var index = 0	commonMain/generated/_Arrays.kt:13106
-	var	accumulator	-	0	var accumulator = initial	commonMain/generated/_Arrays.kt:13107
-	fun	foldIndexed	BooleanArray	3	public inline fun <R> BooleanArray.foldIndexed(initial: R, operation: (index: Int, acc: R, Boolean) -> R): R {	commonMain/generated/_Arrays.kt:13121
-	var	index	-	0	var index = 0	commonMain/generated/_Arrays.kt:13122
-	var	accumulator	-	0	var accumulator = initial	commonMain/generated/_Arrays.kt:13123
-	fun	foldIndexed	CharArray	3	public inline fun <R> CharArray.foldIndexed(initial: R, operation: (index: Int, acc: R, Char) -> R): R {	commonMain/generated/_Arrays.kt:13137
-	var	index	-	0	var index = 0	commonMain/generated/_Arrays.kt:13138
-	var	accumulator	-	0	var accumulator = initial	commonMain/generated/_Arrays.kt:13139
-	fun	foldRight	-	3	public inline fun <T, R> Array<out T>.foldRight(initial: R, operation: (T, acc: R) -> R): R {	commonMain/generated/_Arrays.kt:13152
-	var	index	-	0	var index = lastIndex	commonMain/generated/_Arrays.kt:13153
-	var	accumulator	-	0	var accumulator = initial	commonMain/generated/_Arrays.kt:13154
-	fun	foldRight	ByteArray	2	public inline fun <R> ByteArray.foldRight(initial: R, operation: (Byte, acc: R) -> R): R {	commonMain/generated/_Arrays.kt:13169
-	var	index	-	0	var index = lastIndex	commonMain/generated/_Arrays.kt:13170
-	var	accumulator	-	0	var accumulator = initial	commonMain/generated/_Arrays.kt:13171
-	fun	foldRight	ShortArray	2	public inline fun <R> ShortArray.foldRight(initial: R, operation: (Short, acc: R) -> R): R {	commonMain/generated/_Arrays.kt:13186
-	var	index	-	0	var index = lastIndex	commonMain/generated/_Arrays.kt:13187
-	var	accumulator	-	0	var accumulator = initial	commonMain/generated/_Arrays.kt:13188
-	fun	foldRight	IntArray	2	public inline fun <R> IntArray.foldRight(initial: R, operation: (Int, acc: R) -> R): R {	commonMain/generated/_Arrays.kt:13203
-	var	index	-	0	var index = lastIndex	commonMain/generated/_Arrays.kt:13204
-	var	accumulator	-	0	var accumulator = initial	commonMain/generated/_Arrays.kt:13205
-	fun	foldRight	LongArray	2	public inline fun <R> LongArray.foldRight(initial: R, operation: (Long, acc: R) -> R): R {	commonMain/generated/_Arrays.kt:13220
-	var	index	-	0	var index = lastIndex	commonMain/generated/_Arrays.kt:13221
-	var	accumulator	-	0	var accumulator = initial	commonMain/generated/_Arrays.kt:13222
-	fun	foldRight	FloatArray	2	public inline fun <R> FloatArray.foldRight(initial: R, operation: (Float, acc: R) -> R): R {	commonMain/generated/_Arrays.kt:13237
-	var	index	-	0	var index = lastIndex	commonMain/generated/_Arrays.kt:13238
-	var	accumulator	-	0	var accumulator = initial	commonMain/generated/_Arrays.kt:13239
-	fun	foldRight	DoubleArray	2	public inline fun <R> DoubleArray.foldRight(initial: R, operation: (Double, acc: R) -> R): R {	commonMain/generated/_Arrays.kt:13254
-	var	index	-	0	var index = lastIndex	commonMain/generated/_Arrays.kt:13255
-	var	accumulator	-	0	var accumulator = initial	commonMain/generated/_Arrays.kt:13256
-	fun	foldRight	BooleanArray	2	public inline fun <R> BooleanArray.foldRight(initial: R, operation: (Boolean, acc: R) -> R): R {	commonMain/generated/_Arrays.kt:13271
-	var	index	-	0	var index = lastIndex	commonMain/generated/_Arrays.kt:13272
-	var	accumulator	-	0	var accumulator = initial	commonMain/generated/_Arrays.kt:13273
-	fun	foldRight	CharArray	2	public inline fun <R> CharArray.foldRight(initial: R, operation: (Char, acc: R) -> R): R {	commonMain/generated/_Arrays.kt:13288
-	var	index	-	0	var index = lastIndex	commonMain/generated/_Arrays.kt:13289
-	var	accumulator	-	0	var accumulator = initial	commonMain/generated/_Arrays.kt:13290
-	fun	foldRightIndexed	-	4	public inline fun <T, R> Array<out T>.foldRightIndexed(initial: R, operation: (index: Int, T, acc: R) -> R): R {	commonMain/generated/_Arrays.kt:13306
-	var	index	-	0	var index = lastIndex	commonMain/generated/_Arrays.kt:13307
-	var	accumulator	-	0	var accumulator = initial	commonMain/generated/_Arrays.kt:13308
-	fun	foldRightIndexed	ByteArray	3	public inline fun <R> ByteArray.foldRightIndexed(initial: R, operation: (index: Int, Byte, acc: R) -> R): R {	commonMain/generated/_Arrays.kt:13325
-	var	index	-	0	var index = lastIndex	commonMain/generated/_Arrays.kt:13326
-	var	accumulator	-	0	var accumulator = initial	commonMain/generated/_Arrays.kt:13327
-	fun	foldRightIndexed	ShortArray	3	public inline fun <R> ShortArray.foldRightIndexed(initial: R, operation: (index: Int, Short, acc: R) -> R): R {	commonMain/generated/_Arrays.kt:13344
-	var	index	-	0	var index = lastIndex	commonMain/generated/_Arrays.kt:13345
-	var	accumulator	-	0	var accumulator = initial	commonMain/generated/_Arrays.kt:13346
-	fun	foldRightIndexed	IntArray	3	public inline fun <R> IntArray.foldRightIndexed(initial: R, operation: (index: Int, Int, acc: R) -> R): R {	commonMain/generated/_Arrays.kt:13363
-	var	index	-	0	var index = lastIndex	commonMain/generated/_Arrays.kt:13364
-	var	accumulator	-	0	var accumulator = initial	commonMain/generated/_Arrays.kt:13365
-	fun	foldRightIndexed	LongArray	3	public inline fun <R> LongArray.foldRightIndexed(initial: R, operation: (index: Int, Long, acc: R) -> R): R {	commonMain/generated/_Arrays.kt:13382
-	var	index	-	0	var index = lastIndex	commonMain/generated/_Arrays.kt:13383
-	var	accumulator	-	0	var accumulator = initial	commonMain/generated/_Arrays.kt:13384
-	fun	foldRightIndexed	FloatArray	3	public inline fun <R> FloatArray.foldRightIndexed(initial: R, operation: (index: Int, Float, acc: R) -> R): R {	commonMain/generated/_Arrays.kt:13401
-	var	index	-	0	var index = lastIndex	commonMain/generated/_Arrays.kt:13402
-	var	accumulator	-	0	var accumulator = initial	commonMain/generated/_Arrays.kt:13403
-	fun	foldRightIndexed	DoubleArray	3	public inline fun <R> DoubleArray.foldRightIndexed(initial: R, operation: (index: Int, Double, acc: R) -> R): R {	commonMain/generated/_Arrays.kt:13420
-	var	index	-	0	var index = lastIndex	commonMain/generated/_Arrays.kt:13421
-	var	accumulator	-	0	var accumulator = initial	commonMain/generated/_Arrays.kt:13422
-	fun	foldRightIndexed	BooleanArray	3	public inline fun <R> BooleanArray.foldRightIndexed(initial: R, operation: (index: Int, Boolean, acc: R) -> R): R {	commonMain/generated/_Arrays.kt:13439
-	var	index	-	0	var index = lastIndex	commonMain/generated/_Arrays.kt:13440
-	var	accumulator	-	0	var accumulator = initial	commonMain/generated/_Arrays.kt:13441
-	fun	foldRightIndexed	CharArray	3	public inline fun <R> CharArray.foldRightIndexed(initial: R, operation: (index: Int, Char, acc: R) -> R): R {	commonMain/generated/_Arrays.kt:13458
-	var	index	-	0	var index = lastIndex	commonMain/generated/_Arrays.kt:13459
-	var	accumulator	-	0	var accumulator = initial	commonMain/generated/_Arrays.kt:13460
-	fun	forEach	-	0	public inline fun <T> Array<out T>.forEach(action: (T) -> Unit): Unit {	commonMain/generated/_Arrays.kt:13471
-	fun	forEach	ByteArray	0	public inline fun ByteArray.forEach(action: (Byte) -> Unit): Unit {	commonMain/generated/_Arrays.kt:13478
-	fun	forEach	ShortArray	0	public inline fun ShortArray.forEach(action: (Short) -> Unit): Unit {	commonMain/generated/_Arrays.kt:13485
-	fun	forEach	IntArray	0	public inline fun IntArray.forEach(action: (Int) -> Unit): Unit {	commonMain/generated/_Arrays.kt:13492
-	fun	forEach	LongArray	0	public inline fun LongArray.forEach(action: (Long) -> Unit): Unit {	commonMain/generated/_Arrays.kt:13499
-	fun	forEach	FloatArray	0	public inline fun FloatArray.forEach(action: (Float) -> Unit): Unit {	commonMain/generated/_Arrays.kt:13506
-	fun	forEach	DoubleArray	0	public inline fun DoubleArray.forEach(action: (Double) -> Unit): Unit {	commonMain/generated/_Arrays.kt:13513
-	fun	forEach	BooleanArray	0	public inline fun BooleanArray.forEach(action: (Boolean) -> Unit): Unit {	commonMain/generated/_Arrays.kt:13520
-	fun	forEach	CharArray	0	public inline fun CharArray.forEach(action: (Char) -> Unit): Unit {	commonMain/generated/_Arrays.kt:13527
-	fun	forEachIndexed	-	1	public inline fun <T> Array<out T>.forEachIndexed(action: (index: Int, T) -> Unit): Unit {	commonMain/generated/_Arrays.kt:13536
-	var	index	-	0	var index = 0	commonMain/generated/_Arrays.kt:13537
-	fun	forEachIndexed	ByteArray	1	public inline fun ByteArray.forEachIndexed(action: (index: Int, Byte) -> Unit): Unit {	commonMain/generated/_Arrays.kt:13546
-	var	index	-	0	var index = 0	commonMain/generated/_Arrays.kt:13547
-	fun	forEachIndexed	ShortArray	1	public inline fun ShortArray.forEachIndexed(action: (index: Int, Short) -> Unit): Unit {	commonMain/generated/_Arrays.kt:13556
-	var	index	-	0	var index = 0	commonMain/generated/_Arrays.kt:13557
-	fun	forEachIndexed	IntArray	1	public inline fun IntArray.forEachIndexed(action: (index: Int, Int) -> Unit): Unit {	commonMain/generated/_Arrays.kt:13566
-	var	index	-	0	var index = 0	commonMain/generated/_Arrays.kt:13567
-	fun	forEachIndexed	LongArray	1	public inline fun LongArray.forEachIndexed(action: (index: Int, Long) -> Unit): Unit {	commonMain/generated/_Arrays.kt:13576
-	var	index	-	0	var index = 0	commonMain/generated/_Arrays.kt:13577
-	fun	forEachIndexed	FloatArray	1	public inline fun FloatArray.forEachIndexed(action: (index: Int, Float) -> Unit): Unit {	commonMain/generated/_Arrays.kt:13586
-	var	index	-	0	var index = 0	commonMain/generated/_Arrays.kt:13587
-	fun	forEachIndexed	DoubleArray	1	public inline fun DoubleArray.forEachIndexed(action: (index: Int, Double) -> Unit): Unit {	commonMain/generated/_Arrays.kt:13596
-	var	index	-	0	var index = 0	commonMain/generated/_Arrays.kt:13597
-	fun	forEachIndexed	BooleanArray	1	public inline fun BooleanArray.forEachIndexed(action: (index: Int, Boolean) -> Unit): Unit {	commonMain/generated/_Arrays.kt:13606
-	var	index	-	0	var index = 0	commonMain/generated/_Arrays.kt:13607
-	fun	forEachIndexed	CharArray	1	public inline fun CharArray.forEachIndexed(action: (index: Int, Char) -> Unit): Unit {	commonMain/generated/_Arrays.kt:13616
-	var	index	-	0	var index = 0	commonMain/generated/_Arrays.kt:13617
1.7	fun	max	-	0	public fun Array<out Double>.max(): Double {	commonMain/generated/_Arrays.kt:13633
-	var	max	-	0	var max = this[0]	commonMain/generated/_Arrays.kt:13635
-	val	e	-	0	val e = this[i]	commonMain/generated/_Arrays.kt:13637
1.7	fun	max	-	0	public fun Array<out Float>.max(): Float {	commonMain/generated/_Arrays.kt:13655
-	var	max	-	0	var max = this[0]	commonMain/generated/_Arrays.kt:13657
-	val	e	-	0	val e = this[i]	commonMain/generated/_Arrays.kt:13659
1.7	fun	max	-	0	public fun <T : Comparable<T>> Array<out T>.max(): T {	commonMain/generated/_Arrays.kt:13677
-	var	max	-	0	var max = this[0]	commonMain/generated/_Arrays.kt:13679
-	val	e	-	0	val e = this[i]	commonMain/generated/_Arrays.kt:13681
1.7	fun	max	ByteArray	0	public fun ByteArray.max(): Byte {	commonMain/generated/_Arrays.kt:13697
-	var	max	-	0	var max = this[0]	commonMain/generated/_Arrays.kt:13699
-	val	e	-	0	val e = this[i]	commonMain/generated/_Arrays.kt:13701
1.7	fun	max	ShortArray	0	public fun ShortArray.max(): Short {	commonMain/generated/_Arrays.kt:13717
-	var	max	-	0	var max = this[0]	commonMain/generated/_Arrays.kt:13719
-	val	e	-	0	val e = this[i]	commonMain/generated/_Arrays.kt:13721
1.7	fun	max	IntArray	0	public fun IntArray.max(): Int {	commonMain/generated/_Arrays.kt:13737
-	var	max	-	0	var max = this[0]	commonMain/generated/_Arrays.kt:13739
-	val	e	-	0	val e = this[i]	commonMain/generated/_Arrays.kt:13741
1.7	fun	max	LongArray	0	public fun LongArray.max(): Long {	commonMain/generated/_Arrays.kt:13757
-	var	max	-	0	var max = this[0]	commonMain/generated/_Arrays.kt:13759
-	val	e	-	0	val e = this[i]	commonMain/generated/_Arrays.kt:13761
1.7	fun	max	FloatArray	0	public fun FloatArray.max(): Float {	commonMain/generated/_Arrays.kt:13779
-	var	max	-	0	var max = this[0]	commonMain/generated/_Arrays.kt:13781
-	val	e	-	0	val e = this[i]	commonMain/generated/_Arrays.kt:13783
1.7	fun	max	DoubleArray	0	public fun DoubleArray.max(): Double {	commonMain/generated/_Arrays.kt:13801
-	var	max	-	0	var max = this[0]	commonMain/generated/_Arrays.kt:13803
-	val	e	-	0	val e = this[i]	commonMain/generated/_Arrays.kt:13805
1.7	fun	max	CharArray	0	public fun CharArray.max(): Char {	commonMain/generated/_Arrays.kt:13821
-	var	max	-	0	var max = this[0]	commonMain/generated/_Arrays.kt:13823
-	val	e	-	0	val e = this[i]	commonMain/generated/_Arrays.kt:13825
1.7	fun	maxBy	-	1	public inline fun <T, R : Comparable<R>> Array<out T>.maxBy(selector: (T) -> R): T {	commonMain/generated/_Arrays.kt:13848
-	var	maxElem	-	0	var maxElem = this[0]	commonMain/generated/_Arrays.kt:13850
-	val	lastIndex	-	0	val lastIndex = this.lastIndex	commonMain/generated/_Arrays.kt:13851
-	var	maxValue	-	0	var maxValue = selector(maxElem)	commonMain/generated/_Arrays.kt:13853
-	val	e	-	0	val e = this[i]	commonMain/generated/_Arrays.kt:13855
-	val	v	-	0	val v = selector(e)	commonMain/generated/_Arrays.kt:13856
1.7	fun	maxBy	ByteArray	0	public inline fun <R : Comparable<R>> ByteArray.maxBy(selector: (Byte) -> R): Byte {	commonMain/generated/_Arrays.kt:13882
-	var	maxElem	-	0	var maxElem = this[0]	commonMain/generated/_Arrays.kt:13884
-	val	lastIndex	-	0	val lastIndex = this.lastIndex	commonMain/generated/_Arrays.kt:13885
-	var	maxValue	-	0	var maxValue = selector(maxElem)	commonMain/generated/_Arrays.kt:13887
-	val	e	-	0	val e = this[i]	commonMain/generated/_Arrays.kt:13889
-	val	v	-	0	val v = selector(e)	commonMain/generated/_Arrays.kt:13890
1.7	fun	maxBy	ShortArray	0	public inline fun <R : Comparable<R>> ShortArray.maxBy(selector: (Short) -> R): Short {	commonMain/generated/_Arrays.kt:13916
-	var	maxElem	-	0	var maxElem = this[0]	commonMain/generated/_Arrays.kt:13918
-	val	lastIndex	-	0	val lastIndex = this.lastIndex	commonMain/generated/_Arrays.kt:13919
-	var	maxValue	-	0	var maxValue = selector(maxElem)	commonMain/generated/_Arrays.kt:13921
-	val	e	-	0	val e = this[i]	commonMain/generated/_Arrays.kt:13923
-	val	v	-	0	val v = selector(e)	commonMain/generated/_Arrays.kt:13924
1.7	fun	maxBy	IntArray	0	public inline fun <R : Comparable<R>> IntArray.maxBy(selector: (Int) -> R): Int {	commonMain/generated/_Arrays.kt:13950
-	var	maxElem	-	0	var maxElem = this[0]	commonMain/generated/_Arrays.kt:13952
-	val	lastIndex	-	0	val lastIndex = this.lastIndex	commonMain/generated/_Arrays.kt:13953
-	var	maxValue	-	0	var maxValue = selector(maxElem)	commonMain/generated/_Arrays.kt:13955
-	val	e	-	0	val e = this[i]	commonMain/generated/_Arrays.kt:13957
-	val	v	-	0	val v = selector(e)	commonMain/generated/_Arrays.kt:13958
1.7	fun	maxBy	LongArray	0	public inline fun <R : Comparable<R>> LongArray.maxBy(selector: (Long) -> R): Long {	commonMain/generated/_Arrays.kt:13984
-	var	maxElem	-	0	var maxElem = this[0]	commonMain/generated/_Arrays.kt:13986
-	val	lastIndex	-	0	val lastIndex = this.lastIndex	commonMain/generated/_Arrays.kt:13987
-	var	maxValue	-	0	var maxValue = selector(maxElem)	commonMain/generated/_Arrays.kt:13989
-	val	e	-	0	val e = this[i]	commonMain/generated/_Arrays.kt:13991
-	val	v	-	0	val v = selector(e)	commonMain/generated/_Arrays.kt:13992
1.7	fun	maxBy	FloatArray	0	public inline fun <R : Comparable<R>> FloatArray.maxBy(selector: (Float) -> R): Float {	commonMain/generated/_Arrays.kt:14018
-	var	maxElem	-	0	var maxElem = this[0]	commonMain/generated/_Arrays.kt:14020
-	val	lastIndex	-	0	val lastIndex = this.lastIndex	commonMain/generated/_Arrays.kt:14021
-	var	maxValue	-	0	var maxValue = selector(maxElem)	commonMain/generated/_Arrays.kt:14023
-	val	e	-	0	val e = this[i]	commonMain/generated/_Arrays.kt:14025
-	val	v	-	0	val v = selector(e)	commonMain/generated/_Arrays.kt:14026
1.7	fun	maxBy	DoubleArray	0	public inline fun <R : Comparable<R>> DoubleArray.maxBy(selector: (Double) -> R): Double {	commonMain/generated/_Arrays.kt:14052
-	var	maxElem	-	0	var maxElem = this[0]	commonMain/generated/_Arrays.kt:14054
-	val	lastIndex	-	0	val lastIndex = this.lastIndex	commonMain/generated/_Arrays.kt:14055
-	var	maxValue	-	0	var maxValue = selector(maxElem)	commonMain/generated/_Arrays.kt:14057
-	val	e	-	0	val e = this[i]	commonMain/generated/_Arrays.kt:14059
-	val	v	-	0	val v = selector(e)	commonMain/generated/_Arrays.kt:14060
1.7	fun	maxBy	BooleanArray	0	public inline fun <R : Comparable<R>> BooleanArray.maxBy(selector: (Boolean) -> R): Boolean {	commonMain/generated/_Arrays.kt:14086
-	var	maxElem	-	0	var maxElem = this[0]	commonMain/generated/_Arrays.kt:14088
-	val	lastIndex	-	0	val lastIndex = this.lastIndex	commonMain/generated/_Arrays.kt:14089
-	var	maxValue	-	0	var maxValue = selector(maxElem)	commonMain/generated/_Arrays.kt:14091
-	val	e	-	0	val e = this[i]	commonMain/generated/_Arrays.kt:14093
-	val	v	-	0	val v = selector(e)	commonMain/generated/_Arrays.kt:14094
1.7	fun	maxBy	CharArray	0	public inline fun <R : Comparable<R>> CharArray.maxBy(selector: (Char) -> R): Char {	commonMain/generated/_Arrays.kt:14120
-	var	maxElem	-	0	var maxElem = this[0]	commonMain/generated/_Arrays.kt:14122
-	val	lastIndex	-	0	val lastIndex = this.lastIndex	commonMain/generated/_Arrays.kt:14123
-	var	maxValue	-	0	var maxValue = selector(maxElem)	commonMain/generated/_Arrays.kt:14125
-	val	e	-	0	val e = this[i]	commonMain/generated/_Arrays.kt:14127
-	val	v	-	0	val v = selector(e)	commonMain/generated/_Arrays.kt:14128
1.4	fun	maxByOrNull	-	1	public inline fun <T, R : Comparable<R>> Array<out T>.maxByOrNull(selector: (T) -> R): T? {	commonMain/generated/_Arrays.kt:14150
-	var	maxElem	-	0	var maxElem = this[0]	commonMain/generated/_Arrays.kt:14152
-	val	lastIndex	-	0	val lastIndex = this.lastIndex	commonMain/generated/_Arrays.kt:14153
-	var	maxValue	-	0	var maxValue = selector(maxElem)	commonMain/generated/_Arrays.kt:14155
-	val	e	-	0	val e = this[i]	commonMain/generated/_Arrays.kt:14157
-	val	v	-	0	val v = selector(e)	commonMain/generated/_Arrays.kt:14158
1.4	fun	maxByOrNull	ByteArray	0	public inline fun <R : Comparable<R>> ByteArray.maxByOrNull(selector: (Byte) -> R): Byte? {	commonMain/generated/_Arrays.kt:14180
-	var	maxElem	-	0	var maxElem = this[0]	commonMain/generated/_Arrays.kt:14182
-	val	lastIndex	-	0	val lastIndex = this.lastIndex	commonMain/generated/_Arrays.kt:14183
-	var	maxValue	-	0	var maxValue = selector(maxElem)	commonMain/generated/_Arrays.kt:14185
-	val	e	-	0	val e = this[i]	commonMain/generated/_Arrays.kt:14187
-	val	v	-	0	val v = selector(e)	commonMain/generated/_Arrays.kt:14188
1.4	fun	maxByOrNull	ShortArray	0	public inline fun <R : Comparable<R>> ShortArray.maxByOrNull(selector: (Short) -> R): Short? {	commonMain/generated/_Arrays.kt:14210
-	var	maxElem	-	0	var maxElem = this[0]	commonMain/generated/_Arrays.kt:14212
-	val	lastIndex	-	0	val lastIndex = this.lastIndex	commonMain/generated/_Arrays.kt:14213
-	var	maxValue	-	0	var maxValue = selector(maxElem)	commonMain/generated/_Arrays.kt:14215
-	val	e	-	0	val e = this[i]	commonMain/generated/_Arrays.kt:14217
-	val	v	-	0	val v = selector(e)	commonMain/generated/_Arrays.kt:14218
1.4	fun	maxByOrNull	IntArray	0	public inline fun <R : Comparable<R>> IntArray.maxByOrNull(selector: (Int) -> R): Int? {	commonMain/generated/_Arrays.kt:14240
-	var	maxElem	-	0	var maxElem = this[0]	commonMain/generated/_Arrays.kt:14242
-	val	lastIndex	-	0	val lastIndex = this.lastIndex	commonMain/generated/_Arrays.kt:14243
-	var	maxValue	-	0	var maxValue = selector(maxElem)	commonMain/generated/_Arrays.kt:14245
-	val	e	-	0	val e = this[i]	commonMain/generated/_Arrays.kt:14247
-	val	v	-	0	val v = selector(e)	commonMain/generated/_Arrays.kt:14248
1.4	fun	maxByOrNull	LongArray	0	public inline fun <R : Comparable<R>> LongArray.maxByOrNull(selector: (Long) -> R): Long? {	commonMain/generated/_Arrays.kt:14270
-	var	maxElem	-	0	var maxElem = this[0]	commonMain/generated/_Arrays.kt:14272
-	val	lastIndex	-	0	val lastIndex = this.lastIndex	commonMain/generated/_Arrays.kt:14273
-	var	maxValue	-	0	var maxValue = selector(maxElem)	commonMain/generated/_Arrays.kt:14275
-	val	e	-	0	val e = this[i]	commonMain/generated/_Arrays.kt:14277
-	val	v	-	0	val v = selector(e)	commonMain/generated/_Arrays.kt:14278
1.4	fun	maxByOrNull	FloatArray	0	public inline fun <R : Comparable<R>> FloatArray.maxByOrNull(selector: (Float) -> R): Float? {	commonMain/generated/_Arrays.kt:14300
-	var	maxElem	-	0	var maxElem = this[0]	commonMain/generated/_Arrays.kt:14302
-	val	lastIndex	-	0	val lastIndex = this.lastIndex	commonMain/generated/_Arrays.kt:14303
-	var	maxValue	-	0	var maxValue = selector(maxElem)	commonMain/generated/_Arrays.kt:14305
-	val	e	-	0	val e = this[i]	commonMain/generated/_Arrays.kt:14307
-	val	v	-	0	val v = selector(e)	commonMain/generated/_Arrays.kt:14308
1.4	fun	maxByOrNull	DoubleArray	0	public inline fun <R : Comparable<R>> DoubleArray.maxByOrNull(selector: (Double) -> R): Double? {	commonMain/generated/_Arrays.kt:14330
-	var	maxElem	-	0	var maxElem = this[0]	commonMain/generated/_Arrays.kt:14332
-	val	lastIndex	-	0	val lastIndex = this.lastIndex	commonMain/generated/_Arrays.kt:14333
-	var	maxValue	-	0	var maxValue = selector(maxElem)	commonMain/generated/_Arrays.kt:14335
-	val	e	-	0	val e = this[i]	commonMain/generated/_Arrays.kt:14337
-	val	v	-	0	val v = selector(e)	commonMain/generated/_Arrays.kt:14338
1.4	fun	maxByOrNull	BooleanArray	0	public inline fun <R : Comparable<R>> BooleanArray.maxByOrNull(selector: (Boolean) -> R): Boolean? {	commonMain/generated/_Arrays.kt:14360
-	var	maxElem	-	0	var maxElem = this[0]	commonMain/generated/_Arrays.kt:14362
-	val	lastIndex	-	0	val lastIndex = this.lastIndex	commonMain/generated/_Arrays.kt:14363
-	var	maxValue	-	0	var maxValue = selector(maxElem)	commonMain/generated/_Arrays.kt:14365
-	val	e	-	0	val e = this[i]	commonMain/generated/_Arrays.kt:14367
-	val	v	-	0	val v = selector(e)	commonMain/generated/_Arrays.kt:14368
1.4	fun	maxByOrNull	CharArray	0	public inline fun <R : Comparable<R>> CharArray.maxByOrNull(selector: (Char) -> R): Char? {	commonMain/generated/_Arrays.kt:14390
-	var	maxElem	-	0	var maxElem = this[0]	commonMain/generated/_Arrays.kt:14392
-	val	lastIndex	-	0	val lastIndex = this.lastIndex	commonMain/generated/_Arrays.kt:14393
-	var	maxValue	-	0	var maxValue = selector(maxElem)	commonMain/generated/_Arrays.kt:14395
-	val	e	-	0	val e = this[i]	commonMain/generated/_Arrays.kt:14397
-	val	v	-	0	val v = selector(e)	commonMain/generated/_Arrays.kt:14398
1.4	fun	maxOf	-	0	public inline fun <T> Array<out T>.maxOf(selector: (T) -> Double): Double {	commonMain/generated/_Arrays.kt:14421
-	var	maxValue	-	0	var maxValue = selector(this[0])	commonMain/generated/_Arrays.kt:14423
-	val	v	-	0	val v = selector(this[i])	commonMain/generated/_Arrays.kt:14425
1.4	fun	maxOf	ByteArray	0	public inline fun ByteArray.maxOf(selector: (Byte) -> Double): Double {	commonMain/generated/_Arrays.kt:14445
-	var	maxValue	-	0	var maxValue = selector(this[0])	commonMain/generated/_Arrays.kt:14447
-	val	v	-	0	val v = selector(this[i])	commonMain/generated/_Arrays.kt:14449
1.4	fun	maxOf	ShortArray	0	public inline fun ShortArray.maxOf(selector: (Short) -> Double): Double {	commonMain/generated/_Arrays.kt:14469
-	var	maxValue	-	0	var maxValue = selector(this[0])	commonMain/generated/_Arrays.kt:14471
-	val	v	-	0	val v = selector(this[i])	commonMain/generated/_Arrays.kt:14473
1.4	fun	maxOf	IntArray	0	public inline fun IntArray.maxOf(selector: (Int) -> Double): Double {	commonMain/generated/_Arrays.kt:14493
-	var	maxValue	-	0	var maxValue = selector(this[0])	commonMain/generated/_Arrays.kt:14495
-	val	v	-	0	val v = selector(this[i])	commonMain/generated/_Arrays.kt:14497
1.4	fun	maxOf	LongArray	0	public inline fun LongArray.maxOf(selector: (Long) -> Double): Double {	commonMain/generated/_Arrays.kt:14517
-	var	maxValue	-	0	var maxValue = selector(this[0])	commonMain/generated/_Arrays.kt:14519
-	val	v	-	0	val v = selector(this[i])	commonMain/generated/_Arrays.kt:14521
1.4	fun	maxOf	FloatArray	0	public inline fun FloatArray.maxOf(selector: (Float) -> Double): Double {	commonMain/generated/_Arrays.kt:14541
-	var	maxValue	-	0	var maxValue = selector(this[0])	commonMain/generated/_Arrays.kt:14543
-	val	v	-	0	val v = selector(this[i])	commonMain/generated/_Arrays.kt:14545
1.4	fun	maxOf	DoubleArray	0	public inline fun DoubleArray.maxOf(selector: (Double) -> Double): Double {	commonMain/generated/_Arrays.kt:14565
-	var	maxValue	-	0	var maxValue = selector(this[0])	commonMain/generated/_Arrays.kt:14567
-	val	v	-	0	val v = selector(this[i])	commonMain/generated/_Arrays.kt:14569
1.4	fun	maxOf	BooleanArray	0	public inline fun BooleanArray.maxOf(selector: (Boolean) -> Double): Double {	commonMain/generated/_Arrays.kt:14589
-	var	maxValue	-	0	var maxValue = selector(this[0])	commonMain/generated/_Arrays.kt:14591
-	val	v	-	0	val v = selector(this[i])	commonMain/generated/_Arrays.kt:14593
1.4	fun	maxOf	CharArray	0	public inline fun CharArray.maxOf(selector: (Char) -> Double): Double {	commonMain/generated/_Arrays.kt:14613
-	var	maxValue	-	0	var maxValue = selector(this[0])	commonMain/generated/_Arrays.kt:14615
-	val	v	-	0	val v = selector(this[i])	commonMain/generated/_Arrays.kt:14617
1.4	fun	maxOf	-	0	public inline fun <T> Array<out T>.maxOf(selector: (T) -> Float): Float {	commonMain/generated/_Arrays.kt:14637
-	var	maxValue	-	0	var maxValue = selector(this[0])	commonMain/generated/_Arrays.kt:14639
-	val	v	-	0	val v = selector(this[i])	commonMain/generated/_Arrays.kt:14641
1.4	fun	maxOf	ByteArray	0	public inline fun ByteArray.maxOf(selector: (Byte) -> Float): Float {	commonMain/generated/_Arrays.kt:14661
-	var	maxValue	-	0	var maxValue = selector(this[0])	commonMain/generated/_Arrays.kt:14663
-	val	v	-	0	val v = selector(this[i])	commonMain/generated/_Arrays.kt:14665
1.4	fun	maxOf	ShortArray	0	public inline fun ShortArray.maxOf(selector: (Short) -> Float): Float {	commonMain/generated/_Arrays.kt:14685
-	var	maxValue	-	0	var maxValue = selector(this[0])	commonMain/generated/_Arrays.kt:14687
-	val	v	-	0	val v = selector(this[i])	commonMain/generated/_Arrays.kt:14689
1.4	fun	maxOf	IntArray	0	public inline fun IntArray.maxOf(selector: (Int) -> Float): Float {	commonMain/generated/_Arrays.kt:14709
-	var	maxValue	-	0	var maxValue = selector(this[0])	commonMain/generated/_Arrays.kt:14711
-	val	v	-	0	val v = selector(this[i])	commonMain/generated/_Arrays.kt:14713
1.4	fun	maxOf	LongArray	0	public inline fun LongArray.maxOf(selector: (Long) -> Float): Float {	commonMain/generated/_Arrays.kt:14733
-	var	maxValue	-	0	var maxValue = selector(this[0])	commonMain/generated/_Arrays.kt:14735
-	val	v	-	0	val v = selector(this[i])	commonMain/generated/_Arrays.kt:14737
1.4	fun	maxOf	FloatArray	0	public inline fun FloatArray.maxOf(selector: (Float) -> Float): Float {	commonMain/generated/_Arrays.kt:14757
-	var	maxValue	-	0	var maxValue = selector(this[0])	commonMain/generated/_Arrays.kt:14759
-	val	v	-	0	val v = selector(this[i])	commonMain/generated/_Arrays.kt:14761
1.4	fun	maxOf	DoubleArray	0	public inline fun DoubleArray.maxOf(selector: (Double) -> Float): Float {	commonMain/generated/_Arrays.kt:14781
-	var	maxValue	-	0	var maxValue = selector(this[0])	commonMain/generated/_Arrays.kt:14783
-	val	v	-	0	val v = selector(this[i])	commonMain/generated/_Arrays.kt:14785
1.4	fun	maxOf	BooleanArray	0	public inline fun BooleanArray.maxOf(selector: (Boolean) -> Float): Float {	commonMain/generated/_Arrays.kt:14805
-	var	maxValue	-	0	var maxValue = selector(this[0])	commonMain/generated/_Arrays.kt:14807
-	val	v	-	0	val v = selector(this[i])	commonMain/generated/_Arrays.kt:14809
1.4	fun	maxOf	CharArray	0	public inline fun CharArray.maxOf(selector: (Char) -> Float): Float {	commonMain/generated/_Arrays.kt:14829
-	var	maxValue	-	0	var maxValue = selector(this[0])	commonMain/generated/_Arrays.kt:14831
-	val	v	-	0	val v = selector(this[i])	commonMain/generated/_Arrays.kt:14833
1.4	fun	maxOf	-	1	public inline fun <T, R : Comparable<R>> Array<out T>.maxOf(selector: (T) -> R): R {	commonMain/generated/_Arrays.kt:14853
-	var	maxValue	-	0	var maxValue = selector(this[0])	commonMain/generated/_Arrays.kt:14855
-	val	v	-	0	val v = selector(this[i])	commonMain/generated/_Arrays.kt:14857
1.4	fun	maxOf	ByteArray	0	public inline fun <R : Comparable<R>> ByteArray.maxOf(selector: (Byte) -> R): R {	commonMain/generated/_Arrays.kt:14879
-	var	maxValue	-	0	var maxValue = selector(this[0])	commonMain/generated/_Arrays.kt:14881
-	val	v	-	0	val v = selector(this[i])	commonMain/generated/_Arrays.kt:14883
1.4	fun	maxOf	ShortArray	0	public inline fun <R : Comparable<R>> ShortArray.maxOf(selector: (Short) -> R): R {	commonMain/generated/_Arrays.kt:14905
-	var	maxValue	-	0	var maxValue = selector(this[0])	commonMain/generated/_Arrays.kt:14907
-	val	v	-	0	val v = selector(this[i])	commonMain/generated/_Arrays.kt:14909
1.4	fun	maxOf	IntArray	0	public inline fun <R : Comparable<R>> IntArray.maxOf(selector: (Int) -> R): R {	commonMain/generated/_Arrays.kt:14931
-	var	maxValue	-	0	var maxValue = selector(this[0])	commonMain/generated/_Arrays.kt:14933
-	val	v	-	0	val v = selector(this[i])	commonMain/generated/_Arrays.kt:14935
1.4	fun	maxOf	LongArray	0	public inline fun <R : Comparable<R>> LongArray.maxOf(selector: (Long) -> R): R {	commonMain/generated/_Arrays.kt:14957
-	var	maxValue	-	0	var maxValue = selector(this[0])	commonMain/generated/_Arrays.kt:14959
-	val	v	-	0	val v = selector(this[i])	commonMain/generated/_Arrays.kt:14961
1.4	fun	maxOf	FloatArray	0	public inline fun <R : Comparable<R>> FloatArray.maxOf(selector: (Float) -> R): R {	commonMain/generated/_Arrays.kt:14983
-	var	maxValue	-	0	var maxValue = selector(this[0])	commonMain/generated/_Arrays.kt:14985
-	val	v	-	0	val v = selector(this[i])	commonMain/generated/_Arrays.kt:14987
1.4	fun	maxOf	DoubleArray	0	public inline fun <R : Comparable<R>> DoubleArray.maxOf(selector: (Double) -> R): R {	commonMain/generated/_Arrays.kt:15009
-	var	maxValue	-	0	var maxValue = selector(this[0])	commonMain/generated/_Arrays.kt:15011
-	val	v	-	0	val v = selector(this[i])	commonMain/generated/_Arrays.kt:15013
1.4	fun	maxOf	BooleanArray	0	public inline fun <R : Comparable<R>> BooleanArray.maxOf(selector: (Boolean) -> R): R {	commonMain/generated/_Arrays.kt:15035
-	var	maxValue	-	0	var maxValue = selector(this[0])	commonMain/generated/_Arrays.kt:15037
-	val	v	-	0	val v = selector(this[i])	commonMain/generated/_Arrays.kt:15039
1.4	fun	maxOf	CharArray	0	public inline fun <R : Comparable<R>> CharArray.maxOf(selector: (Char) -> R): R {	commonMain/generated/_Arrays.kt:15061
-	var	maxValue	-	0	var maxValue = selector(this[0])	commonMain/generated/_Arrays.kt:15063
-	val	v	-	0	val v = selector(this[i])	commonMain/generated/_Arrays.kt:15065
1.4	fun	maxOfOrNull	-	0	public inline fun <T> Array<out T>.maxOfOrNull(selector: (T) -> Double): Double? {	commonMain/generated/_Arrays.kt:15085
-	var	maxValue	-	0	var maxValue = selector(this[0])	commonMain/generated/_Arrays.kt:15087
-	val	v	-	0	val v = selector(this[i])	commonMain/generated/_Arrays.kt:15089
1.4	fun	maxOfOrNull	ByteArray	0	public inline fun ByteArray.maxOfOrNull(selector: (Byte) -> Double): Double? {	commonMain/generated/_Arrays.kt:15107
-	var	maxValue	-	0	var maxValue = selector(this[0])	commonMain/generated/_Arrays.kt:15109
-	val	v	-	0	val v = selector(this[i])	commonMain/generated/_Arrays.kt:15111
1.4	fun	maxOfOrNull	ShortArray	0	public inline fun ShortArray.maxOfOrNull(selector: (Short) -> Double): Double? {	commonMain/generated/_Arrays.kt:15129
-	var	maxValue	-	0	var maxValue = selector(this[0])	commonMain/generated/_Arrays.kt:15131
-	val	v	-	0	val v = selector(this[i])	commonMain/generated/_Arrays.kt:15133
1.4	fun	maxOfOrNull	IntArray	0	public inline fun IntArray.maxOfOrNull(selector: (Int) -> Double): Double? {	commonMain/generated/_Arrays.kt:15151
-	var	maxValue	-	0	var maxValue = selector(this[0])	commonMain/generated/_Arrays.kt:15153
-	val	v	-	0	val v = selector(this[i])	commonMain/generated/_Arrays.kt:15155
1.4	fun	maxOfOrNull	LongArray	0	public inline fun LongArray.maxOfOrNull(selector: (Long) -> Double): Double? {	commonMain/generated/_Arrays.kt:15173
-	var	maxValue	-	0	var maxValue = selector(this[0])	commonMain/generated/_Arrays.kt:15175
-	val	v	-	0	val v = selector(this[i])	commonMain/generated/_Arrays.kt:15177
1.4	fun	maxOfOrNull	FloatArray	0	public inline fun FloatArray.maxOfOrNull(selector: (Float) -> Double): Double? {	commonMain/generated/_Arrays.kt:15195
-	var	maxValue	-	0	var maxValue = selector(this[0])	commonMain/generated/_Arrays.kt:15197
-	val	v	-	0	val v = selector(this[i])	commonMain/generated/_Arrays.kt:15199
1.4	fun	maxOfOrNull	DoubleArray	0	public inline fun DoubleArray.maxOfOrNull(selector: (Double) -> Double): Double? {	commonMain/generated/_Arrays.kt:15217
-	var	maxValue	-	0	var maxValue = selector(this[0])	commonMain/generated/_Arrays.kt:15219
-	val	v	-	0	val v = selector(this[i])	commonMain/generated/_Arrays.kt:15221
1.4	fun	maxOfOrNull	BooleanArray	0	public inline fun BooleanArray.maxOfOrNull(selector: (Boolean) -> Double): Double? {	commonMain/generated/_Arrays.kt:15239
-	var	maxValue	-	0	var maxValue = selector(this[0])	commonMain/generated/_Arrays.kt:15241
-	val	v	-	0	val v = selector(this[i])	commonMain/generated/_Arrays.kt:15243
1.4	fun	maxOfOrNull	CharArray	0	public inline fun CharArray.maxOfOrNull(selector: (Char) -> Double): Double? {	commonMain/generated/_Arrays.kt:15261
-	var	maxValue	-	0	var maxValue = selector(this[0])	commonMain/generated/_Arrays.kt:15263
-	val	v	-	0	val v = selector(this[i])	commonMain/generated/_Arrays.kt:15265
1.4	fun	maxOfOrNull	-	0	public inline fun <T> Array<out T>.maxOfOrNull(selector: (T) -> Float): Float? {	commonMain/generated/_Arrays.kt:15283
-	var	maxValue	-	0	var maxValue = selector(this[0])	commonMain/generated/_Arrays.kt:15285
-	val	v	-	0	val v = selector(this[i])	commonMain/generated/_Arrays.kt:15287
1.4	fun	maxOfOrNull	ByteArray	0	public inline fun ByteArray.maxOfOrNull(selector: (Byte) -> Float): Float? {	commonMain/generated/_Arrays.kt:15305
-	var	maxValue	-	0	var maxValue = selector(this[0])	commonMain/generated/_Arrays.kt:15307
-	val	v	-	0	val v = selector(this[i])	commonMain/generated/_Arrays.kt:15309
1.4	fun	maxOfOrNull	ShortArray	0	public inline fun ShortArray.maxOfOrNull(selector: (Short) -> Float): Float? {	commonMain/generated/_Arrays.kt:15327
-	var	maxValue	-	0	var maxValue = selector(this[0])	commonMain/generated/_Arrays.kt:15329
-	val	v	-	0	val v = selector(this[i])	commonMain/generated/_Arrays.kt:15331
1.4	fun	maxOfOrNull	IntArray	0	public inline fun IntArray.maxOfOrNull(selector: (Int) -> Float): Float? {	commonMain/generated/_Arrays.kt:15349
-	var	maxValue	-	0	var maxValue = selector(this[0])	commonMain/generated/_Arrays.kt:15351
-	val	v	-	0	val v = selector(this[i])	commonMain/generated/_Arrays.kt:15353
1.4	fun	maxOfOrNull	LongArray	0	public inline fun LongArray.maxOfOrNull(selector: (Long) -> Float): Float? {	commonMain/generated/_Arrays.kt:15371
-	var	maxValue	-	0	var maxValue = selector(this[0])	commonMain/generated/_Arrays.kt:15373
-	val	v	-	0	val v = selector(this[i])	commonMain/generated/_Arrays.kt:15375
1.4	fun	maxOfOrNull	FloatArray	0	public inline fun FloatArray.maxOfOrNull(selector: (Float) -> Float): Float? {	commonMain/generated/_Arrays.kt:15393
-	var	maxValue	-	0	var maxValue = selector(this[0])	commonMain/generated/_Arrays.kt:15395
-	val	v	-	0	val v = selector(this[i])	commonMain/generated/_Arrays.kt:15397
1.4	fun	maxOfOrNull	DoubleArray	0	public inline fun DoubleArray.maxOfOrNull(selector: (Double) -> Float): Float? {	commonMain/generated/_Arrays.kt:15415
-	var	maxValue	-	0	var maxValue = selector(this[0])	commonMain/generated/_Arrays.kt:15417
-	val	v	-	0	val v = selector(this[i])	commonMain/generated/_Arrays.kt:15419
1.4	fun	maxOfOrNull	BooleanArray	0	public inline fun BooleanArray.maxOfOrNull(selector: (Boolean) -> Float): Float? {	commonMain/generated/_Arrays.kt:15437
-	var	maxValue	-	0	var maxValue = selector(this[0])	commonMain/generated/_Arrays.kt:15439
-	val	v	-	0	val v = selector(this[i])	commonMain/generated/_Arrays.kt:15441
1.4	fun	maxOfOrNull	CharArray	0	public inline fun CharArray.maxOfOrNull(selector: (Char) -> Float): Float? {	commonMain/generated/_Arrays.kt:15459
-	var	maxValue	-	0	var maxValue = selector(this[0])	commonMain/generated/_Arrays.kt:15461
-	val	v	-	0	val v = selector(this[i])	commonMain/generated/_Arrays.kt:15463
1.4	fun	maxOfOrNull	-	1	public inline fun <T, R : Comparable<R>> Array<out T>.maxOfOrNull(selector: (T) -> R): R? {	commonMain/generated/_Arrays.kt:15481
-	var	maxValue	-	0	var maxValue = selector(this[0])	commonMain/generated/_Arrays.kt:15483
-	val	v	-	0	val v = selector(this[i])	commonMain/generated/_Arrays.kt:15485
1.4	fun	maxOfOrNull	ByteArray	0	public inline fun <R : Comparable<R>> ByteArray.maxOfOrNull(selector: (Byte) -> R): R? {	commonMain/generated/_Arrays.kt:15505
-	var	maxValue	-	0	var maxValue = selector(this[0])	commonMain/generated/_Arrays.kt:15507
-	val	v	-	0	val v = selector(this[i])	commonMain/generated/_Arrays.kt:15509
1.4	fun	maxOfOrNull	ShortArray	0	public inline fun <R : Comparable<R>> ShortArray.maxOfOrNull(selector: (Short) -> R): R? {	commonMain/generated/_Arrays.kt:15529
-	var	maxValue	-	0	var maxValue = selector(this[0])	commonMain/generated/_Arrays.kt:15531
-	val	v	-	0	val v = selector(this[i])	commonMain/generated/_Arrays.kt:15533
1.4	fun	maxOfOrNull	IntArray	0	public inline fun <R : Comparable<R>> IntArray.maxOfOrNull(selector: (Int) -> R): R? {	commonMain/generated/_Arrays.kt:15553
-	var	maxValue	-	0	var maxValue = selector(this[0])	commonMain/generated/_Arrays.kt:15555
-	val	v	-	0	val v = selector(this[i])	commonMain/generated/_Arrays.kt:15557
1.4	fun	maxOfOrNull	LongArray	0	public inline fun <R : Comparable<R>> LongArray.maxOfOrNull(selector: (Long) -> R): R? {	commonMain/generated/_Arrays.kt:15577
-	var	maxValue	-	0	var maxValue = selector(this[0])	commonMain/generated/_Arrays.kt:15579
-	val	v	-	0	val v = selector(this[i])	commonMain/generated/_Arrays.kt:15581
1.4	fun	maxOfOrNull	FloatArray	0	public inline fun <R : Comparable<R>> FloatArray.maxOfOrNull(selector: (Float) -> R): R? {	commonMain/generated/_Arrays.kt:15601
-	var	maxValue	-	0	var maxValue = selector(this[0])	commonMain/generated/_Arrays.kt:15603
-	val	v	-	0	val v = selector(this[i])	commonMain/generated/_Arrays.kt:15605
1.4	fun	maxOfOrNull	DoubleArray	0	public inline fun <R : Comparable<R>> DoubleArray.maxOfOrNull(selector: (Double) -> R): R? {	commonMain/generated/_Arrays.kt:15625
-	var	maxValue	-	0	var maxValue = selector(this[0])	commonMain/generated/_Arrays.kt:15627
-	val	v	-	0	val v = selector(this[i])	commonMain/generated/_Arrays.kt:15629
1.4	fun	maxOfOrNull	BooleanArray	0	public inline fun <R : Comparable<R>> BooleanArray.maxOfOrNull(selector: (Boolean) -> R): R? {	commonMain/generated/_Arrays.kt:15649
-	var	maxValue	-	0	var maxValue = selector(this[0])	commonMain/generated/_Arrays.kt:15651
-	val	v	-	0	val v = selector(this[i])	commonMain/generated/_Arrays.kt:15653
1.4	fun	maxOfOrNull	CharArray	0	public inline fun <R : Comparable<R>> CharArray.maxOfOrNull(selector: (Char) -> R): R? {	commonMain/generated/_Arrays.kt:15673
-	var	maxValue	-	0	var maxValue = selector(this[0])	commonMain/generated/_Arrays.kt:15675
-	val	v	-	0	val v = selector(this[i])	commonMain/generated/_Arrays.kt:15677
1.4	fun	maxOfWith	-	2	public inline fun <T, R> Array<out T>.maxOfWith(comparator: Comparator<in R>, selector: (T) -> R): R {	commonMain/generated/_Arrays.kt:15699
-	var	maxValue	-	0	var maxValue = selector(this[0])	commonMain/generated/_Arrays.kt:15701
-	val	v	-	0	val v = selector(this[i])	commonMain/generated/_Arrays.kt:15703
1.4	fun	maxOfWith	ByteArray	1	public inline fun <R> ByteArray.maxOfWith(comparator: Comparator<in R>, selector: (Byte) -> R): R {	commonMain/generated/_Arrays.kt:15725
-	var	maxValue	-	0	var maxValue = selector(this[0])	commonMain/generated/_Arrays.kt:15727
-	val	v	-	0	val v = selector(this[i])	commonMain/generated/_Arrays.kt:15729
1.4	fun	maxOfWith	ShortArray	1	public inline fun <R> ShortArray.maxOfWith(comparator: Comparator<in R>, selector: (Short) -> R): R {	commonMain/generated/_Arrays.kt:15751
-	var	maxValue	-	0	var maxValue = selector(this[0])	commonMain/generated/_Arrays.kt:15753
-	val	v	-	0	val v = selector(this[i])	commonMain/generated/_Arrays.kt:15755
1.4	fun	maxOfWith	IntArray	1	public inline fun <R> IntArray.maxOfWith(comparator: Comparator<in R>, selector: (Int) -> R): R {	commonMain/generated/_Arrays.kt:15777
-	var	maxValue	-	0	var maxValue = selector(this[0])	commonMain/generated/_Arrays.kt:15779
-	val	v	-	0	val v = selector(this[i])	commonMain/generated/_Arrays.kt:15781
1.4	fun	maxOfWith	LongArray	1	public inline fun <R> LongArray.maxOfWith(comparator: Comparator<in R>, selector: (Long) -> R): R {	commonMain/generated/_Arrays.kt:15803
-	var	maxValue	-	0	var maxValue = selector(this[0])	commonMain/generated/_Arrays.kt:15805
-	val	v	-	0	val v = selector(this[i])	commonMain/generated/_Arrays.kt:15807
1.4	fun	maxOfWith	FloatArray	1	public inline fun <R> FloatArray.maxOfWith(comparator: Comparator<in R>, selector: (Float) -> R): R {	commonMain/generated/_Arrays.kt:15829
-	var	maxValue	-	0	var maxValue = selector(this[0])	commonMain/generated/_Arrays.kt:15831
-	val	v	-	0	val v = selector(this[i])	commonMain/generated/_Arrays.kt:15833
1.4	fun	maxOfWith	DoubleArray	1	public inline fun <R> DoubleArray.maxOfWith(comparator: Comparator<in R>, selector: (Double) -> R): R {	commonMain/generated/_Arrays.kt:15855
-	var	maxValue	-	0	var maxValue = selector(this[0])	commonMain/generated/_Arrays.kt:15857
-	val	v	-	0	val v = selector(this[i])	commonMain/generated/_Arrays.kt:15859
1.4	fun	maxOfWith	BooleanArray	1	public inline fun <R> BooleanArray.maxOfWith(comparator: Comparator<in R>, selector: (Boolean) -> R): R {	commonMain/generated/_Arrays.kt:15881
-	var	maxValue	-	0	var maxValue = selector(this[0])	commonMain/generated/_Arrays.kt:15883
-	val	v	-	0	val v = selector(this[i])	commonMain/generated/_Arrays.kt:15885
1.4	fun	maxOfWith	CharArray	1	public inline fun <R> CharArray.maxOfWith(comparator: Comparator<in R>, selector: (Char) -> R): R {	commonMain/generated/_Arrays.kt:15907
-	var	maxValue	-	0	var maxValue = selector(this[0])	commonMain/generated/_Arrays.kt:15909
-	val	v	-	0	val v = selector(this[i])	commonMain/generated/_Arrays.kt:15911
1.4	fun	maxOfWithOrNull	-	2	public inline fun <T, R> Array<out T>.maxOfWithOrNull(comparator: Comparator<in R>, selector: (T) -> R): R? {	commonMain/generated/_Arrays.kt:15931
-	var	maxValue	-	0	var maxValue = selector(this[0])	commonMain/generated/_Arrays.kt:15933
-	val	v	-	0	val v = selector(this[i])	commonMain/generated/_Arrays.kt:15935
1.4	fun	maxOfWithOrNull	ByteArray	1	public inline fun <R> ByteArray.maxOfWithOrNull(comparator: Comparator<in R>, selector: (Byte) -> R): R? {	commonMain/generated/_Arrays.kt:15955
-	var	maxValue	-	0	var maxValue = selector(this[0])	commonMain/generated/_Arrays.kt:15957
-	val	v	-	0	val v = selector(this[i])	commonMain/generated/_Arrays.kt:15959
1.4	fun	maxOfWithOrNull	ShortArray	1	public inline fun <R> ShortArray.maxOfWithOrNull(comparator: Comparator<in R>, selector: (Short) -> R): R? {	commonMain/generated/_Arrays.kt:15979
-	var	maxValue	-	0	var maxValue = selector(this[0])	commonMain/generated/_Arrays.kt:15981
-	val	v	-	0	val v = selector(this[i])	commonMain/generated/_Arrays.kt:15983
1.4	fun	maxOfWithOrNull	IntArray	1	public inline fun <R> IntArray.maxOfWithOrNull(comparator: Comparator<in R>, selector: (Int) -> R): R? {	commonMain/generated/_Arrays.kt:16003
-	var	maxValue	-	0	var maxValue = selector(this[0])	commonMain/generated/_Arrays.kt:16005
-	val	v	-	0	val v = selector(this[i])	commonMain/generated/_Arrays.kt:16007
1.4	fun	maxOfWithOrNull	LongArray	1	public inline fun <R> LongArray.maxOfWithOrNull(comparator: Comparator<in R>, selector: (Long) -> R): R? {	commonMain/generated/_Arrays.kt:16027
-	var	maxValue	-	0	var maxValue = selector(this[0])	commonMain/generated/_Arrays.kt:16029
-	val	v	-	0	val v = selector(this[i])	commonMain/generated/_Arrays.kt:16031
1.4	fun	maxOfWithOrNull	FloatArray	1	public inline fun <R> FloatArray.maxOfWithOrNull(comparator: Comparator<in R>, selector: (Float) -> R): R? {	commonMain/generated/_Arrays.kt:16051
-	var	maxValue	-	0	var maxValue = selector(this[0])	commonMain/generated/_Arrays.kt:16053
-	val	v	-	0	val v = selector(this[i])	commonMain/generated/_Arrays.kt:16055
1.4	fun	maxOfWithOrNull	DoubleArray	1	public inline fun <R> DoubleArray.maxOfWithOrNull(comparator: Comparator<in R>, selector: (Double) -> R): R? {	commonMain/generated/_Arrays.kt:16075
-	var	maxValue	-	0	var maxValue = selector(this[0])	commonMain/generated/_Arrays.kt:16077
-	val	v	-	0	val v = selector(this[i])	commonMain/generated/_Arrays.kt:16079
1.4	fun	maxOfWithOrNull	BooleanArray	1	public inline fun <R> BooleanArray.maxOfWithOrNull(comparator: Comparator<in R>, selector: (Boolean) -> R): R? {	commonMain/generated/_Arrays.kt:16099
-	var	maxValue	-	0	var maxValue = selector(this[0])	commonMain/generated/_Arrays.kt:16101
-	val	v	-	0	val v = selector(this[i])	commonMain/generated/_Arrays.kt:16103
1.4	fun	maxOfWithOrNull	CharArray	1	public inline fun <R> CharArray.maxOfWithOrNull(comparator: Comparator<in R>, selector: (Char) -> R): R? {	commonMain/generated/_Arrays.kt:16123
-	var	maxValue	-	0	var maxValue = selector(this[0])	commonMain/generated/_Arrays.kt:16125
-	val	v	-	0	val v = selector(this[i])	commonMain/generated/_Arrays.kt:16127
1.4	fun	maxOrNull	-	0	public fun Array<out Double>.maxOrNull(): Double? {	commonMain/generated/_Arrays.kt:16143
-	var	max	-	0	var max = this[0]	commonMain/generated/_Arrays.kt:16145
-	val	e	-	0	val e = this[i]	commonMain/generated/_Arrays.kt:16147
1.4	fun	maxOrNull	-	0	public fun Array<out Float>.maxOrNull(): Float? {	commonMain/generated/_Arrays.kt:16161
-	var	max	-	0	var max = this[0]	commonMain/generated/_Arrays.kt:16163
-	val	e	-	0	val e = this[i]	commonMain/generated/_Arrays.kt:16165
1.4	fun	maxOrNull	-	0	public fun <T : Comparable<T>> Array<out T>.maxOrNull(): T? {	commonMain/generated/_Arrays.kt:16179
-	var	max	-	0	var max = this[0]	commonMain/generated/_Arrays.kt:16181
-	val	e	-	0	val e = this[i]	commonMain/generated/_Arrays.kt:16183
1.4	fun	maxOrNull	ByteArray	0	public fun ByteArray.maxOrNull(): Byte? {	commonMain/generated/_Arrays.kt:16195
-	var	max	-	0	var max = this[0]	commonMain/generated/_Arrays.kt:16197
-	val	e	-	0	val e = this[i]	commonMain/generated/_Arrays.kt:16199
1.4	fun	maxOrNull	ShortArray	0	public fun ShortArray.maxOrNull(): Short? {	commonMain/generated/_Arrays.kt:16211
-	var	max	-	0	var max = this[0]	commonMain/generated/_Arrays.kt:16213
-	val	e	-	0	val e = this[i]	commonMain/generated/_Arrays.kt:16215
1.4	fun	maxOrNull	IntArray	0	public fun IntArray.maxOrNull(): Int? {	commonMain/generated/_Arrays.kt:16227
-	var	max	-	0	var max = this[0]	commonMain/generated/_Arrays.kt:16229
-	val	e	-	0	val e = this[i]	commonMain/generated/_Arrays.kt:16231
1.4	fun	maxOrNull	LongArray	0	public fun LongArray.maxOrNull(): Long? {	commonMain/generated/_Arrays.kt:16243
-	var	max	-	0	var max = this[0]	commonMain/generated/_Arrays.kt:16245
-	val	e	-	0	val e = this[i]	commonMain/generated/_Arrays.kt:16247
1.4	fun	maxOrNull	FloatArray	0	public fun FloatArray.maxOrNull(): Float? {	commonMain/generated/_Arrays.kt:16261
-	var	max	-	0	var max = this[0]	commonMain/generated/_Arrays.kt:16263
-	val	e	-	0	val e = this[i]	commonMain/generated/_Arrays.kt:16265
1.4	fun	maxOrNull	DoubleArray	0	public fun DoubleArray.maxOrNull(): Double? {	commonMain/generated/_Arrays.kt:16279
-	var	max	-	0	var max = this[0]	commonMain/generated/_Arrays.kt:16281
-	val	e	-	0	val e = this[i]	commonMain/generated/_Arrays.kt:16283
1.4	fun	maxOrNull	CharArray	0	public fun CharArray.maxOrNull(): Char? {	commonMain/generated/_Arrays.kt:16295
-	var	max	-	0	var max = this[0]	commonMain/generated/_Arrays.kt:16297
-	val	e	-	0	val e = this[i]	commonMain/generated/_Arrays.kt:16299
1.7	fun	maxWith	-	0	public fun <T> Array<out T>.maxWith(comparator: Comparator<in T>): T {	commonMain/generated/_Arrays.kt:16313
-	var	max	-	0	var max = this[0]	commonMain/generated/_Arrays.kt:16315
-	val	e	-	0	val e = this[i]	commonMain/generated/_Arrays.kt:16317
1.7	fun	maxWith	ByteArray	0	public fun ByteArray.maxWith(comparator: Comparator<in Byte>): Byte {	commonMain/generated/_Arrays.kt:16331
-	var	max	-	0	var max = this[0]	commonMain/generated/_Arrays.kt:16333
-	val	e	-	0	val e = this[i]	commonMain/generated/_Arrays.kt:16335
1.7	fun	maxWith	ShortArray	0	public fun ShortArray.maxWith(comparator: Comparator<in Short>): Short {	commonMain/generated/_Arrays.kt:16349
-	var	max	-	0	var max = this[0]	commonMain/generated/_Arrays.kt:16351
-	val	e	-	0	val e = this[i]	commonMain/generated/_Arrays.kt:16353
1.7	fun	maxWith	IntArray	0	public fun IntArray.maxWith(comparator: Comparator<in Int>): Int {	commonMain/generated/_Arrays.kt:16367
-	var	max	-	0	var max = this[0]	commonMain/generated/_Arrays.kt:16369
-	val	e	-	0	val e = this[i]	commonMain/generated/_Arrays.kt:16371
1.7	fun	maxWith	LongArray	0	public fun LongArray.maxWith(comparator: Comparator<in Long>): Long {	commonMain/generated/_Arrays.kt:16385
-	var	max	-	0	var max = this[0]	commonMain/generated/_Arrays.kt:16387
-	val	e	-	0	val e = this[i]	commonMain/generated/_Arrays.kt:16389
1.7	fun	maxWith	FloatArray	0	public fun FloatArray.maxWith(comparator: Comparator<in Float>): Float {	commonMain/generated/_Arrays.kt:16403
-	var	max	-	0	var max = this[0]	commonMain/generated/_Arrays.kt:16405
-	val	e	-	0	val e = this[i]	commonMain/generated/_Arrays.kt:16407
1.7	fun	maxWith	DoubleArray	0	public fun DoubleArray.maxWith(comparator: Comparator<in Double>): Double {	commonMain/generated/_Arrays.kt:16421
-	var	max	-	0	var max = this[0]	commonMain/generated/_Arrays.kt:16423
-	val	e	-	0	val e = this[i]	commonMain/generated/_Arrays.kt:16425
1.7	fun	maxWith	BooleanArray	0	public fun BooleanArray.maxWith(comparator: Comparator<in Boolean>): Boolean {	commonMain/generated/_Arrays.kt:16439
-	var	max	-	0	var max = this[0]	commonMain/generated/_Arrays.kt:16441
-	val	e	-	0	val e = this[i]	commonMain/generated/_Arrays.kt:16443
1.7	fun	maxWith	CharArray	0	public fun CharArray.maxWith(comparator: Comparator<in Char>): Char {	commonMain/generated/_Arrays.kt:16457
-	var	max	-	0	var max = this[0]	commonMain/generated/_Arrays.kt:16459
-	val	e	-	0	val e = this[i]	commonMain/generated/_Arrays.kt:16461
1.4	fun	maxWithOrNull	-	0	public fun <T> Array<out T>.maxWithOrNull(comparator: Comparator<in T>): T? {	commonMain/generated/_Arrays.kt:16471
-	var	max	-	0	var max = this[0]	commonMain/generated/_Arrays.kt:16473
-	val	e	-	0	val e = this[i]	commonMain/generated/_Arrays.kt:16475
1.4	fun	maxWithOrNull	ByteArray	0	public fun ByteArray.maxWithOrNull(comparator: Comparator<in Byte>): Byte? {	commonMain/generated/_Arrays.kt:16485
-	var	max	-	0	var max = this[0]	commonMain/generated/_Arrays.kt:16487
-	val	e	-	0	val e = this[i]	commonMain/generated/_Arrays.kt:16489
1.4	fun	maxWithOrNull	ShortArray	0	public fun ShortArray.maxWithOrNull(comparator: Comparator<in Short>): Short? {	commonMain/generated/_Arrays.kt:16499
-	var	max	-	0	var max = this[0]	commonMain/generated/_Arrays.kt:16501
-	val	e	-	0	val e = this[i]	commonMain/generated/_Arrays.kt:16503
1.4	fun	maxWithOrNull	IntArray	0	public fun IntArray.maxWithOrNull(comparator: Comparator<in Int>): Int? {	commonMain/generated/_Arrays.kt:16513
-	var	max	-	0	var max = this[0]	commonMain/generated/_Arrays.kt:16515
-	val	e	-	0	val e = this[i]	commonMain/generated/_Arrays.kt:16517
1.4	fun	maxWithOrNull	LongArray	0	public fun LongArray.maxWithOrNull(comparator: Comparator<in Long>): Long? {	commonMain/generated/_Arrays.kt:16527
-	var	max	-	0	var max = this[0]	commonMain/generated/_Arrays.kt:16529
-	val	e	-	0	val e = this[i]	commonMain/generated/_Arrays.kt:16531
1.4	fun	maxWithOrNull	FloatArray	0	public fun FloatArray.maxWithOrNull(comparator: Comparator<in Float>): Float? {	commonMain/generated/_Arrays.kt:16541
-	var	max	-	0	var max = this[0]	commonMain/generated/_Arrays.kt:16543
-	val	e	-	0	val e = this[i]	commonMain/generated/_Arrays.kt:16545
1.4	fun	maxWithOrNull	DoubleArray	0	public fun DoubleArray.maxWithOrNull(comparator: Comparator<in Double>): Double? {	commonMain/generated/_Arrays.kt:16555
-	var	max	-	0	var max = this[0]	commonMain/generated/_Arrays.kt:16557
-	val	e	-	0	val e = this[i]	commonMain/generated/_Arrays.kt:16559
1.4	fun	maxWithOrNull	BooleanArray	0	public fun BooleanArray.maxWithOrNull(comparator: Comparator<in Boolean>): Boolean? {	commonMain/generated/_Arrays.kt:16569
-	var	max	-	0	var max = this[0]	commonMain/generated/_Arrays.kt:16571
-	val	e	-	0	val e = this[i]	commonMain/generated/_Arrays.kt:16573
1.4	fun	maxWithOrNull	CharArray	0	public fun CharArray.maxWithOrNull(comparator: Comparator<in Char>): Char? {	commonMain/generated/_Arrays.kt:16583
-	var	max	-	0	var max = this[0]	commonMain/generated/_Arrays.kt:16585
-	val	e	-	0	val e = this[i]	commonMain/generated/_Arrays.kt:16587
1.7	fun	min	-	0	public fun Array<out Double>.min(): Double {	commonMain/generated/_Arrays.kt:16605
-	var	min	-	0	var min = this[0]	commonMain/generated/_Arrays.kt:16607
-	val	e	-	0	val e = this[i]	commonMain/generated/_Arrays.kt:16609
1.7	fun	min	-	0	public fun Array<out Float>.min(): Float {	commonMain/generated/_Arrays.kt:16627
-	var	min	-	0	var min = this[0]	commonMain/generated/_Arrays.kt:16629
-	val	e	-	0	val e = this[i]	commonMain/generated/_Arrays.kt:16631
1.7	fun	min	-	0	public fun <T : Comparable<T>> Array<out T>.min(): T {	commonMain/generated/_Arrays.kt:16649
-	var	min	-	0	var min = this[0]	commonMain/generated/_Arrays.kt:16651
-	val	e	-	0	val e = this[i]	commonMain/generated/_Arrays.kt:16653
1.7	fun	min	ByteArray	0	public fun ByteArray.min(): Byte {	commonMain/generated/_Arrays.kt:16669
-	var	min	-	0	var min = this[0]	commonMain/generated/_Arrays.kt:16671
-	val	e	-	0	val e = this[i]	commonMain/generated/_Arrays.kt:16673
1.7	fun	min	ShortArray	0	public fun ShortArray.min(): Short {	commonMain/generated/_Arrays.kt:16689
-	var	min	-	0	var min = this[0]	commonMain/generated/_Arrays.kt:16691
-	val	e	-	0	val e = this[i]	commonMain/generated/_Arrays.kt:16693
1.7	fun	min	IntArray	0	public fun IntArray.min(): Int {	commonMain/generated/_Arrays.kt:16709
-	var	min	-	0	var min = this[0]	commonMain/generated/_Arrays.kt:16711
-	val	e	-	0	val e = this[i]	commonMain/generated/_Arrays.kt:16713
1.7	fun	min	LongArray	0	public fun LongArray.min(): Long {	commonMain/generated/_Arrays.kt:16729
-	var	min	-	0	var min = this[0]	commonMain/generated/_Arrays.kt:16731
-	val	e	-	0	val e = this[i]	commonMain/generated/_Arrays.kt:16733
1.7	fun	min	FloatArray	0	public fun FloatArray.min(): Float {	commonMain/generated/_Arrays.kt:16751
-	var	min	-	0	var min = this[0]	commonMain/generated/_Arrays.kt:16753
-	val	e	-	0	val e = this[i]	commonMain/generated/_Arrays.kt:16755
1.7	fun	min	DoubleArray	0	public fun DoubleArray.min(): Double {	commonMain/generated/_Arrays.kt:16773
-	var	min	-	0	var min = this[0]	commonMain/generated/_Arrays.kt:16775
-	val	e	-	0	val e = this[i]	commonMain/generated/_Arrays.kt:16777
1.7	fun	min	CharArray	0	public fun CharArray.min(): Char {	commonMain/generated/_Arrays.kt:16793
-	var	min	-	0	var min = this[0]	commonMain/generated/_Arrays.kt:16795
-	val	e	-	0	val e = this[i]	commonMain/generated/_Arrays.kt:16797
1.7	fun	minBy	-	1	public inline fun <T, R : Comparable<R>> Array<out T>.minBy(selector: (T) -> R): T {	commonMain/generated/_Arrays.kt:16820
-	var	minElem	-	0	var minElem = this[0]	commonMain/generated/_Arrays.kt:16822
-	val	lastIndex	-	0	val lastIndex = this.lastIndex	commonMain/generated/_Arrays.kt:16823
-	var	minValue	-	0	var minValue = selector(minElem)	commonMain/generated/_Arrays.kt:16825
-	val	e	-	0	val e = this[i]	commonMain/generated/_Arrays.kt:16827
-	val	v	-	0	val v = selector(e)	commonMain/generated/_Arrays.kt:16828
1.7	fun	minBy	ByteArray	0	public inline fun <R : Comparable<R>> ByteArray.minBy(selector: (Byte) -> R): Byte {	commonMain/generated/_Arrays.kt:16854
-	var	minElem	-	0	var minElem = this[0]	commonMain/generated/_Arrays.kt:16856
-	val	lastIndex	-	0	val lastIndex = this.lastIndex	commonMain/generated/_Arrays.kt:16857
-	var	minValue	-	0	var minValue = selector(minElem)	commonMain/generated/_Arrays.kt:16859
-	val	e	-	0	val e = this[i]	commonMain/generated/_Arrays.kt:16861
-	val	v	-	0	val v = selector(e)	commonMain/generated/_Arrays.kt:16862
1.7	fun	minBy	ShortArray	0	public inline fun <R : Comparable<R>> ShortArray.minBy(selector: (Short) -> R): Short {	commonMain/generated/_Arrays.kt:16888
-	var	minElem	-	0	var minElem = this[0]	commonMain/generated/_Arrays.kt:16890
-	val	lastIndex	-	0	val lastIndex = this.lastIndex	commonMain/generated/_Arrays.kt:16891
-	var	minValue	-	0	var minValue = selector(minElem)	commonMain/generated/_Arrays.kt:16893
-	val	e	-	0	val e = this[i]	commonMain/generated/_Arrays.kt:16895
-	val	v	-	0	val v = selector(e)	commonMain/generated/_Arrays.kt:16896
1.7	fun	minBy	IntArray	0	public inline fun <R : Comparable<R>> IntArray.minBy(selector: (Int) -> R): Int {	commonMain/generated/_Arrays.kt:16922
-	var	minElem	-	0	var minElem = this[0]	commonMain/generated/_Arrays.kt:16924
-	val	lastIndex	-	0	val lastIndex = this.lastIndex	commonMain/generated/_Arrays.kt:16925
-	var	minValue	-	0	var minValue = selector(minElem)	commonMain/generated/_Arrays.kt:16927
-	val	e	-	0	val e = this[i]	commonMain/generated/_Arrays.kt:16929
-	val	v	-	0	val v = selector(e)	commonMain/generated/_Arrays.kt:16930
1.7	fun	minBy	LongArray	0	public inline fun <R : Comparable<R>> LongArray.minBy(selector: (Long) -> R): Long {	commonMain/generated/_Arrays.kt:16956
-	var	minElem	-	0	var minElem = this[0]	commonMain/generated/_Arrays.kt:16958
-	val	lastIndex	-	0	val lastIndex = this.lastIndex	commonMain/generated/_Arrays.kt:16959
-	var	minValue	-	0	var minValue = selector(minElem)	commonMain/generated/_Arrays.kt:16961
-	val	e	-	0	val e = this[i]	commonMain/generated/_Arrays.kt:16963
-	val	v	-	0	val v = selector(e)	commonMain/generated/_Arrays.kt:16964
1.7	fun	minBy	FloatArray	0	public inline fun <R : Comparable<R>> FloatArray.minBy(selector: (Float) -> R): Float {	commonMain/generated/_Arrays.kt:16990
-	var	minElem	-	0	var minElem = this[0]	commonMain/generated/_Arrays.kt:16992
-	val	lastIndex	-	0	val lastIndex = this.lastIndex	commonMain/generated/_Arrays.kt:16993
-	var	minValue	-	0	var minValue = selector(minElem)	commonMain/generated/_Arrays.kt:16995
-	val	e	-	0	val e = this[i]	commonMain/generated/_Arrays.kt:16997
-	val	v	-	0	val v = selector(e)	commonMain/generated/_Arrays.kt:16998
1.7	fun	minBy	DoubleArray	0	public inline fun <R : Comparable<R>> DoubleArray.minBy(selector: (Double) -> R): Double {	commonMain/generated/_Arrays.kt:17024
-	var	minElem	-	0	var minElem = this[0]	commonMain/generated/_Arrays.kt:17026
-	val	lastIndex	-	0	val lastIndex = this.lastIndex	commonMain/generated/_Arrays.kt:17027
-	var	minValue	-	0	var minValue = selector(minElem)	commonMain/generated/_Arrays.kt:17029
-	val	e	-	0	val e = this[i]	commonMain/generated/_Arrays.kt:17031
-	val	v	-	0	val v = selector(e)	commonMain/generated/_Arrays.kt:17032
1.7	fun	minBy	BooleanArray	0	public inline fun <R : Comparable<R>> BooleanArray.minBy(selector: (Boolean) -> R): Boolean {	commonMain/generated/_Arrays.kt:17058
-	var	minElem	-	0	var minElem = this[0]	commonMain/generated/_Arrays.kt:17060
-	val	lastIndex	-	0	val lastIndex = this.lastIndex	commonMain/generated/_Arrays.kt:17061
-	var	minValue	-	0	var minValue = selector(minElem)	commonMain/generated/_Arrays.kt:17063
-	val	e	-	0	val e = this[i]	commonMain/generated/_Arrays.kt:17065
-	val	v	-	0	val v = selector(e)	commonMain/generated/_Arrays.kt:17066
1.7	fun	minBy	CharArray	0	public inline fun <R : Comparable<R>> CharArray.minBy(selector: (Char) -> R): Char {	commonMain/generated/_Arrays.kt:17092
-	var	minElem	-	0	var minElem = this[0]	commonMain/generated/_Arrays.kt:17094
-	val	lastIndex	-	0	val lastIndex = this.lastIndex	commonMain/generated/_Arrays.kt:17095
-	var	minValue	-	0	var minValue = selector(minElem)	commonMain/generated/_Arrays.kt:17097
-	val	e	-	0	val e = this[i]	commonMain/generated/_Arrays.kt:17099
-	val	v	-	0	val v = selector(e)	commonMain/generated/_Arrays.kt:17100
1.4	fun	minByOrNull	-	1	public inline fun <T, R : Comparable<R>> Array<out T>.minByOrNull(selector: (T) -> R): T? {	commonMain/generated/_Arrays.kt:17122
-	var	minElem	-	0	var minElem = this[0]	commonMain/generated/_Arrays.kt:17124
-	val	lastIndex	-	0	val lastIndex = this.lastIndex	commonMain/generated/_Arrays.kt:17125
-	var	minValue	-	0	var minValue = selector(minElem)	commonMain/generated/_Arrays.kt:17127
-	val	e	-	0	val e = this[i]	commonMain/generated/_Arrays.kt:17129
-	val	v	-	0	val v = selector(e)	commonMain/generated/_Arrays.kt:17130
1.4	fun	minByOrNull	ByteArray	0	public inline fun <R : Comparable<R>> ByteArray.minByOrNull(selector: (Byte) -> R): Byte? {	commonMain/generated/_Arrays.kt:17152
-	var	minElem	-	0	var minElem = this[0]	commonMain/generated/_Arrays.kt:17154
-	val	lastIndex	-	0	val lastIndex = this.lastIndex	commonMain/generated/_Arrays.kt:17155
-	var	minValue	-	0	var minValue = selector(minElem)	commonMain/generated/_Arrays.kt:17157
-	val	e	-	0	val e = this[i]	commonMain/generated/_Arrays.kt:17159
-	val	v	-	0	val v = selector(e)	commonMain/generated/_Arrays.kt:17160
1.4	fun	minByOrNull	ShortArray	0	public inline fun <R : Comparable<R>> ShortArray.minByOrNull(selector: (Short) -> R): Short? {	commonMain/generated/_Arrays.kt:17182
-	var	minElem	-	0	var minElem = this[0]	commonMain/generated/_Arrays.kt:17184
-	val	lastIndex	-	0	val lastIndex = this.lastIndex	commonMain/generated/_Arrays.kt:17185
-	var	minValue	-	0	var minValue = selector(minElem)	commonMain/generated/_Arrays.kt:17187
-	val	e	-	0	val e = this[i]	commonMain/generated/_Arrays.kt:17189
-	val	v	-	0	val v = selector(e)	commonMain/generated/_Arrays.kt:17190
1.4	fun	minByOrNull	IntArray	0	public inline fun <R : Comparable<R>> IntArray.minByOrNull(selector: (Int) -> R): Int? {	commonMain/generated/_Arrays.kt:17212
-	var	minElem	-	0	var minElem = this[0]	commonMain/generated/_Arrays.kt:17214
-	val	lastIndex	-	0	val lastIndex = this.lastIndex	commonMain/generated/_Arrays.kt:17215
-	var	minValue	-	0	var minValue = selector(minElem)	commonMain/generated/_Arrays.kt:17217
-	val	e	-	0	val e = this[i]	commonMain/generated/_Arrays.kt:17219
-	val	v	-	0	val v = selector(e)	commonMain/generated/_Arrays.kt:17220
1.4	fun	minByOrNull	LongArray	0	public inline fun <R : Comparable<R>> LongArray.minByOrNull(selector: (Long) -> R): Long? {	commonMain/generated/_Arrays.kt:17242
-	var	minElem	-	0	var minElem = this[0]	commonMain/generated/_Arrays.kt:17244
-	val	lastIndex	-	0	val lastIndex = this.lastIndex	commonMain/generated/_Arrays.kt:17245
-	var	minValue	-	0	var minValue = selector(minElem)	commonMain/generated/_Arrays.kt:17247
-	val	e	-	0	val e = this[i]	commonMain/generated/_Arrays.kt:17249
-	val	v	-	0	val v = selector(e)	commonMain/generated/_Arrays.kt:17250
1.4	fun	minByOrNull	FloatArray	0	public inline fun <R : Comparable<R>> FloatArray.minByOrNull(selector: (Float) -> R): Float? {	commonMain/generated/_Arrays.kt:17272
-	var	minElem	-	0	var minElem = this[0]	commonMain/generated/_Arrays.kt:17274
-	val	lastIndex	-	0	val lastIndex = this.lastIndex	commonMain/generated/_Arrays.kt:17275
-	var	minValue	-	0	var minValue = selector(minElem)	commonMain/generated/_Arrays.kt:17277
-	val	e	-	0	val e = this[i]	commonMain/generated/_Arrays.kt:17279
-	val	v	-	0	val v = selector(e)	commonMain/generated/_Arrays.kt:17280
1.4	fun	minByOrNull	DoubleArray	0	public inline fun <R : Comparable<R>> DoubleArray.minByOrNull(selector: (Double) -> R): Double? {	commonMain/generated/_Arrays.kt:17302
-	var	minElem	-	0	var minElem = this[0]	commonMain/generated/_Arrays.kt:17304
-	val	lastIndex	-	0	val lastIndex = this.lastIndex	commonMain/generated/_Arrays.kt:17305
-	var	minValue	-	0	var minValue = selector(minElem)	commonMain/generated/_Arrays.kt:17307
-	val	e	-	0	val e = this[i]	commonMain/generated/_Arrays.kt:17309
-	val	v	-	0	val v = selector(e)	commonMain/generated/_Arrays.kt:17310
1.4	fun	minByOrNull	BooleanArray	0	public inline fun <R : Comparable<R>> BooleanArray.minByOrNull(selector: (Boolean) -> R): Boolean? {	commonMain/generated/_Arrays.kt:17332
-	var	minElem	-	0	var minElem = this[0]	commonMain/generated/_Arrays.kt:17334
-	val	lastIndex	-	0	val lastIndex = this.lastIndex	commonMain/generated/_Arrays.kt:17335
-	var	minValue	-	0	var minValue = selector(minElem)	commonMain/generated/_Arrays.kt:17337
-	val	e	-	0	val e = this[i]	commonMain/generated/_Arrays.kt:17339
-	val	v	-	0	val v = selector(e)	commonMain/generated/_Arrays.kt:17340
1.4	fun	minByOrNull	CharArray	0	public inline fun <R : Comparable<R>> CharArray.minByOrNull(selector: (Char) -> R): Char? {	commonMain/generated/_Arrays.kt:17362
-	var	minElem	-	0	var minElem = this[0]	commonMain/generated/_Arrays.kt:17364
-	val	lastIndex	-	0	val lastIndex = this.lastIndex	commonMain/generated/_Arrays.kt:17365
-	var	minValue	-	0	var minValue = selector(minElem)	commonMain/generated/_Arrays.kt:17367
-	val	e	-	0	val e = this[i]	commonMain/generated/_Arrays.kt:17369
-	val	v	-	0	val v = selector(e)	commonMain/generated/_Arrays.kt:17370
1.4	fun	minOf	-	0	public inline fun <T> Array<out T>.minOf(selector: (T) -> Double): Double {	commonMain/generated/_Arrays.kt:17393
-	var	minValue	-	0	var minValue = selector(this[0])	commonMain/generated/_Arrays.kt:17395
-	val	v	-	0	val v = selector(this[i])	commonMain/generated/_Arrays.kt:17397
1.4	fun	minOf	ByteArray	0	public inline fun ByteArray.minOf(selector: (Byte) -> Double): Double {	commonMain/generated/_Arrays.kt:17417
-	var	minValue	-	0	var minValue = selector(this[0])	commonMain/generated/_Arrays.kt:17419
-	val	v	-	0	val v = selector(this[i])	commonMain/generated/_Arrays.kt:17421
1.4	fun	minOf	ShortArray	0	public inline fun ShortArray.minOf(selector: (Short) -> Double): Double {	commonMain/generated/_Arrays.kt:17441
-	var	minValue	-	0	var minValue = selector(this[0])	commonMain/generated/_Arrays.kt:17443
-	val	v	-	0	val v = selector(this[i])	commonMain/generated/_Arrays.kt:17445
1.4	fun	minOf	IntArray	0	public inline fun IntArray.minOf(selector: (Int) -> Double): Double {	commonMain/generated/_Arrays.kt:17465
-	var	minValue	-	0	var minValue = selector(this[0])	commonMain/generated/_Arrays.kt:17467
-	val	v	-	0	val v = selector(this[i])	commonMain/generated/_Arrays.kt:17469
1.4	fun	minOf	LongArray	0	public inline fun LongArray.minOf(selector: (Long) -> Double): Double {	commonMain/generated/_Arrays.kt:17489
-	var	minValue	-	0	var minValue = selector(this[0])	commonMain/generated/_Arrays.kt:17491
-	val	v	-	0	val v = selector(this[i])	commonMain/generated/_Arrays.kt:17493
1.4	fun	minOf	FloatArray	0	public inline fun FloatArray.minOf(selector: (Float) -> Double): Double {	commonMain/generated/_Arrays.kt:17513
-	var	minValue	-	0	var minValue = selector(this[0])	commonMain/generated/_Arrays.kt:17515
-	val	v	-	0	val v = selector(this[i])	commonMain/generated/_Arrays.kt:17517
1.4	fun	minOf	DoubleArray	0	public inline fun DoubleArray.minOf(selector: (Double) -> Double): Double {	commonMain/generated/_Arrays.kt:17537
-	var	minValue	-	0	var minValue = selector(this[0])	commonMain/generated/_Arrays.kt:17539
-	val	v	-	0	val v = selector(this[i])	commonMain/generated/_Arrays.kt:17541
1.4	fun	minOf	BooleanArray	0	public inline fun BooleanArray.minOf(selector: (Boolean) -> Double): Double {	commonMain/generated/_Arrays.kt:17561
-	var	minValue	-	0	var minValue = selector(this[0])	commonMain/generated/_Arrays.kt:17563
-	val	v	-	0	val v = selector(this[i])	commonMain/generated/_Arrays.kt:17565
1.4	fun	minOf	CharArray	0	public inline fun CharArray.minOf(selector: (Char) -> Double): Double {	commonMain/generated/_Arrays.kt:17585
-	var	minValue	-	0	var minValue = selector(this[0])	commonMain/generated/_Arrays.kt:17587
-	val	v	-	0	val v = selector(this[i])	commonMain/generated/_Arrays.kt:17589
1.4	fun	minOf	-	0	public inline fun <T> Array<out T>.minOf(selector: (T) -> Float): Float {	commonMain/generated/_Arrays.kt:17609
-	var	minValue	-	0	var minValue = selector(this[0])	commonMain/generated/_Arrays.kt:17611
-	val	v	-	0	val v = selector(this[i])	commonMain/generated/_Arrays.kt:17613
1.4	fun	minOf	ByteArray	0	public inline fun ByteArray.minOf(selector: (Byte) -> Float): Float {	commonMain/generated/_Arrays.kt:17633
-	var	minValue	-	0	var minValue = selector(this[0])	commonMain/generated/_Arrays.kt:17635
-	val	v	-	0	val v = selector(this[i])	commonMain/generated/_Arrays.kt:17637
1.4	fun	minOf	ShortArray	0	public inline fun ShortArray.minOf(selector: (Short) -> Float): Float {	commonMain/generated/_Arrays.kt:17657
-	var	minValue	-	0	var minValue = selector(this[0])	commonMain/generated/_Arrays.kt:17659
-	val	v	-	0	val v = selector(this[i])	commonMain/generated/_Arrays.kt:17661
1.4	fun	minOf	IntArray	0	public inline fun IntArray.minOf(selector: (Int) -> Float): Float {	commonMain/generated/_Arrays.kt:17681
-	var	minValue	-	0	var minValue = selector(this[0])	commonMain/generated/_Arrays.kt:17683
-	val	v	-	0	val v = selector(this[i])	commonMain/generated/_Arrays.kt:17685
1.4	fun	minOf	LongArray	0	public inline fun LongArray.minOf(selector: (Long) -> Float): Float {	commonMain/generated/_Arrays.kt:17705
-	var	minValue	-	0	var minValue = selector(this[0])	commonMain/generated/_Arrays.kt:17707
-	val	v	-	0	val v = selector(this[i])	commonMain/generated/_Arrays.kt:17709
1.4	fun	minOf	FloatArray	0	public inline fun FloatArray.minOf(selector: (Float) -> Float): Float {	commonMain/generated/_Arrays.kt:17729
-	var	minValue	-	0	var minValue = selector(this[0])	commonMain/generated/_Arrays.kt:17731
-	val	v	-	0	val v = selector(this[i])	commonMain/generated/_Arrays.kt:17733
1.4	fun	minOf	DoubleArray	0	public inline fun DoubleArray.minOf(selector: (Double) -> Float): Float {	commonMain/generated/_Arrays.kt:17753
-	var	minValue	-	0	var minValue = selector(this[0])	commonMain/generated/_Arrays.kt:17755
-	val	v	-	0	val v = selector(this[i])	commonMain/generated/_Arrays.kt:17757
1.4	fun	minOf	BooleanArray	0	public inline fun BooleanArray.minOf(selector: (Boolean) -> Float): Float {	commonMain/generated/_Arrays.kt:17777
-	var	minValue	-	0	var minValue = selector(this[0])	commonMain/generated/_Arrays.kt:17779
-	val	v	-	0	val v = selector(this[i])	commonMain/generated/_Arrays.kt:17781
1.4	fun	minOf	CharArray	0	public inline fun CharArray.minOf(selector: (Char) -> Float): Float {	commonMain/generated/_Arrays.kt:17801
-	var	minValue	-	0	var minValue = selector(this[0])	commonMain/generated/_Arrays.kt:17803
-	val	v	-	0	val v = selector(this[i])	commonMain/generated/_Arrays.kt:17805
1.4	fun	minOf	-	1	public inline fun <T, R : Comparable<R>> Array<out T>.minOf(selector: (T) -> R): R {	commonMain/generated/_Arrays.kt:17825
-	var	minValue	-	0	var minValue = selector(this[0])	commonMain/generated/_Arrays.kt:17827
-	val	v	-	0	val v = selector(this[i])	commonMain/generated/_Arrays.kt:17829
1.4	fun	minOf	ByteArray	0	public inline fun <R : Comparable<R>> ByteArray.minOf(selector: (Byte) -> R): R {	commonMain/generated/_Arrays.kt:17851
-	var	minValue	-	0	var minValue = selector(this[0])	commonMain/generated/_Arrays.kt:17853
-	val	v	-	0	val v = selector(this[i])	commonMain/generated/_Arrays.kt:17855
1.4	fun	minOf	ShortArray	0	public inline fun <R : Comparable<R>> ShortArray.minOf(selector: (Short) -> R): R {	commonMain/generated/_Arrays.kt:17877
-	var	minValue	-	0	var minValue = selector(this[0])	commonMain/generated/_Arrays.kt:17879
-	val	v	-	0	val v = selector(this[i])	commonMain/generated/_Arrays.kt:17881
1.4	fun	minOf	IntArray	0	public inline fun <R : Comparable<R>> IntArray.minOf(selector: (Int) -> R): R {	commonMain/generated/_Arrays.kt:17903
-	var	minValue	-	0	var minValue = selector(this[0])	commonMain/generated/_Arrays.kt:17905
-	val	v	-	0	val v = selector(this[i])	commonMain/generated/_Arrays.kt:17907
1.4	fun	minOf	LongArray	0	public inline fun <R : Comparable<R>> LongArray.minOf(selector: (Long) -> R): R {	commonMain/generated/_Arrays.kt:17929
-	var	minValue	-	0	var minValue = selector(this[0])	commonMain/generated/_Arrays.kt:17931
-	val	v	-	0	val v = selector(this[i])	commonMain/generated/_Arrays.kt:17933
1.4	fun	minOf	FloatArray	0	public inline fun <R : Comparable<R>> FloatArray.minOf(selector: (Float) -> R): R {	commonMain/generated/_Arrays.kt:17955
-	var	minValue	-	0	var minValue = selector(this[0])	commonMain/generated/_Arrays.kt:17957
-	val	v	-	0	val v = selector(this[i])	commonMain/generated/_Arrays.kt:17959
1.4	fun	minOf	DoubleArray	0	public inline fun <R : Comparable<R>> DoubleArray.minOf(selector: (Double) -> R): R {	commonMain/generated/_Arrays.kt:17981
-	var	minValue	-	0	var minValue = selector(this[0])	commonMain/generated/_Arrays.kt:17983
-	val	v	-	0	val v = selector(this[i])	commonMain/generated/_Arrays.kt:17985
1.4	fun	minOf	BooleanArray	0	public inline fun <R : Comparable<R>> BooleanArray.minOf(selector: (Boolean) -> R): R {	commonMain/generated/_Arrays.kt:18007
-	var	minValue	-	0	var minValue = selector(this[0])	commonMain/generated/_Arrays.kt:18009
-	val	v	-	0	val v = selector(this[i])	commonMain/generated/_Arrays.kt:18011
1.4	fun	minOf	CharArray	0	public inline fun <R : Comparable<R>> CharArray.minOf(selector: (Char) -> R): R {	commonMain/generated/_Arrays.kt:18033
-	var	minValue	-	0	var minValue = selector(this[0])	commonMain/generated/_Arrays.kt:18035
-	val	v	-	0	val v = selector(this[i])	commonMain/generated/_Arrays.kt:18037
1.4	fun	minOfOrNull	-	0	public inline fun <T> Array<out T>.minOfOrNull(selector: (T) -> Double): Double? {	commonMain/generated/_Arrays.kt:18057
-	var	minValue	-	0	var minValue = selector(this[0])	commonMain/generated/_Arrays.kt:18059
-	val	v	-	0	val v = selector(this[i])	commonMain/generated/_Arrays.kt:18061
1.4	fun	minOfOrNull	ByteArray	0	public inline fun ByteArray.minOfOrNull(selector: (Byte) -> Double): Double? {	commonMain/generated/_Arrays.kt:18079
-	var	minValue	-	0	var minValue = selector(this[0])	commonMain/generated/_Arrays.kt:18081
-	val	v	-	0	val v = selector(this[i])	commonMain/generated/_Arrays.kt:18083
1.4	fun	minOfOrNull	ShortArray	0	public inline fun ShortArray.minOfOrNull(selector: (Short) -> Double): Double? {	commonMain/generated/_Arrays.kt:18101
-	var	minValue	-	0	var minValue = selector(this[0])	commonMain/generated/_Arrays.kt:18103
-	val	v	-	0	val v = selector(this[i])	commonMain/generated/_Arrays.kt:18105
1.4	fun	minOfOrNull	IntArray	0	public inline fun IntArray.minOfOrNull(selector: (Int) -> Double): Double? {	commonMain/generated/_Arrays.kt:18123
-	var	minValue	-	0	var minValue = selector(this[0])	commonMain/generated/_Arrays.kt:18125
-	val	v	-	0	val v = selector(this[i])	commonMain/generated/_Arrays.kt:18127
1.4	fun	minOfOrNull	LongArray	0	public inline fun LongArray.minOfOrNull(selector: (Long) -> Double): Double? {	commonMain/generated/_Arrays.kt:18145
-	var	minValue	-	0	var minValue = selector(this[0])	commonMain/generated/_Arrays.kt:18147
-	val	v	-	0	val v = selector(this[i])	commonMain/generated/_Arrays.kt:18149
1.4	fun	minOfOrNull	FloatArray	0	public inline fun FloatArray.minOfOrNull(selector: (Float) -> Double): Double? {	commonMain/generated/_Arrays.kt:18167
-	var	minValue	-	0	var minValue = selector(this[0])	commonMain/generated/_Arrays.kt:18169
-	val	v	-	0	val v = selector(this[i])	commonMain/generated/_Arrays.kt:18171
1.4	fun	minOfOrNull	DoubleArray	0	public inline fun DoubleArray.minOfOrNull(selector: (Double) -> Double): Double? {	commonMain/generated/_Arrays.kt:18189
-	var	minValue	-	0	var minValue = selector(this[0])	commonMain/generated/_Arrays.kt:18191
-	val	v	-	0	val v = selector(this[i])	commonMain/generated/_Arrays.kt:18193
1.4	fun	minOfOrNull	BooleanArray	0	public inline fun BooleanArray.minOfOrNull(selector: (Boolean) -> Double): Double? {	commonMain/generated/_Arrays.kt:18211
-	var	minValue	-	0	var minValue = selector(this[0])	commonMain/generated/_Arrays.kt:18213
-	val	v	-	0	val v = selector(this[i])	commonMain/generated/_Arrays.kt:18215
1.4	fun	minOfOrNull	CharArray	0	public inline fun CharArray.minOfOrNull(selector: (Char) -> Double): Double? {	commonMain/generated/_Arrays.kt:18233
-	var	minValue	-	0	var minValue = selector(this[0])	commonMain/generated/_Arrays.kt:18235
-	val	v	-	0	val v = selector(this[i])	commonMain/generated/_Arrays.kt:18237
1.4	fun	minOfOrNull	-	0	public inline fun <T> Array<out T>.minOfOrNull(selector: (T) -> Float): Float? {	commonMain/generated/_Arrays.kt:18255
-	var	minValue	-	0	var minValue = selector(this[0])	commonMain/generated/_Arrays.kt:18257
-	val	v	-	0	val v = selector(this[i])	commonMain/generated/_Arrays.kt:18259
1.4	fun	minOfOrNull	ByteArray	0	public inline fun ByteArray.minOfOrNull(selector: (Byte) -> Float): Float? {	commonMain/generated/_Arrays.kt:18277
-	var	minValue	-	0	var minValue = selector(this[0])	commonMain/generated/_Arrays.kt:18279
-	val	v	-	0	val v = selector(this[i])	commonMain/generated/_Arrays.kt:18281
1.4	fun	minOfOrNull	ShortArray	0	public inline fun ShortArray.minOfOrNull(selector: (Short) -> Float): Float? {	commonMain/generated/_Arrays.kt:18299
-	var	minValue	-	0	var minValue = selector(this[0])	commonMain/generated/_Arrays.kt:18301
-	val	v	-	0	val v = selector(this[i])	commonMain/generated/_Arrays.kt:18303
1.4	fun	minOfOrNull	IntArray	0	public inline fun IntArray.minOfOrNull(selector: (Int) -> Float): Float? {	commonMain/generated/_Arrays.kt:18321
-	var	minValue	-	0	var minValue = selector(this[0])	commonMain/generated/_Arrays.kt:18323
-	val	v	-	0	val v = selector(this[i])	commonMain/generated/_Arrays.kt:18325
1.4	fun	minOfOrNull	LongArray	0	public inline fun LongArray.minOfOrNull(selector: (Long) -> Float): Float? {	commonMain/generated/_Arrays.kt:18343
-	var	minValue	-	0	var minValue = selector(this[0])	commonMain/generated/_Arrays.kt:18345
-	val	v	-	0	val v = selector(this[i])	commonMain/generated/_Arrays.kt:18347
1.4	fun	minOfOrNull	FloatArray	0	public inline fun FloatArray.minOfOrNull(selector: (Float) -> Float): Float? {	commonMain/generated/_Arrays.kt:18365
-	var	minValue	-	0	var minValue = selector(this[0])	commonMain/generated/_Arrays.kt:18367
-	val	v	-	0	val v = selector(this[i])	commonMain/generated/_Arrays.kt:18369
1.4	fun	minOfOrNull	DoubleArray	0	public inline fun DoubleArray.minOfOrNull(selector: (Double) -> Float): Float? {	commonMain/generated/_Arrays.kt:18387
-	var	minValue	-	0	var minValue = selector(this[0])	commonMain/generated/_Arrays.kt:18389
-	val	v	-	0	val v = selector(this[i])	commonMain/generated/_Arrays.kt:18391
1.4	fun	minOfOrNull	BooleanArray	0	public inline fun BooleanArray.minOfOrNull(selector: (Boolean) -> Float): Float? {	commonMain/generated/_Arrays.kt:18409
-	var	minValue	-	0	var minValue = selector(this[0])	commonMain/generated/_Arrays.kt:18411
-	val	v	-	0	val v = selector(this[i])	commonMain/generated/_Arrays.kt:18413
1.4	fun	minOfOrNull	CharArray	0	public inline fun CharArray.minOfOrNull(selector: (Char) -> Float): Float? {	commonMain/generated/_Arrays.kt:18431
-	var	minValue	-	0	var minValue = selector(this[0])	commonMain/generated/_Arrays.kt:18433
-	val	v	-	0	val v = selector(this[i])	commonMain/generated/_Arrays.kt:18435
1.4	fun	minOfOrNull	-	1	public inline fun <T, R : Comparable<R>> Array<out T>.minOfOrNull(selector: (T) -> R): R? {	commonMain/generated/_Arrays.kt:18453
-	var	minValue	-	0	var minValue = selector(this[0])	commonMain/generated/_Arrays.kt:18455
-	val	v	-	0	val v = selector(this[i])	commonMain/generated/_Arrays.kt:18457
1.4	fun	minOfOrNull	ByteArray	0	public inline fun <R : Comparable<R>> ByteArray.minOfOrNull(selector: (Byte) -> R): R? {	commonMain/generated/_Arrays.kt:18477
-	var	minValue	-	0	var minValue = selector(this[0])	commonMain/generated/_Arrays.kt:18479
-	val	v	-	0	val v = selector(this[i])	commonMain/generated/_Arrays.kt:18481
1.4	fun	minOfOrNull	ShortArray	0	public inline fun <R : Comparable<R>> ShortArray.minOfOrNull(selector: (Short) -> R): R? {	commonMain/generated/_Arrays.kt:18501
-	var	minValue	-	0	var minValue = selector(this[0])	commonMain/generated/_Arrays.kt:18503
-	val	v	-	0	val v = selector(this[i])	commonMain/generated/_Arrays.kt:18505
1.4	fun	minOfOrNull	IntArray	0	public inline fun <R : Comparable<R>> IntArray.minOfOrNull(selector: (Int) -> R): R? {	commonMain/generated/_Arrays.kt:18525
-	var	minValue	-	0	var minValue = selector(this[0])	commonMain/generated/_Arrays.kt:18527
-	val	v	-	0	val v = selector(this[i])	commonMain/generated/_Arrays.kt:18529
1.4	fun	minOfOrNull	LongArray	0	public inline fun <R : Comparable<R>> LongArray.minOfOrNull(selector: (Long) -> R): R? {	commonMain/generated/_Arrays.kt:18549
-	var	minValue	-	0	var minValue = selector(this[0])	commonMain/generated/_Arrays.kt:18551
-	val	v	-	0	val v = selector(this[i])	commonMain/generated/_Arrays.kt:18553
1.4	fun	minOfOrNull	FloatArray	0	public inline fun <R : Comparable<R>> FloatArray.minOfOrNull(selector: (Float) -> R): R? {	commonMain/generated/_Arrays.kt:18573
-	var	minValue	-	0	var minValue = selector(this[0])	commonMain/generated/_Arrays.kt:18575
-	val	v	-	0	val v = selector(this[i])	commonMain/generated/_Arrays.kt:18577
1.4	fun	minOfOrNull	DoubleArray	0	public inline fun <R : Comparable<R>> DoubleArray.minOfOrNull(selector: (Double) -> R): R? {	commonMain/generated/_Arrays.kt:18597
-	var	minValue	-	0	var minValue = selector(this[0])	commonMain/generated/_Arrays.kt:18599
-	val	v	-	0	val v = selector(this[i])	commonMain/generated/_Arrays.kt:18601
1.4	fun	minOfOrNull	BooleanArray	0	public inline fun <R : Comparable<R>> BooleanArray.minOfOrNull(selector: (Boolean) -> R): R? {	commonMain/generated/_Arrays.kt:18621
-	var	minValue	-	0	var minValue = selector(this[0])	commonMain/generated/_Arrays.kt:18623
-	val	v	-	0	val v = selector(this[i])	commonMain/generated/_Arrays.kt:18625
1.4	fun	minOfOrNull	CharArray	0	public inline fun <R : Comparable<R>> CharArray.minOfOrNull(selector: (Char) -> R): R? {	commonMain/generated/_Arrays.kt:18645
-	var	minValue	-	0	var minValue = selector(this[0])	commonMain/generated/_Arrays.kt:18647
-	val	v	-	0	val v = selector(this[i])	commonMain/generated/_Arrays.kt:18649
1.4	fun	minOfWith	-	2	public inline fun <T, R> Array<out T>.minOfWith(comparator: Comparator<in R>, selector: (T) -> R): R {	commonMain/generated/_Arrays.kt:18671
-	var	minValue	-	0	var minValue = selector(this[0])	commonMain/generated/_Arrays.kt:18673
-	val	v	-	0	val v = selector(this[i])	commonMain/generated/_Arrays.kt:18675
1.4	fun	minOfWith	ByteArray	1	public inline fun <R> ByteArray.minOfWith(comparator: Comparator<in R>, selector: (Byte) -> R): R {	commonMain/generated/_Arrays.kt:18697
-	var	minValue	-	0	var minValue = selector(this[0])	commonMain/generated/_Arrays.kt:18699
-	val	v	-	0	val v = selector(this[i])	commonMain/generated/_Arrays.kt:18701
1.4	fun	minOfWith	ShortArray	1	public inline fun <R> ShortArray.minOfWith(comparator: Comparator<in R>, selector: (Short) -> R): R {	commonMain/generated/_Arrays.kt:18723
-	var	minValue	-	0	var minValue = selector(this[0])	commonMain/generated/_Arrays.kt:18725
-	val	v	-	0	val v = selector(this[i])	commonMain/generated/_Arrays.kt:18727
1.4	fun	minOfWith	IntArray	1	public inline fun <R> IntArray.minOfWith(comparator: Comparator<in R>, selector: (Int) -> R): R {	commonMain/generated/_Arrays.kt:18749
-	var	minValue	-	0	var minValue = selector(this[0])	commonMain/generated/_Arrays.kt:18751
-	val	v	-	0	val v = selector(this[i])	commonMain/generated/_Arrays.kt:18753
1.4	fun	minOfWith	LongArray	1	public inline fun <R> LongArray.minOfWith(comparator: Comparator<in R>, selector: (Long) -> R): R {	commonMain/generated/_Arrays.kt:18775
-	var	minValue	-	0	var minValue = selector(this[0])	commonMain/generated/_Arrays.kt:18777
-	val	v	-	0	val v = selector(this[i])	commonMain/generated/_Arrays.kt:18779
1.4	fun	minOfWith	FloatArray	1	public inline fun <R> FloatArray.minOfWith(comparator: Comparator<in R>, selector: (Float) -> R): R {	commonMain/generated/_Arrays.kt:18801
-	var	minValue	-	0	var minValue = selector(this[0])	commonMain/generated/_Arrays.kt:18803
-	val	v	-	0	val v = selector(this[i])	commonMain/generated/_Arrays.kt:18805
1.4	fun	minOfWith	DoubleArray	1	public inline fun <R> DoubleArray.minOfWith(comparator: Comparator<in R>, selector: (Double) -> R): R {	commonMain/generated/_Arrays.kt:18827
-	var	minValue	-	0	var minValue = selector(this[0])	commonMain/generated/_Arrays.kt:18829
-	val	v	-	0	val v = selector(this[i])	commonMain/generated/_Arrays.kt:18831
1.4	fun	minOfWith	BooleanArray	1	public inline fun <R> BooleanArray.minOfWith(comparator: Comparator<in R>, selector: (Boolean) -> R): R {	commonMain/generated/_Arrays.kt:18853
-	var	minValue	-	0	var minValue = selector(this[0])	commonMain/generated/_Arrays.kt:18855
-	val	v	-	0	val v = selector(this[i])	commonMain/generated/_Arrays.kt:18857
1.4	fun	minOfWith	CharArray	1	public inline fun <R> CharArray.minOfWith(comparator: Comparator<in R>, selector: (Char) -> R): R {	commonMain/generated/_Arrays.kt:18879
-	var	minValue	-	0	var minValue = selector(this[0])	commonMain/generated/_Arrays.kt:18881
-	val	v	-	0	val v = selector(this[i])	commonMain/generated/_Arrays.kt:18883
1.4	fun	minOfWithOrNull	-	2	public inline fun <T, R> Array<out T>.minOfWithOrNull(comparator: Comparator<in R>, selector: (T) -> R): R? {	commonMain/generated/_Arrays.kt:18903
-	var	minValue	-	0	var minValue = selector(this[0])	commonMain/generated/_Arrays.kt:18905
-	val	v	-	0	val v = selector(this[i])	commonMain/generated/_Arrays.kt:18907
1.4	fun	minOfWithOrNull	ByteArray	1	public inline fun <R> ByteArray.minOfWithOrNull(comparator: Comparator<in R>, selector: (Byte) -> R): R? {	commonMain/generated/_Arrays.kt:18927
-	var	minValue	-	0	var minValue = selector(this[0])	commonMain/generated/_Arrays.kt:18929
-	val	v	-	0	val v = selector(this[i])	commonMain/generated/_Arrays.kt:18931
1.4	fun	minOfWithOrNull	ShortArray	1	public inline fun <R> ShortArray.minOfWithOrNull(comparator: Comparator<in R>, selector: (Short) -> R): R? {	commonMain/generated/_Arrays.kt:18951
-	var	minValue	-	0	var minValue = selector(this[0])	commonMain/generated/_Arrays.kt:18953
-	val	v	-	0	val v = selector(this[i])	commonMain/generated/_Arrays.kt:18955
1.4	fun	minOfWithOrNull	IntArray	1	public inline fun <R> IntArray.minOfWithOrNull(comparator: Comparator<in R>, selector: (Int) -> R): R? {	commonMain/generated/_Arrays.kt:18975
-	var	minValue	-	0	var minValue = selector(this[0])	commonMain/generated/_Arrays.kt:18977
-	val	v	-	0	val v = selector(this[i])	commonMain/generated/_Arrays.kt:18979
1.4	fun	minOfWithOrNull	LongArray	1	public inline fun <R> LongArray.minOfWithOrNull(comparator: Comparator<in R>, selector: (Long) -> R): R? {	commonMain/generated/_Arrays.kt:18999
-	var	minValue	-	0	var minValue = selector(this[0])	commonMain/generated/_Arrays.kt:19001
-	val	v	-	0	val v = selector(this[i])	commonMain/generated/_Arrays.kt:19003
1.4	fun	minOfWithOrNull	FloatArray	1	public inline fun <R> FloatArray.minOfWithOrNull(comparator: Comparator<in R>, selector: (Float) -> R): R? {	commonMain/generated/_Arrays.kt:19023
-	var	minValue	-	0	var minValue = selector(this[0])	commonMain/generated/_Arrays.kt:19025
-	val	v	-	0	val v = selector(this[i])	commonMain/generated/_Arrays.kt:19027
1.4	fun	minOfWithOrNull	DoubleArray	1	public inline fun <R> DoubleArray.minOfWithOrNull(comparator: Comparator<in R>, selector: (Double) -> R): R? {	commonMain/generated/_Arrays.kt:19047
-	var	minValue	-	0	var minValue = selector(this[0])	commonMain/generated/_Arrays.kt:19049
-	val	v	-	0	val v = selector(this[i])	commonMain/generated/_Arrays.kt:19051
1.4	fun	minOfWithOrNull	BooleanArray	1	public inline fun <R> BooleanArray.minOfWithOrNull(comparator: Comparator<in R>, selector: (Boolean) -> R): R? {	commonMain/generated/_Arrays.kt:19071
-	var	minValue	-	0	var minValue = selector(this[0])	commonMain/generated/_Arrays.kt:19073
-	val	v	-	0	val v = selector(this[i])	commonMain/generated/_Arrays.kt:19075
1.4	fun	minOfWithOrNull	CharArray	1	public inline fun <R> CharArray.minOfWithOrNull(comparator: Comparator<in R>, selector: (Char) -> R): R? {	commonMain/generated/_Arrays.kt:19095
-	var	minValue	-	0	var minValue = selector(this[0])	commonMain/generated/_Arrays.kt:19097
-	val	v	-	0	val v = selector(this[i])	commonMain/generated/_Arrays.kt:19099
1.4	fun	minOrNull	-	0	public fun Array<out Double>.minOrNull(): Double? {	commonMain/generated/_Arrays.kt:19115
-	var	min	-	0	var min = this[0]	commonMain/generated/_Arrays.kt:19117
-	val	e	-	0	val e = this[i]	commonMain/generated/_Arrays.kt:19119
1.4	fun	minOrNull	-	0	public fun Array<out Float>.minOrNull(): Float? {	commonMain/generated/_Arrays.kt:19133
-	var	min	-	0	var min = this[0]	commonMain/generated/_Arrays.kt:19135
-	val	e	-	0	val e = this[i]	commonMain/generated/_Arrays.kt:19137
1.4	fun	minOrNull	-	0	public fun <T : Comparable<T>> Array<out T>.minOrNull(): T? {	commonMain/generated/_Arrays.kt:19151
-	var	min	-	0	var min = this[0]	commonMain/generated/_Arrays.kt:19153
-	val	e	-	0	val e = this[i]	commonMain/generated/_Arrays.kt:19155
1.4	fun	minOrNull	ByteArray	0	public fun ByteArray.minOrNull(): Byte? {	commonMain/generated/_Arrays.kt:19167
-	var	min	-	0	var min = this[0]	commonMain/generated/_Arrays.kt:19169
-	val	e	-	0	val e = this[i]	commonMain/generated/_Arrays.kt:19171
1.4	fun	minOrNull	ShortArray	0	public fun ShortArray.minOrNull(): Short? {	commonMain/generated/_Arrays.kt:19183
-	var	min	-	0	var min = this[0]	commonMain/generated/_Arrays.kt:19185
-	val	e	-	0	val e = this[i]	commonMain/generated/_Arrays.kt:19187
1.4	fun	minOrNull	IntArray	0	public fun IntArray.minOrNull(): Int? {	commonMain/generated/_Arrays.kt:19199
-	var	min	-	0	var min = this[0]	commonMain/generated/_Arrays.kt:19201
-	val	e	-	0	val e = this[i]	commonMain/generated/_Arrays.kt:19203
1.4	fun	minOrNull	LongArray	0	public fun LongArray.minOrNull(): Long? {	commonMain/generated/_Arrays.kt:19215
-	var	min	-	0	var min = this[0]	commonMain/generated/_Arrays.kt:19217
-	val	e	-	0	val e = this[i]	commonMain/generated/_Arrays.kt:19219
1.4	fun	minOrNull	FloatArray	0	public fun FloatArray.minOrNull(): Float? {	commonMain/generated/_Arrays.kt:19233
-	var	min	-	0	var min = this[0]	commonMain/generated/_Arrays.kt:19235
-	val	e	-	0	val e = this[i]	commonMain/generated/_Arrays.kt:19237
1.4	fun	minOrNull	DoubleArray	0	public fun DoubleArray.minOrNull(): Double? {	commonMain/generated/_Arrays.kt:19251
-	var	min	-	0	var min = this[0]	commonMain/generated/_Arrays.kt:19253
-	val	e	-	0	val e = this[i]	commonMain/generated/_Arrays.kt:19255
1.4	fun	minOrNull	CharArray	0	public fun CharArray.minOrNull(): Char? {	commonMain/generated/_Arrays.kt:19267
-	var	min	-	0	var min = this[0]	commonMain/generated/_Arrays.kt:19269
-	val	e	-	0	val e = this[i]	commonMain/generated/_Arrays.kt:19271
1.7	fun	minWith	-	0	public fun <T> Array<out T>.minWith(comparator: Comparator<in T>): T {	commonMain/generated/_Arrays.kt:19285
-	var	min	-	0	var min = this[0]	commonMain/generated/_Arrays.kt:19287
-	val	e	-	0	val e = this[i]	commonMain/generated/_Arrays.kt:19289
1.7	fun	minWith	ByteArray	0	public fun ByteArray.minWith(comparator: Comparator<in Byte>): Byte {	commonMain/generated/_Arrays.kt:19303
-	var	min	-	0	var min = this[0]	commonMain/generated/_Arrays.kt:19305
-	val	e	-	0	val e = this[i]	commonMain/generated/_Arrays.kt:19307
1.7	fun	minWith	ShortArray	0	public fun ShortArray.minWith(comparator: Comparator<in Short>): Short {	commonMain/generated/_Arrays.kt:19321
-	var	min	-	0	var min = this[0]	commonMain/generated/_Arrays.kt:19323
-	val	e	-	0	val e = this[i]	commonMain/generated/_Arrays.kt:19325
1.7	fun	minWith	IntArray	0	public fun IntArray.minWith(comparator: Comparator<in Int>): Int {	commonMain/generated/_Arrays.kt:19339
-	var	min	-	0	var min = this[0]	commonMain/generated/_Arrays.kt:19341
-	val	e	-	0	val e = this[i]	commonMain/generated/_Arrays.kt:19343
1.7	fun	minWith	LongArray	0	public fun LongArray.minWith(comparator: Comparator<in Long>): Long {	commonMain/generated/_Arrays.kt:19357
-	var	min	-	0	var min = this[0]	commonMain/generated/_Arrays.kt:19359
-	val	e	-	0	val e = this[i]	commonMain/generated/_Arrays.kt:19361
1.7	fun	minWith	FloatArray	0	public fun FloatArray.minWith(comparator: Comparator<in Float>): Float {	commonMain/generated/_Arrays.kt:19375
-	var	min	-	0	var min = this[0]	commonMain/generated/_Arrays.kt:19377
-	val	e	-	0	val e = this[i]	commonMain/generated/_Arrays.kt:19379
1.7	fun	minWith	DoubleArray	0	public fun DoubleArray.minWith(comparator: Comparator<in Double>): Double {	commonMain/generated/_Arrays.kt:19393
-	var	min	-	0	var min = this[0]	commonMain/generated/_Arrays.kt:19395
-	val	e	-	0	val e = this[i]	commonMain/generated/_Arrays.kt:19397
1.7	fun	minWith	BooleanArray	0	public fun BooleanArray.minWith(comparator: Comparator<in Boolean>): Boolean {	commonMain/generated/_Arrays.kt:19411
-	var	min	-	0	var min = this[0]	commonMain/generated/_Arrays.kt:19413
-	val	e	-	0	val e = this[i]	commonMain/generated/_Arrays.kt:19415
1.7	fun	minWith	CharArray	0	public fun CharArray.minWith(comparator: Comparator<in Char>): Char {	commonMain/generated/_Arrays.kt:19429
-	var	min	-	0	var min = this[0]	commonMain/generated/_Arrays.kt:19431
-	val	e	-	0	val e = this[i]	commonMain/generated/_Arrays.kt:19433
1.4	fun	minWithOrNull	-	0	public fun <T> Array<out T>.minWithOrNull(comparator: Comparator<in T>): T? {	commonMain/generated/_Arrays.kt:19443
-	var	min	-	0	var min = this[0]	commonMain/generated/_Arrays.kt:19445
-	val	e	-	0	val e = this[i]	commonMain/generated/_Arrays.kt:19447
1.4	fun	minWithOrNull	ByteArray	0	public fun ByteArray.minWithOrNull(comparator: Comparator<in Byte>): Byte? {	commonMain/generated/_Arrays.kt:19457
-	var	min	-	0	var min = this[0]	commonMain/generated/_Arrays.kt:19459
-	val	e	-	0	val e = this[i]	commonMain/generated/_Arrays.kt:19461
1.4	fun	minWithOrNull	ShortArray	0	public fun ShortArray.minWithOrNull(comparator: Comparator<in Short>): Short? {	commonMain/generated/_Arrays.kt:19471
-	var	min	-	0	var min = this[0]	commonMain/generated/_Arrays.kt:19473
-	val	e	-	0	val e = this[i]	commonMain/generated/_Arrays.kt:19475
1.4	fun	minWithOrNull	IntArray	0	public fun IntArray.minWithOrNull(comparator: Comparator<in Int>): Int? {	commonMain/generated/_Arrays.kt:19485
-	var	min	-	0	var min = this[0]	commonMain/generated/_Arrays.kt:19487
-	val	e	-	0	val e = this[i]	commonMain/generated/_Arrays.kt:19489
1.4	fun	minWithOrNull	LongArray	0	public fun LongArray.minWithOrNull(comparator: Comparator<in Long>): Long? {	commonMain/generated/_Arrays.kt:19499
-	var	min	-	0	var min = this[0]	commonMain/generated/_Arrays.kt:19501
-	val	e	-	0	val e = this[i]	commonMain/generated/_Arrays.kt:19503
1.4	fun	minWithOrNull	FloatArray	0	public fun FloatArray.minWithOrNull(comparator: Comparator<in Float>): Float? {	commonMain/generated/_Arrays.kt:19513
-	var	min	-	0	var min = this[0]	commonMain/generated/_Arrays.kt:19515
-	val	e	-	0	val e = this[i]	commonMain/generated/_Arrays.kt:19517
1.4	fun	minWithOrNull	DoubleArray	0	public fun DoubleArray.minWithOrNull(comparator: Comparator<in Double>): Double? {	commonMain/generated/_Arrays.kt:19527
-	var	min	-	0	var min = this[0]	commonMain/generated/_Arrays.kt:19529
-	val	e	-	0	val e = this[i]	commonMain/generated/_Arrays.kt:19531
1.4	fun	minWithOrNull	BooleanArray	0	public fun BooleanArray.minWithOrNull(comparator: Comparator<in Boolean>): Boolean? {	commonMain/generated/_Arrays.kt:19541
-	var	min	-	0	var min = this[0]	commonMain/generated/_Arrays.kt:19543
-	val	e	-	0	val e = this[i]	commonMain/generated/_Arrays.kt:19545
1.4	fun	minWithOrNull	CharArray	0	public fun CharArray.minWithOrNull(comparator: Comparator<in Char>): Char? {	commonMain/generated/_Arrays.kt:19555
-	var	min	-	0	var min = this[0]	commonMain/generated/_Arrays.kt:19557
-	val	e	-	0	val e = this[i]	commonMain/generated/_Arrays.kt:19559
-	fun	none	-	0	public fun <T> Array<out T>.none(): Boolean {	commonMain/generated/_Arrays.kt:19570
-	fun	none	ByteArray	0	public fun ByteArray.none(): Boolean {	commonMain/generated/_Arrays.kt:19579
-	fun	none	ShortArray	0	public fun ShortArray.none(): Boolean {	commonMain/generated/_Arrays.kt:19588
-	fun	none	IntArray	0	public fun IntArray.none(): Boolean {	commonMain/generated/_Arrays.kt:19597
-	fun	none	LongArray	0	public fun LongArray.none(): Boolean {	commonMain/generated/_Arrays.kt:19606
-	fun	none	FloatArray	0	public fun FloatArray.none(): Boolean {	commonMain/generated/_Arrays.kt:19615
-	fun	none	DoubleArray	0	public fun DoubleArray.none(): Boolean {	commonMain/generated/_Arrays.kt:19624
-	fun	none	BooleanArray	0	public fun BooleanArray.none(): Boolean {	commonMain/generated/_Arrays.kt:19633
-	fun	none	CharArray	0	public fun CharArray.none(): Boolean {	commonMain/generated/_Arrays.kt:19642
-	fun	none	-	0	public inline fun <T> Array<out T>.none(predicate: (T) -> Boolean): Boolean {	commonMain/generated/_Arrays.kt:19651
-	fun	none	ByteArray	0	public inline fun ByteArray.none(predicate: (Byte) -> Boolean): Boolean {	commonMain/generated/_Arrays.kt:19661
-	fun	none	ShortArray	0	public inline fun ShortArray.none(predicate: (Short) -> Boolean): Boolean {	commonMain/generated/_Arrays.kt:19671
-	fun	none	IntArray	0	public inline fun IntArray.none(predicate: (Int) -> Boolean): Boolean {	commonMain/generated/_Arrays.kt:19681
-	fun	none	LongArray	0	public inline fun LongArray.none(predicate: (Long) -> Boolean): Boolean {	commonMain/generated/_Arrays.kt:19691
-	fun	none	FloatArray	0	public inline fun FloatArray.none(predicate: (Float) -> Boolean): Boolean {	commonMain/generated/_Arrays.kt:19701
-	fun	none	DoubleArray	0	public inline fun DoubleArray.none(predicate: (Double) -> Boolean): Boolean {	commonMain/generated/_Arrays.kt:19711
-	fun	none	BooleanArray	0	public inline fun BooleanArray.none(predicate: (Boolean) -> Boolean): Boolean {	commonMain/generated/_Arrays.kt:19721
-	fun	none	CharArray	0	public inline fun CharArray.none(predicate: (Char) -> Boolean): Boolean {	commonMain/generated/_Arrays.kt:19731
1.4	fun	onEach	-	0	public inline fun <T> Array<out T>.onEach(action: (T) -> Unit): Array<out T> {	commonMain/generated/_Arrays.kt:19741
1.4	fun	onEach	ByteArray	0	public inline fun ByteArray.onEach(action: (Byte) -> Unit): ByteArray {	commonMain/generated/_Arrays.kt:19750
1.4	fun	onEach	ShortArray	0	public inline fun ShortArray.onEach(action: (Short) -> Unit): ShortArray {	commonMain/generated/_Arrays.kt:19759
1.4	fun	onEach	IntArray	0	public inline fun IntArray.onEach(action: (Int) -> Unit): IntArray {	commonMain/generated/_Arrays.kt:19768
1.4	fun	onEach	LongArray	0	public inline fun LongArray.onEach(action: (Long) -> Unit): LongArray {	commonMain/generated/_Arrays.kt:19777
1.4	fun	onEach	FloatArray	0	public inline fun FloatArray.onEach(action: (Float) -> Unit): FloatArray {	commonMain/generated/_Arrays.kt:19786
1.4	fun	onEach	DoubleArray	0	public inline fun DoubleArray.onEach(action: (Double) -> Unit): DoubleArray {	commonMain/generated/_Arrays.kt:19795
1.4	fun	onEach	BooleanArray	0	public inline fun BooleanArray.onEach(action: (Boolean) -> Unit): BooleanArray {	commonMain/generated/_Arrays.kt:19804
1.4	fun	onEach	CharArray	0	public inline fun CharArray.onEach(action: (Char) -> Unit): CharArray {	commonMain/generated/_Arrays.kt:19813
1.4	fun	onEachIndexed	-	1	public inline fun <T> Array<out T>.onEachIndexed(action: (index: Int, T) -> Unit): Array<out T> {	commonMain/generated/_Arrays.kt:19825
1.4	fun	onEachIndexed	ByteArray	1	public inline fun ByteArray.onEachIndexed(action: (index: Int, Byte) -> Unit): ByteArray {	commonMain/generated/_Arrays.kt:19837
1.4	fun	onEachIndexed	ShortArray	1	public inline fun ShortArray.onEachIndexed(action: (index: Int, Short) -> Unit): ShortArray {	commonMain/generated/_Arrays.kt:19849
1.4	fun	onEachIndexed	IntArray	1	public inline fun IntArray.onEachIndexed(action: (index: Int, Int) -> Unit): IntArray {	commonMain/generated/_Arrays.kt:19861
1.4	fun	onEachIndexed	LongArray	1	public inline fun LongArray.onEachIndexed(action: (index: Int, Long) -> Unit): LongArray {	commonMain/generated/_Arrays.kt:19873
1.4	fun	onEachIndexed	FloatArray	1	public inline fun FloatArray.onEachIndexed(action: (index: Int, Float) -> Unit): FloatArray {	commonMain/generated/_Arrays.kt:19885
1.4	fun	onEachIndexed	DoubleArray	1	public inline fun DoubleArray.onEachIndexed(action: (index: Int, Double) -> Unit): DoubleArray {	commonMain/generated/_Arrays.kt:19897
1.4	fun	onEachIndexed	BooleanArray	1	public inline fun BooleanArray.onEachIndexed(action: (index: Int, Boolean) -> Unit): BooleanArray {	commonMain/generated/_Arrays.kt:19909
1.4	fun	onEachIndexed	CharArray	1	public inline fun CharArray.onEachIndexed(action: (index: Int, Char) -> Unit): CharArray {	commonMain/generated/_Arrays.kt:19921
-	fun	reduce	-	2	public inline fun <S, T : S> Array<out T>.reduce(operation: (acc: S, T) -> S): S {	commonMain/generated/_Arrays.kt:19937
-	var	S	-	0	var accumulator: S = this[0]	commonMain/generated/_Arrays.kt:19940
-	fun	reduce	ByteArray	1	public inline fun ByteArray.reduce(operation: (acc: Byte, Byte) -> Byte): Byte {	commonMain/generated/_Arrays.kt:19959
-	var	accumulator	-	0	var accumulator = this[0]	commonMain/generated/_Arrays.kt:19962
-	fun	reduce	ShortArray	1	public inline fun ShortArray.reduce(operation: (acc: Short, Short) -> Short): Short {	commonMain/generated/_Arrays.kt:19981
-	var	accumulator	-	0	var accumulator = this[0]	commonMain/generated/_Arrays.kt:19984
-	fun	reduce	IntArray	1	public inline fun IntArray.reduce(operation: (acc: Int, Int) -> Int): Int {	commonMain/generated/_Arrays.kt:20003
-	var	accumulator	-	0	var accumulator = this[0]	commonMain/generated/_Arrays.kt:20006
-	fun	reduce	LongArray	1	public inline fun LongArray.reduce(operation: (acc: Long, Long) -> Long): Long {	commonMain/generated/_Arrays.kt:20025
-	var	accumulator	-	0	var accumulator = this[0]	commonMain/generated/_Arrays.kt:20028
-	fun	reduce	FloatArray	1	public inline fun FloatArray.reduce(operation: (acc: Float, Float) -> Float): Float {	commonMain/generated/_Arrays.kt:20047
-	var	accumulator	-	0	var accumulator = this[0]	commonMain/generated/_Arrays.kt:20050
-	fun	reduce	DoubleArray	1	public inline fun DoubleArray.reduce(operation: (acc: Double, Double) -> Double): Double {	commonMain/generated/_Arrays.kt:20069
-	var	accumulator	-	0	var accumulator = this[0]	commonMain/generated/_Arrays.kt:20072
-	fun	reduce	BooleanArray	1	public inline fun BooleanArray.reduce(operation: (acc: Boolean, Boolean) -> Boolean): Boolean {	commonMain/generated/_Arrays.kt:20091
-	var	accumulator	-	0	var accumulator = this[0]	commonMain/generated/_Arrays.kt:20094
-	fun	reduce	CharArray	1	public inline fun CharArray.reduce(operation: (acc: Char, Char) -> Char): Char {	commonMain/generated/_Arrays.kt:20113
-	var	accumulator	-	0	var accumulator = this[0]	commonMain/generated/_Arrays.kt:20116
-	fun	reduceIndexed	-	3	public inline fun <S, T : S> Array<out T>.reduceIndexed(operation: (index: Int, acc: S, T) -> S): S {	commonMain/generated/_Arrays.kt:20135
-	var	S	-	0	var accumulator: S = this[0]	commonMain/generated/_Arrays.kt:20138
-	fun	reduceIndexed	ByteArray	2	public inline fun ByteArray.reduceIndexed(operation: (index: Int, acc: Byte, Byte) -> Byte): Byte {	commonMain/generated/_Arrays.kt:20157
-	var	accumulator	-	0	var accumulator = this[0]	commonMain/generated/_Arrays.kt:20160
-	fun	reduceIndexed	ShortArray	2	public inline fun ShortArray.reduceIndexed(operation: (index: Int, acc: Short, Short) -> Short): Short {	commonMain/generated/_Arrays.kt:20179
-	var	accumulator	-	0	var accumulator = this[0]	commonMain/generated/_Arrays.kt:20182
-	fun	reduceIndexed	IntArray	2	public inline fun IntArray.reduceIndexed(operation: (index: Int, acc: Int, Int) -> Int): Int {	commonMain/generated/_Arrays.kt:20201
-	var	accumulator	-	0	var accumulator = this[0]	commonMain/generated/_Arrays.kt:20204
-	fun	reduceIndexed	LongArray	2	public inline fun LongArray.reduceIndexed(operation: (index: Int, acc: Long, Long) -> Long): Long {	commonMain/generated/_Arrays.kt:20223
-	var	accumulator	-	0	var accumulator = this[0]	commonMain/generated/_Arrays.kt:20226
-	fun	reduceIndexed	FloatArray	2	public inline fun FloatArray.reduceIndexed(operation: (index: Int, acc: Float, Float) -> Float): Float {	commonMain/generated/_Arrays.kt:20245
-	var	accumulator	-	0	var accumulator = this[0]	commonMain/generated/_Arrays.kt:20248
-	fun	reduceIndexed	DoubleArray	2	public inline fun DoubleArray.reduceIndexed(operation: (index: Int, acc: Double, Double) -> Double): Double {	commonMain/generated/_Arrays.kt:20267
-	var	accumulator	-	0	var accumulator = this[0]	commonMain/generated/_Arrays.kt:20270
-	fun	reduceIndexed	BooleanArray	2	public inline fun BooleanArray.reduceIndexed(operation: (index: Int, acc: Boolean, Boolean) -> Boolean): Boolean {	commonMain/generated/_Arrays.kt:20289
-	var	accumulator	-	0	var accumulator = this[0]	commonMain/generated/_Arrays.kt:20292
-	fun	reduceIndexed	CharArray	2	public inline fun CharArray.reduceIndexed(operation: (index: Int, acc: Char, Char) -> Char): Char {	commonMain/generated/_Arrays.kt:20311
-	var	accumulator	-	0	var accumulator = this[0]	commonMain/generated/_Arrays.kt:20314
1.4	fun	reduceIndexedOrNull	-	3	public inline fun <S, T : S> Array<out T>.reduceIndexedOrNull(operation: (index: Int, acc: S, T) -> S): S? {	commonMain/generated/_Arrays.kt:20333
-	var	S	-	0	var accumulator: S = this[0]	commonMain/generated/_Arrays.kt:20336
1.4	fun	reduceIndexedOrNull	ByteArray	2	public inline fun ByteArray.reduceIndexedOrNull(operation: (index: Int, acc: Byte, Byte) -> Byte): Byte? {	commonMain/generated/_Arrays.kt:20355
-	var	accumulator	-	0	var accumulator = this[0]	commonMain/generated/_Arrays.kt:20358
1.4	fun	reduceIndexedOrNull	ShortArray	2	public inline fun ShortArray.reduceIndexedOrNull(operation: (index: Int, acc: Short, Short) -> Short): Short? {	commonMain/generated/_Arrays.kt:20377
-	var	accumulator	-	0	var accumulator = this[0]	commonMain/generated/_Arrays.kt:20380
1.4	fun	reduceIndexedOrNull	IntArray	2	public inline fun IntArray.reduceIndexedOrNull(operation: (index: Int, acc: Int, Int) -> Int): Int? {	commonMain/generated/_Arrays.kt:20399
-	var	accumulator	-	0	var accumulator = this[0]	commonMain/generated/_Arrays.kt:20402
1.4	fun	reduceIndexedOrNull	LongArray	2	public inline fun LongArray.reduceIndexedOrNull(operation: (index: Int, acc: Long, Long) -> Long): Long? {	commonMain/generated/_Arrays.kt:20421
-	var	accumulator	-	0	var accumulator = this[0]	commonMain/generated/_Arrays.kt:20424
1.4	fun	reduceIndexedOrNull	FloatArray	2	public inline fun FloatArray.reduceIndexedOrNull(operation: (index: Int, acc: Float, Float) -> Float): Float? {	commonMain/generated/_Arrays.kt:20443
-	var	accumulator	-	0	var accumulator = this[0]	commonMain/generated/_Arrays.kt:20446
1.4	fun	reduceIndexedOrNull	DoubleArray	2	public inline fun DoubleArray.reduceIndexedOrNull(operation: (index: Int, acc: Double, Double) -> Double): Double? {	commonMain/generated/_Arrays.kt:20465
-	var	accumulator	-	0	var accumulator = this[0]	commonMain/generated/_Arrays.kt:20468
1.4	fun	reduceIndexedOrNull	BooleanArray	2	public inline fun BooleanArray.reduceIndexedOrNull(operation: (index: Int, acc: Boolean, Boolean) -> Boolean): Boolean? {	commonMain/generated/_Arrays.kt:20487
-	var	accumulator	-	0	var accumulator = this[0]	commonMain/generated/_Arrays.kt:20490
1.4	fun	reduceIndexedOrNull	CharArray	2	public inline fun CharArray.reduceIndexedOrNull(operation: (index: Int, acc: Char, Char) -> Char): Char? {	commonMain/generated/_Arrays.kt:20509
-	var	accumulator	-	0	var accumulator = this[0]	commonMain/generated/_Arrays.kt:20512
1.4	fun	reduceOrNull	-	2	public inline fun <S, T : S> Array<out T>.reduceOrNull(operation: (acc: S, T) -> S): S? {	commonMain/generated/_Arrays.kt:20531
-	var	S	-	0	var accumulator: S = this[0]	commonMain/generated/_Arrays.kt:20534
1.4	fun	reduceOrNull	ByteArray	1	public inline fun ByteArray.reduceOrNull(operation: (acc: Byte, Byte) -> Byte): Byte? {	commonMain/generated/_Arrays.kt:20553
-	var	accumulator	-	0	var accumulator = this[0]	commonMain/generated/_Arrays.kt:20556
1.4	fun	reduceOrNull	ShortArray	1	public inline fun ShortArray.reduceOrNull(operation: (acc: Short, Short) -> Short): Short? {	commonMain/generated/_Arrays.kt:20575
-	var	accumulator	-	0	var accumulator = this[0]	commonMain/generated/_Arrays.kt:20578
1.4	fun	reduceOrNull	IntArray	1	public inline fun IntArray.reduceOrNull(operation: (acc: Int, Int) -> Int): Int? {	commonMain/generated/_Arrays.kt:20597
-	var	accumulator	-	0	var accumulator = this[0]	commonMain/generated/_Arrays.kt:20600
1.4	fun	reduceOrNull	LongArray	1	public inline fun LongArray.reduceOrNull(operation: (acc: Long, Long) -> Long): Long? {	commonMain/generated/_Arrays.kt:20619
-	var	accumulator	-	0	var accumulator = this[0]	commonMain/generated/_Arrays.kt:20622
1.4	fun	reduceOrNull	FloatArray	1	public inline fun FloatArray.reduceOrNull(operation: (acc: Float, Float) -> Float): Float? {	commonMain/generated/_Arrays.kt:20641
-	var	accumulator	-	0	var accumulator = this[0]	commonMain/generated/_Arrays.kt:20644
1.4	fun	reduceOrNull	DoubleArray	1	public inline fun DoubleArray.reduceOrNull(operation: (acc: Double, Double) -> Double): Double? {	commonMain/generated/_Arrays.kt:20663
-	var	accumulator	-	0	var accumulator = this[0]	commonMain/generated/_Arrays.kt:20666
1.4	fun	reduceOrNull	BooleanArray	1	public inline fun BooleanArray.reduceOrNull(operation: (acc: Boolean, Boolean) -> Boolean): Boolean? {	commonMain/generated/_Arrays.kt:20685
-	var	accumulator	-	0	var accumulator = this[0]	commonMain/generated/_Arrays.kt:20688
1.4	fun	reduceOrNull	CharArray	1	public inline fun CharArray.reduceOrNull(operation: (acc: Char, Char) -> Char): Char? {	commonMain/generated/_Arrays.kt:20707
-	var	accumulator	-	0	var accumulator = this[0]	commonMain/generated/_Arrays.kt:20710
-	fun	reduceRight	-	2	public inline fun <S, T : S> Array<out T>.reduceRight(operation: (T, acc: S) -> S): S {	commonMain/generated/_Arrays.kt:20729
-	var	index	-	0	var index = lastIndex	commonMain/generated/_Arrays.kt:20730
-	var	S	-	0	var accumulator: S = get(index--)	commonMain/generated/_Arrays.kt:20732
-	fun	reduceRight	ByteArray	1	public inline fun ByteArray.reduceRight(operation: (Byte, acc: Byte) -> Byte): Byte {	commonMain/generated/_Arrays.kt:20751
-	var	index	-	0	var index = lastIndex	commonMain/generated/_Arrays.kt:20752
-	var	accumulator	-	0	var accumulator = get(index--)	commonMain/generated/_Arrays.kt:20754
-	fun	reduceRight	ShortArray	1	public inline fun ShortArray.reduceRight(operation: (Short, acc: Short) -> Short): Short {	commonMain/generated/_Arrays.kt:20773
-	var	index	-	0	var index = lastIndex	commonMain/generated/_Arrays.kt:20774
-	var	accumulator	-	0	var accumulator = get(index--)	commonMain/generated/_Arrays.kt:20776
-	fun	reduceRight	IntArray	1	public inline fun IntArray.reduceRight(operation: (Int, acc: Int) -> Int): Int {	commonMain/generated/_Arrays.kt:20795
-	var	index	-	0	var index = lastIndex	commonMain/generated/_Arrays.kt:20796
-	var	accumulator	-	0	var accumulator = get(index--)	commonMain/generated/_Arrays.kt:20798
-	fun	reduceRight	LongArray	1	public inline fun LongArray.reduceRight(operation: (Long, acc: Long) -> Long): Long {	commonMain/generated/_Arrays.kt:20817
-	var	index	-	0	var index = lastIndex	commonMain/generated/_Arrays.kt:20818
-	var	accumulator	-	0	var accumulator = get(index--)	commonMain/generated/_Arrays.kt:20820
-	fun	reduceRight	FloatArray	1	public inline fun FloatArray.reduceRight(operation: (Float, acc: Float) -> Float): Float {	commonMain/generated/_Arrays.kt:20839
-	var	index	-	0	var index = lastIndex	commonMain/generated/_Arrays.kt:20840
-	var	accumulator	-	0	var accumulator = get(index--)	commonMain/generated/_Arrays.kt:20842
-	fun	reduceRight	DoubleArray	1	public inline fun DoubleArray.reduceRight(operation: (Double, acc: Double) -> Double): Double {	commonMain/generated/_Arrays.kt:20861
-	var	index	-	0	var index = lastIndex	commonMain/generated/_Arrays.kt:20862
-	var	accumulator	-	0	var accumulator = get(index--)	commonMain/generated/_Arrays.kt:20864
-	fun	reduceRight	BooleanArray	1	public inline fun BooleanArray.reduceRight(operation: (Boolean, acc: Boolean) -> Boolean): Boolean {	commonMain/generated/_Arrays.kt:20883
-	var	index	-	0	var index = lastIndex	commonMain/generated/_Arrays.kt:20884
-	var	accumulator	-	0	var accumulator = get(index--)	commonMain/generated/_Arrays.kt:20886
-	fun	reduceRight	CharArray	1	public inline fun CharArray.reduceRight(operation: (Char, acc: Char) -> Char): Char {	commonMain/generated/_Arrays.kt:20905
-	var	index	-	0	var index = lastIndex	commonMain/generated/_Arrays.kt:20906
-	var	accumulator	-	0	var accumulator = get(index--)	commonMain/generated/_Arrays.kt:20908
-	fun	reduceRightIndexed	-	3	public inline fun <S, T : S> Array<out T>.reduceRightIndexed(operation: (index: Int, T, acc: S) -> S): S {	commonMain/generated/_Arrays.kt:20927
-	var	index	-	0	var index = lastIndex	commonMain/generated/_Arrays.kt:20928
-	var	S	-	0	var accumulator: S = get(index--)	commonMain/generated/_Arrays.kt:20930
-	fun	reduceRightIndexed	ByteArray	2	public inline fun ByteArray.reduceRightIndexed(operation: (index: Int, Byte, acc: Byte) -> Byte): Byte {	commonMain/generated/_Arrays.kt:20950
-	var	index	-	0	var index = lastIndex	commonMain/generated/_Arrays.kt:20951
-	var	accumulator	-	0	var accumulator = get(index--)	commonMain/generated/_Arrays.kt:20953
-	fun	reduceRightIndexed	ShortArray	2	public inline fun ShortArray.reduceRightIndexed(operation: (index: Int, Short, acc: Short) -> Short): Short {	commonMain/generated/_Arrays.kt:20973
-	var	index	-	0	var index = lastIndex	commonMain/generated/_Arrays.kt:20974
-	var	accumulator	-	0	var accumulator = get(index--)	commonMain/generated/_Arrays.kt:20976
-	fun	reduceRightIndexed	IntArray	2	public inline fun IntArray.reduceRightIndexed(operation: (index: Int, Int, acc: Int) -> Int): Int {	commonMain/generated/_Arrays.kt:20996
-	var	index	-	0	var index = lastIndex	commonMain/generated/_Arrays.kt:20997
-	var	accumulator	-	0	var accumulator = get(index--)	commonMain/generated/_Arrays.kt:20999
-	fun	reduceRightIndexed	LongArray	2	public inline fun LongArray.reduceRightIndexed(operation: (index: Int, Long, acc: Long) -> Long): Long {	commonMain/generated/_Arrays.kt:21019
-	var	index	-	0	var index = lastIndex	commonMain/generated/_Arrays.kt:21020
-	var	accumulator	-	0	var accumulator = get(index--)	commonMain/generated/_Arrays.kt:21022
-	fun	reduceRightIndexed	FloatArray	2	public inline fun FloatArray.reduceRightIndexed(operation: (index: Int, Float, acc: Float) -> Float): Float {	commonMain/generated/_Arrays.kt:21042
-	var	index	-	0	var index = lastIndex	commonMain/generated/_Arrays.kt:21043
-	var	accumulator	-	0	var accumulator = get(index--)	commonMain/generated/_Arrays.kt:21045
-	fun	reduceRightIndexed	DoubleArray	2	public inline fun DoubleArray.reduceRightIndexed(operation: (index: Int, Double, acc: Double) -> Double): Double {	commonMain/generated/_Arrays.kt:21065
-	var	index	-	0	var index = lastIndex	commonMain/generated/_Arrays.kt:21066
-	var	accumulator	-	0	var accumulator = get(index--)	commonMain/generated/_Arrays.kt:21068
-	fun	reduceRightIndexed	BooleanArray	2	public inline fun BooleanArray.reduceRightIndexed(operation: (index: Int, Boolean, acc: Boolean) -> Boolean): Boolean {	commonMain/generated/_Arrays.kt:21088
-	var	index	-	0	var index = lastIndex	commonMain/generated/_Arrays.kt:21089
-	var	accumulator	-	0	var accumulator = get(index--)	commonMain/generated/_Arrays.kt:21091
-	fun	reduceRightIndexed	CharArray	2	public inline fun CharArray.reduceRightIndexed(operation: (index: Int, Char, acc: Char) -> Char): Char {	commonMain/generated/_Arrays.kt:21111
-	var	index	-	0	var index = lastIndex	commonMain/generated/_Arrays.kt:21112
-	var	accumulator	-	0	var accumulator = get(index--)	commonMain/generated/_Arrays.kt:21114
1.4	fun	reduceRightIndexedOrNull	-	3	public inline fun <S, T : S> Array<out T>.reduceRightIndexedOrNull(operation: (index: Int, T, acc: S) -> S): S? {	commonMain/generated/_Arrays.kt:21134
-	var	index	-	0	var index = lastIndex	commonMain/generated/_Arrays.kt:21135
-	var	S	-	0	var accumulator: S = get(index--)	commonMain/generated/_Arrays.kt:21137
1.4	fun	reduceRightIndexedOrNull	ByteArray	2	public inline fun ByteArray.reduceRightIndexedOrNull(operation: (index: Int, Byte, acc: Byte) -> Byte): Byte? {	commonMain/generated/_Arrays.kt:21157
-	var	index	-	0	var index = lastIndex	commonMain/generated/_Arrays.kt:21158
-	var	accumulator	-	0	var accumulator = get(index--)	commonMain/generated/_Arrays.kt:21160
1.4	fun	reduceRightIndexedOrNull	ShortArray	2	public inline fun ShortArray.reduceRightIndexedOrNull(operation: (index: Int, Short, acc: Short) -> Short): Short? {	commonMain/generated/_Arrays.kt:21180
-	var	index	-	0	var index = lastIndex	commonMain/generated/_Arrays.kt:21181
-	var	accumulator	-	0	var accumulator = get(index--)	commonMain/generated/_Arrays.kt:21183
1.4	fun	reduceRightIndexedOrNull	IntArray	2	public inline fun IntArray.reduceRightIndexedOrNull(operation: (index: Int, Int, acc: Int) -> Int): Int? {	commonMain/generated/_Arrays.kt:21203
-	var	index	-	0	var index = lastIndex	commonMain/generated/_Arrays.kt:21204
-	var	accumulator	-	0	var accumulator = get(index--)	commonMain/generated/_Arrays.kt:21206
1.4	fun	reduceRightIndexedOrNull	LongArray	2	public inline fun LongArray.reduceRightIndexedOrNull(operation: (index: Int, Long, acc: Long) -> Long): Long? {	commonMain/generated/_Arrays.kt:21226
-	var	index	-	0	var index = lastIndex	commonMain/generated/_Arrays.kt:21227
-	var	accumulator	-	0	var accumulator = get(index--)	commonMain/generated/_Arrays.kt:21229
1.4	fun	reduceRightIndexedOrNull	FloatArray	2	public inline fun FloatArray.reduceRightIndexedOrNull(operation: (index: Int, Float, acc: Float) -> Float): Float? {	commonMain/generated/_Arrays.kt:21249
-	var	index	-	0	var index = lastIndex	commonMain/generated/_Arrays.kt:21250
-	var	accumulator	-	0	var accumulator = get(index--)	commonMain/generated/_Arrays.kt:21252
1.4	fun	reduceRightIndexedOrNull	DoubleArray	2	public inline fun DoubleArray.reduceRightIndexedOrNull(operation: (index: Int, Double, acc: Double) -> Double): Double? {	commonMain/generated/_Arrays.kt:21272
-	var	index	-	0	var index = lastIndex	commonMain/generated/_Arrays.kt:21273
-	var	accumulator	-	0	var accumulator = get(index--)	commonMain/generated/_Arrays.kt:21275
1.4	fun	reduceRightIndexedOrNull	BooleanArray	2	public inline fun BooleanArray.reduceRightIndexedOrNull(operation: (index: Int, Boolean, acc: Boolean) -> Boolean): Boolean? {	commonMain/generated/_Arrays.kt:21295
-	var	index	-	0	var index = lastIndex	commonMain/generated/_Arrays.kt:21296
-	var	accumulator	-	0	var accumulator = get(index--)	commonMain/generated/_Arrays.kt:21298
1.4	fun	reduceRightIndexedOrNull	CharArray	2	public inline fun CharArray.reduceRightIndexedOrNull(operation: (index: Int, Char, acc: Char) -> Char): Char? {	commonMain/generated/_Arrays.kt:21318
-	var	index	-	0	var index = lastIndex	commonMain/generated/_Arrays.kt:21319
-	var	accumulator	-	0	var accumulator = get(index--)	commonMain/generated/_Arrays.kt:21321
1.4	fun	reduceRightOrNull	-	2	public inline fun <S, T : S> Array<out T>.reduceRightOrNull(operation: (T, acc: S) -> S): S? {	commonMain/generated/_Arrays.kt:21341
-	var	index	-	0	var index = lastIndex	commonMain/generated/_Arrays.kt:21342
-	var	S	-	0	var accumulator: S = get(index--)	commonMain/generated/_Arrays.kt:21344
1.4	fun	reduceRightOrNull	ByteArray	1	public inline fun ByteArray.reduceRightOrNull(operation: (Byte, acc: Byte) -> Byte): Byte? {	commonMain/generated/_Arrays.kt:21363
-	var	index	-	0	var index = lastIndex	commonMain/generated/_Arrays.kt:21364
-	var	accumulator	-	0	var accumulator = get(index--)	commonMain/generated/_Arrays.kt:21366
1.4	fun	reduceRightOrNull	ShortArray	1	public inline fun ShortArray.reduceRightOrNull(operation: (Short, acc: Short) -> Short): Short? {	commonMain/generated/_Arrays.kt:21385
-	var	index	-	0	var index = lastIndex	commonMain/generated/_Arrays.kt:21386
-	var	accumulator	-	0	var accumulator = get(index--)	commonMain/generated/_Arrays.kt:21388
1.4	fun	reduceRightOrNull	IntArray	1	public inline fun IntArray.reduceRightOrNull(operation: (Int, acc: Int) -> Int): Int? {	commonMain/generated/_Arrays.kt:21407
-	var	index	-	0	var index = lastIndex	commonMain/generated/_Arrays.kt:21408
-	var	accumulator	-	0	var accumulator = get(index--)	commonMain/generated/_Arrays.kt:21410
1.4	fun	reduceRightOrNull	LongArray	1	public inline fun LongArray.reduceRightOrNull(operation: (Long, acc: Long) -> Long): Long? {	commonMain/generated/_Arrays.kt:21429
-	var	index	-	0	var index = lastIndex	commonMain/generated/_Arrays.kt:21430
-	var	accumulator	-	0	var accumulator = get(index--)	commonMain/generated/_Arrays.kt:21432
1.4	fun	reduceRightOrNull	FloatArray	1	public inline fun FloatArray.reduceRightOrNull(operation: (Float, acc: Float) -> Float): Float? {	commonMain/generated/_Arrays.kt:21451
-	var	index	-	0	var index = lastIndex	commonMain/generated/_Arrays.kt:21452
-	var	accumulator	-	0	var accumulator = get(index--)	commonMain/generated/_Arrays.kt:21454
1.4	fun	reduceRightOrNull	DoubleArray	1	public inline fun DoubleArray.reduceRightOrNull(operation: (Double, acc: Double) -> Double): Double? {	commonMain/generated/_Arrays.kt:21473
-	var	index	-	0	var index = lastIndex	commonMain/generated/_Arrays.kt:21474
-	var	accumulator	-	0	var accumulator = get(index--)	commonMain/generated/_Arrays.kt:21476
1.4	fun	reduceRightOrNull	BooleanArray	1	public inline fun BooleanArray.reduceRightOrNull(operation: (Boolean, acc: Boolean) -> Boolean): Boolean? {	commonMain/generated/_Arrays.kt:21495
-	var	index	-	0	var index = lastIndex	commonMain/generated/_Arrays.kt:21496
-	var	accumulator	-	0	var accumulator = get(index--)	commonMain/generated/_Arrays.kt:21498
1.4	fun	reduceRightOrNull	CharArray	1	public inline fun CharArray.reduceRightOrNull(operation: (Char, acc: Char) -> Char): Char? {	commonMain/generated/_Arrays.kt:21517
-	var	index	-	0	var index = lastIndex	commonMain/generated/_Arrays.kt:21518
-	var	accumulator	-	0	var accumulator = get(index--)	commonMain/generated/_Arrays.kt:21520
1.4	fun	runningFold	-	3	public inline fun <T, R> Array<out T>.runningFold(initial: R, operation: (acc: R, T) -> R): List<R> {	commonMain/generated/_Arrays.kt:21539
-	val	result	-	0	val result = ArrayList<R>(size + 1).apply { add(initial) }	commonMain/generated/_Arrays.kt:21541
-	var	accumulator	-	0	var accumulator = initial	commonMain/generated/_Arrays.kt:21542
1.4	fun	runningFold	ByteArray	2	public inline fun <R> ByteArray.runningFold(initial: R, operation: (acc: R, Byte) -> R): List<R> {	commonMain/generated/_Arrays.kt:21563
-	val	result	-	0	val result = ArrayList<R>(size + 1).apply { add(initial) }	commonMain/generated/_Arrays.kt:21565
-	var	accumulator	-	0	var accumulator = initial	commonMain/generated/_Arrays.kt:21566
1.4	fun	runningFold	ShortArray	2	public inline fun <R> ShortArray.runningFold(initial: R, operation: (acc: R, Short) -> R): List<R> {	commonMain/generated/_Arrays.kt:21587
-	val	result	-	0	val result = ArrayList<R>(size + 1).apply { add(initial) }	commonMain/generated/_Arrays.kt:21589
-	var	accumulator	-	0	var accumulator = initial	commonMain/generated/_Arrays.kt:21590
1.4	fun	runningFold	IntArray	2	public inline fun <R> IntArray.runningFold(initial: R, operation: (acc: R, Int) -> R): List<R> {	commonMain/generated/_Arrays.kt:21611
-	val	result	-	0	val result = ArrayList<R>(size + 1).apply { add(initial) }	commonMain/generated/_Arrays.kt:21613
-	var	accumulator	-	0	var accumulator = initial	commonMain/generated/_Arrays.kt:21614
1.4	fun	runningFold	LongArray	2	public inline fun <R> LongArray.runningFold(initial: R, operation: (acc: R, Long) -> R): List<R> {	commonMain/generated/_Arrays.kt:21635
-	val	result	-	0	val result = ArrayList<R>(size + 1).apply { add(initial) }	commonMain/generated/_Arrays.kt:21637
-	var	accumulator	-	0	var accumulator = initial	commonMain/generated/_Arrays.kt:21638
1.4	fun	runningFold	FloatArray	2	public inline fun <R> FloatArray.runningFold(initial: R, operation: (acc: R, Float) -> R): List<R> {	commonMain/generated/_Arrays.kt:21659
-	val	result	-	0	val result = ArrayList<R>(size + 1).apply { add(initial) }	commonMain/generated/_Arrays.kt:21661
-	var	accumulator	-	0	var accumulator = initial	commonMain/generated/_Arrays.kt:21662
1.4	fun	runningFold	DoubleArray	2	public inline fun <R> DoubleArray.runningFold(initial: R, operation: (acc: R, Double) -> R): List<R> {	commonMain/generated/_Arrays.kt:21683
-	val	result	-	0	val result = ArrayList<R>(size + 1).apply { add(initial) }	commonMain/generated/_Arrays.kt:21685
-	var	accumulator	-	0	var accumulator = initial	commonMain/generated/_Arrays.kt:21686
1.4	fun	runningFold	BooleanArray	2	public inline fun <R> BooleanArray.runningFold(initial: R, operation: (acc: R, Boolean) -> R): List<R> {	commonMain/generated/_Arrays.kt:21707
-	val	result	-	0	val result = ArrayList<R>(size + 1).apply { add(initial) }	commonMain/generated/_Arrays.kt:21709
-	var	accumulator	-	0	var accumulator = initial	commonMain/generated/_Arrays.kt:21710
1.4	fun	runningFold	CharArray	2	public inline fun <R> CharArray.runningFold(initial: R, operation: (acc: R, Char) -> R): List<R> {	commonMain/generated/_Arrays.kt:21731
-	val	result	-	0	val result = ArrayList<R>(size + 1).apply { add(initial) }	commonMain/generated/_Arrays.kt:21733
-	var	accumulator	-	0	var accumulator = initial	commonMain/generated/_Arrays.kt:21734
1.4	fun	runningFoldIndexed	-	4	public inline fun <T, R> Array<out T>.runningFoldIndexed(initial: R, operation: (index: Int, acc: R, T) -> R): List<R> {	commonMain/generated/_Arrays.kt:21755
-	val	result	-	0	val result = ArrayList<R>(size + 1).apply { add(initial) }	commonMain/generated/_Arrays.kt:21757
-	var	accumulator	-	0	var accumulator = initial	commonMain/generated/_Arrays.kt:21758
1.4	fun	runningFoldIndexed	ByteArray	3	public inline fun <R> ByteArray.runningFoldIndexed(initial: R, operation: (index: Int, acc: R, Byte) -> R): List<R> {	commonMain/generated/_Arrays.kt:21780
-	val	result	-	0	val result = ArrayList<R>(size + 1).apply { add(initial) }	commonMain/generated/_Arrays.kt:21782
-	var	accumulator	-	0	var accumulator = initial	commonMain/generated/_Arrays.kt:21783
1.4	fun	runningFoldIndexed	ShortArray	3	public inline fun <R> ShortArray.runningFoldIndexed(initial: R, operation: (index: Int, acc: R, Short) -> R): List<R> {	commonMain/generated/_Arrays.kt:21805
-	val	result	-	0	val result = ArrayList<R>(size + 1).apply { add(initial) }	commonMain/generated/_Arrays.kt:21807
-	var	accumulator	-	0	var accumulator = initial	commonMain/generated/_Arrays.kt:21808
1.4	fun	runningFoldIndexed	IntArray	3	public inline fun <R> IntArray.runningFoldIndexed(initial: R, operation: (index: Int, acc: R, Int) -> R): List<R> {	commonMain/generated/_Arrays.kt:21830
-	val	result	-	0	val result = ArrayList<R>(size + 1).apply { add(initial) }	commonMain/generated/_Arrays.kt:21832
-	var	accumulator	-	0	var accumulator = initial	commonMain/generated/_Arrays.kt:21833
1.4	fun	runningFoldIndexed	LongArray	3	public inline fun <R> LongArray.runningFoldIndexed(initial: R, operation: (index: Int, acc: R, Long) -> R): List<R> {	commonMain/generated/_Arrays.kt:21855
-	val	result	-	0	val result = ArrayList<R>(size + 1).apply { add(initial) }	commonMain/generated/_Arrays.kt:21857
-	var	accumulator	-	0	var accumulator = initial	commonMain/generated/_Arrays.kt:21858
1.4	fun	runningFoldIndexed	FloatArray	3	public inline fun <R> FloatArray.runningFoldIndexed(initial: R, operation: (index: Int, acc: R, Float) -> R): List<R> {	commonMain/generated/_Arrays.kt:21880
-	val	result	-	0	val result = ArrayList<R>(size + 1).apply { add(initial) }	commonMain/generated/_Arrays.kt:21882
-	var	accumulator	-	0	var accumulator = initial	commonMain/generated/_Arrays.kt:21883
1.4	fun	runningFoldIndexed	DoubleArray	3	public inline fun <R> DoubleArray.runningFoldIndexed(initial: R, operation: (index: Int, acc: R, Double) -> R): List<R> {	commonMain/generated/_Arrays.kt:21905
-	val	result	-	0	val result = ArrayList<R>(size + 1).apply { add(initial) }	commonMain/generated/_Arrays.kt:21907
-	var	accumulator	-	0	var accumulator = initial	commonMain/generated/_Arrays.kt:21908
1.4	fun	runningFoldIndexed	BooleanArray	3	public inline fun <R> BooleanArray.runningFoldIndexed(initial: R, operation: (index: Int, acc: R, Boolean) -> R): List<R> {	commonMain/generated/_Arrays.kt:21930
-	val	result	-	0	val result = ArrayList<R>(size + 1).apply { add(initial) }	commonMain/generated/_Arrays.kt:21932
-	var	accumulator	-	0	var accumulator = initial	commonMain/generated/_Arrays.kt:21933
1.4	fun	runningFoldIndexed	CharArray	3	public inline fun <R> CharArray.runningFoldIndexed(initial: R, operation: (index: Int, acc: R, Char) -> R): List<R> {	commonMain/generated/_Arrays.kt:21955
-	val	result	-	0	val result = ArrayList<R>(size + 1).apply { add(initial) }	commonMain/generated/_Arrays.kt:21957
-	var	accumulator	-	0	var accumulator = initial	commonMain/generated/_Arrays.kt:21958
1.4	fun	runningReduce	-	2	public inline fun <S, T : S> Array<out T>.runningReduce(operation: (acc: S, T) -> S): List<S> {	commonMain/generated/_Arrays.kt:21978
-	var	S	-	0	var accumulator: S = this[0]	commonMain/generated/_Arrays.kt:21980
-	val	result	-	0	val result = ArrayList<S>(size).apply { add(accumulator) }	commonMain/generated/_Arrays.kt:21981
1.4	fun	runningReduce	ByteArray	1	public inline fun ByteArray.runningReduce(operation: (acc: Byte, Byte) -> Byte): List<Byte> {	commonMain/generated/_Arrays.kt:21999
-	var	accumulator	-	0	var accumulator = this[0]	commonMain/generated/_Arrays.kt:22001
-	val	result	-	0	val result = ArrayList<Byte>(size).apply { add(accumulator) }	commonMain/generated/_Arrays.kt:22002
1.4	fun	runningReduce	ShortArray	1	public inline fun ShortArray.runningReduce(operation: (acc: Short, Short) -> Short): List<Short> {	commonMain/generated/_Arrays.kt:22020
-	var	accumulator	-	0	var accumulator = this[0]	commonMain/generated/_Arrays.kt:22022
-	val	result	-	0	val result = ArrayList<Short>(size).apply { add(accumulator) }	commonMain/generated/_Arrays.kt:22023
1.4	fun	runningReduce	IntArray	1	public inline fun IntArray.runningReduce(operation: (acc: Int, Int) -> Int): List<Int> {	commonMain/generated/_Arrays.kt:22041
-	var	accumulator	-	0	var accumulator = this[0]	commonMain/generated/_Arrays.kt:22043
-	val	result	-	0	val result = ArrayList<Int>(size).apply { add(accumulator) }	commonMain/generated/_Arrays.kt:22044
1.4	fun	runningReduce	LongArray	1	public inline fun LongArray.runningReduce(operation: (acc: Long, Long) -> Long): List<Long> {	commonMain/generated/_Arrays.kt:22062
-	var	accumulator	-	0	var accumulator = this[0]	commonMain/generated/_Arrays.kt:22064
-	val	result	-	0	val result = ArrayList<Long>(size).apply { add(accumulator) }	commonMain/generated/_Arrays.kt:22065
1.4	fun	runningReduce	FloatArray	1	public inline fun FloatArray.runningReduce(operation: (acc: Float, Float) -> Float): List<Float> {	commonMain/generated/_Arrays.kt:22083
-	var	accumulator	-	0	var accumulator = this[0]	commonMain/generated/_Arrays.kt:22085
-	val	result	-	0	val result = ArrayList<Float>(size).apply { add(accumulator) }	commonMain/generated/_Arrays.kt:22086
1.4	fun	runningReduce	DoubleArray	1	public inline fun DoubleArray.runningReduce(operation: (acc: Double, Double) -> Double): List<Double> {	commonMain/generated/_Arrays.kt:22104
-	var	accumulator	-	0	var accumulator = this[0]	commonMain/generated/_Arrays.kt:22106
-	val	result	-	0	val result = ArrayList<Double>(size).apply { add(accumulator) }	commonMain/generated/_Arrays.kt:22107
1.4	fun	runningReduce	BooleanArray	1	public inline fun BooleanArray.runningReduce(operation: (acc: Boolean, Boolean) -> Boolean): List<Boolean> {	commonMain/generated/_Arrays.kt:22125
-	var	accumulator	-	0	var accumulator = this[0]	commonMain/generated/_Arrays.kt:22127
-	val	result	-	0	val result = ArrayList<Boolean>(size).apply { add(accumulator) }	commonMain/generated/_Arrays.kt:22128
1.4	fun	runningReduce	CharArray	1	public inline fun CharArray.runningReduce(operation: (acc: Char, Char) -> Char): List<Char> {	commonMain/generated/_Arrays.kt:22146
-	var	accumulator	-	0	var accumulator = this[0]	commonMain/generated/_Arrays.kt:22148
-	val	result	-	0	val result = ArrayList<Char>(size).apply { add(accumulator) }	commonMain/generated/_Arrays.kt:22149
1.4	fun	runningReduceIndexed	-	3	public inline fun <S, T : S> Array<out T>.runningReduceIndexed(operation: (index: Int, acc: S, T) -> S): List<S> {	commonMain/generated/_Arrays.kt:22170
-	var	S	-	0	var accumulator: S = this[0]	commonMain/generated/_Arrays.kt:22172
-	val	result	-	0	val result = ArrayList<S>(size).apply { add(accumulator) }	commonMain/generated/_Arrays.kt:22173
1.4	fun	runningReduceIndexed	ByteArray	2	public inline fun ByteArray.runningReduceIndexed(operation: (index: Int, acc: Byte, Byte) -> Byte): List<Byte> {	commonMain/generated/_Arrays.kt:22192
-	var	accumulator	-	0	var accumulator = this[0]	commonMain/generated/_Arrays.kt:22194
-	val	result	-	0	val result = ArrayList<Byte>(size).apply { add(accumulator) }	commonMain/generated/_Arrays.kt:22195
1.4	fun	runningReduceIndexed	ShortArray	2	public inline fun ShortArray.runningReduceIndexed(operation: (index: Int, acc: Short, Short) -> Short): List<Short> {	commonMain/generated/_Arrays.kt:22214
-	var	accumulator	-	0	var accumulator = this[0]	commonMain/generated/_Arrays.kt:22216
-	val	result	-	0	val result = ArrayList<Short>(size).apply { add(accumulator) }	commonMain/generated/_Arrays.kt:22217
1.4	fun	runningReduceIndexed	IntArray	2	public inline fun IntArray.runningReduceIndexed(operation: (index: Int, acc: Int, Int) -> Int): List<Int> {	commonMain/generated/_Arrays.kt:22236
-	var	accumulator	-	0	var accumulator = this[0]	commonMain/generated/_Arrays.kt:22238
-	val	result	-	0	val result = ArrayList<Int>(size).apply { add(accumulator) }	commonMain/generated/_Arrays.kt:22239
1.4	fun	runningReduceIndexed	LongArray	2	public inline fun LongArray.runningReduceIndexed(operation: (index: Int, acc: Long, Long) -> Long): List<Long> {	commonMain/generated/_Arrays.kt:22258
-	var	accumulator	-	0	var accumulator = this[0]	commonMain/generated/_Arrays.kt:22260
-	val	result	-	0	val result = ArrayList<Long>(size).apply { add(accumulator) }	commonMain/generated/_Arrays.kt:22261
1.4	fun	runningReduceIndexed	FloatArray	2	public inline fun FloatArray.runningReduceIndexed(operation: (index: Int, acc: Float, Float) -> Float): List<Float> {	commonMain/generated/_Arrays.kt:22280
-	var	accumulator	-	0	var accumulator = this[0]	commonMain/generated/_Arrays.kt:22282
-	val	result	-	0	val result = ArrayList<Float>(size).apply { add(accumulator) }	commonMain/generated/_Arrays.kt:22283
1.4	fun	runningReduceIndexed	DoubleArray	2	public inline fun DoubleArray.runningReduceIndexed(operation: (index: Int, acc: Double, Double) -> Double): List<Double> {	commonMain/generated/_Arrays.kt:22302
-	var	accumulator	-	0	var accumulator = this[0]	commonMain/generated/_Arrays.kt:22304
-	val	result	-	0	val result = ArrayList<Double>(size).apply { add(accumulator) }	commonMain/generated/_Arrays.kt:22305
1.4	fun	runningReduceIndexed	BooleanArray	2	public inline fun BooleanArray.runningReduceIndexed(operation: (index: Int, acc: Boolean, Boolean) -> Boolean): List<Boolean> {	commonMain/generated/_Arrays.kt:22324
-	var	accumulator	-	0	var accumulator = this[0]	commonMain/generated/_Arrays.kt:22326
-	val	result	-	0	val result = ArrayList<Boolean>(size).apply { add(accumulator) }	commonMain/generated/_Arrays.kt:22327
1.4	fun	runningReduceIndexed	CharArray	2	public inline fun CharArray.runningReduceIndexed(operation: (index: Int, acc: Char, Char) -> Char): List<Char> {	commonMain/generated/_Arrays.kt:22346
-	var	accumulator	-	0	var accumulator = this[0]	commonMain/generated/_Arrays.kt:22348
-	val	result	-	0	val result = ArrayList<Char>(size).apply { add(accumulator) }	commonMain/generated/_Arrays.kt:22349
1.4	fun	scan	-	3	public inline fun <T, R> Array<out T>.scan(initial: R, operation: (acc: R, T) -> R): List<R> {	commonMain/generated/_Arrays.kt:22369
1.4	fun	scan	ByteArray	2	public inline fun <R> ByteArray.scan(initial: R, operation: (acc: R, Byte) -> R): List<R> {	commonMain/generated/_Arrays.kt:22386
1.4	fun	scan	ShortArray	2	public inline fun <R> ShortArray.scan(initial: R, operation: (acc: R, Short) -> R): List<R> {	commonMain/generated/_Arrays.kt:22403
1.4	fun	scan	IntArray	2	public inline fun <R> IntArray.scan(initial: R, operation: (acc: R, Int) -> R): List<R> {	commonMain/generated/_Arrays.kt:22420
1.4	fun	scan	LongArray	2	public inline fun <R> LongArray.scan(initial: R, operation: (acc: R, Long) -> R): List<R> {	commonMain/generated/_Arrays.kt:22437
1.4	fun	scan	FloatArray	2	public inline fun <R> FloatArray.scan(initial: R, operation: (acc: R, Float) -> R): List<R> {	commonMain/generated/_Arrays.kt:22454
1.4	fun	scan	DoubleArray	2	public inline fun <R> DoubleArray.scan(initial: R, operation: (acc: R, Double) -> R): List<R> {	commonMain/generated/_Arrays.kt:22471
1.4	fun	scan	BooleanArray	2	public inline fun <R> BooleanArray.scan(initial: R, operation: (acc: R, Boolean) -> R): List<R> {	commonMain/generated/_Arrays.kt:22488
1.4	fun	scan	CharArray	2	public inline fun <R> CharArray.scan(initial: R, operation: (acc: R, Char) -> R): List<R> {	commonMain/generated/_Arrays.kt:22505
1.4	fun	scanIndexed	-	4	public inline fun <T, R> Array<out T>.scanIndexed(initial: R, operation: (index: Int, acc: R, T) -> R): List<R> {	commonMain/generated/_Arrays.kt:22522
1.4	fun	scanIndexed	ByteArray	3	public inline fun <R> ByteArray.scanIndexed(initial: R, operation: (index: Int, acc: R, Byte) -> R): List<R> {	commonMain/generated/_Arrays.kt:22540
1.4	fun	scanIndexed	ShortArray	3	public inline fun <R> ShortArray.scanIndexed(initial: R, operation: (index: Int, acc: R, Short) -> R): List<R> {	commonMain/generated/_Arrays.kt:22558
1.4	fun	scanIndexed	IntArray	3	public inline fun <R> IntArray.scanIndexed(initial: R, operation: (index: Int, acc: R, Int) -> R): List<R> {	commonMain/generated/_Arrays.kt:22576
1.4	fun	scanIndexed	LongArray	3	public inline fun <R> LongArray.scanIndexed(initial: R, operation: (index: Int, acc: R, Long) -> R): List<R> {	commonMain/generated/_Arrays.kt:22594
1.4	fun	scanIndexed	FloatArray	3	public inline fun <R> FloatArray.scanIndexed(initial: R, operation: (index: Int, acc: R, Float) -> R): List<R> {	commonMain/generated/_Arrays.kt:22612
1.4	fun	scanIndexed	DoubleArray	3	public inline fun <R> DoubleArray.scanIndexed(initial: R, operation: (index: Int, acc: R, Double) -> R): List<R> {	commonMain/generated/_Arrays.kt:22630
1.4	fun	scanIndexed	BooleanArray	3	public inline fun <R> BooleanArray.scanIndexed(initial: R, operation: (index: Int, acc: R, Boolean) -> R): List<R> {	commonMain/generated/_Arrays.kt:22648
1.4	fun	scanIndexed	CharArray	3	public inline fun <R> CharArray.scanIndexed(initial: R, operation: (index: Int, acc: R, Char) -> R): List<R> {	commonMain/generated/_Arrays.kt:22666
-	fun	sumBy	-	0	public inline fun <T> Array<out T>.sumBy(selector: (T) -> Int): Int {	commonMain/generated/_Arrays.kt:22675
-	var	Int	-	0	var sum: Int = 0	commonMain/generated/_Arrays.kt:22676
-	fun	sumBy	ByteArray	0	public inline fun ByteArray.sumBy(selector: (Byte) -> Int): Int {	commonMain/generated/_Arrays.kt:22688
-	var	Int	-	0	var sum: Int = 0	commonMain/generated/_Arrays.kt:22689
-	fun	sumBy	ShortArray	0	public inline fun ShortArray.sumBy(selector: (Short) -> Int): Int {	commonMain/generated/_Arrays.kt:22701
-	var	Int	-	0	var sum: Int = 0	commonMain/generated/_Arrays.kt:22702
-	fun	sumBy	IntArray	0	public inline fun IntArray.sumBy(selector: (Int) -> Int): Int {	commonMain/generated/_Arrays.kt:22714
-	var	Int	-	0	var sum: Int = 0	commonMain/generated/_Arrays.kt:22715
-	fun	sumBy	LongArray	0	public inline fun LongArray.sumBy(selector: (Long) -> Int): Int {	commonMain/generated/_Arrays.kt:22727
-	var	Int	-	0	var sum: Int = 0	commonMain/generated/_Arrays.kt:22728
-	fun	sumBy	FloatArray	0	public inline fun FloatArray.sumBy(selector: (Float) -> Int): Int {	commonMain/generated/_Arrays.kt:22740
-	var	Int	-	0	var sum: Int = 0	commonMain/generated/_Arrays.kt:22741
-	fun	sumBy	DoubleArray	0	public inline fun DoubleArray.sumBy(selector: (Double) -> Int): Int {	commonMain/generated/_Arrays.kt:22753
-	var	Int	-	0	var sum: Int = 0	commonMain/generated/_Arrays.kt:22754
-	fun	sumBy	BooleanArray	0	public inline fun BooleanArray.sumBy(selector: (Boolean) -> Int): Int {	commonMain/generated/_Arrays.kt:22766
-	var	Int	-	0	var sum: Int = 0	commonMain/generated/_Arrays.kt:22767
-	fun	sumBy	CharArray	0	public inline fun CharArray.sumBy(selector: (Char) -> Int): Int {	commonMain/generated/_Arrays.kt:22779
-	var	Int	-	0	var sum: Int = 0	commonMain/generated/_Arrays.kt:22780
-	fun	sumByDouble	-	0	public inline fun <T> Array<out T>.sumByDouble(selector: (T) -> Double): Double {	commonMain/generated/_Arrays.kt:22792
-	var	Double	-	0	var sum: Double = 0.0	commonMain/generated/_Arrays.kt:22793
-	fun	sumByDouble	ByteArray	0	public inline fun ByteArray.sumByDouble(selector: (Byte) -> Double): Double {	commonMain/generated/_Arrays.kt:22805
-	var	Double	-	0	var sum: Double = 0.0	commonMain/generated/_Arrays.kt:22806
-	fun	sumByDouble	ShortArray	0	public inline fun ShortArray.sumByDouble(selector: (Short) -> Double): Double {	commonMain/generated/_Arrays.kt:22818
-	var	Double	-	0	var sum: Double = 0.0	commonMain/generated/_Arrays.kt:22819
-	fun	sumByDouble	IntArray	0	public inline fun IntArray.sumByDouble(selector: (Int) -> Double): Double {	commonMain/generated/_Arrays.kt:22831
-	var	Double	-	0	var sum: Double = 0.0	commonMain/generated/_Arrays.kt:22832
-	fun	sumByDouble	LongArray	0	public inline fun LongArray.sumByDouble(selector: (Long) -> Double): Double {	commonMain/generated/_Arrays.kt:22844
-	var	Double	-	0	var sum: Double = 0.0	commonMain/generated/_Arrays.kt:22845
-	fun	sumByDouble	FloatArray	0	public inline fun FloatArray.sumByDouble(selector: (Float) -> Double): Double {	commonMain/generated/_Arrays.kt:22857
-	var	Double	-	0	var sum: Double = 0.0	commonMain/generated/_Arrays.kt:22858
-	fun	sumByDouble	DoubleArray	0	public inline fun DoubleArray.sumByDouble(selector: (Double) -> Double): Double {	commonMain/generated/_Arrays.kt:22870
-	var	Double	-	0	var sum: Double = 0.0	commonMain/generated/_Arrays.kt:22871
-	fun	sumByDouble	BooleanArray	0	public inline fun BooleanArray.sumByDouble(selector: (Boolean) -> Double): Double {	commonMain/generated/_Arrays.kt:22883
-	var	Double	-	0	var sum: Double = 0.0	commonMain/generated/_Arrays.kt:22884
-	fun	sumByDouble	CharArray	0	public inline fun CharArray.sumByDouble(selector: (Char) -> Double): Double {	commonMain/generated/_Arrays.kt:22896
-	var	Double	-	0	var sum: Double = 0.0	commonMain/generated/_Arrays.kt:22897
1.4	fun	sumOf	-	0	public inline fun <T> Array<out T>.sumOf(selector: (T) -> Double): Double {	commonMain/generated/_Arrays.kt:22912
-	var	Double	-	0	var sum: Double = 0.toDouble()	commonMain/generated/_Arrays.kt:22913
1.4	fun	sumOf	ByteArray	0	public inline fun ByteArray.sumOf(selector: (Byte) -> Double): Double {	commonMain/generated/_Arrays.kt:22928
-	var	Double	-	0	var sum: Double = 0.toDouble()	commonMain/generated/_Arrays.kt:22929
1.4	fun	sumOf	ShortArray	0	public inline fun ShortArray.sumOf(selector: (Short) -> Double): Double {	commonMain/generated/_Arrays.kt:22944
-	var	Double	-	0	var sum: Double = 0.toDouble()	commonMain/generated/_Arrays.kt:22945
1.4	fun	sumOf	IntArray	0	public inline fun IntArray.sumOf(selector: (Int) -> Double): Double {	commonMain/generated/_Arrays.kt:22960
-	var	Double	-	0	var sum: Double = 0.toDouble()	commonMain/generated/_Arrays.kt:22961
1.4	fun	sumOf	LongArray	0	public inline fun LongArray.sumOf(selector: (Long) -> Double): Double {	commonMain/generated/_Arrays.kt:22976
-	var	Double	-	0	var sum: Double = 0.toDouble()	commonMain/generated/_Arrays.kt:22977
1.4	fun	sumOf	FloatArray	0	public inline fun FloatArray.sumOf(selector: (Float) -> Double): Double {	commonMain/generated/_Arrays.kt:22992
-	var	Double	-	0	var sum: Double = 0.toDouble()	commonMain/generated/_Arrays.kt:22993
1.4	fun	sumOf	DoubleArray	0	public inline fun DoubleArray.sumOf(selector: (Double) -> Double): Double {	commonMain/generated/_Arrays.kt:23008
-	var	Double	-	0	var sum: Double = 0.toDouble()	commonMain/generated/_Arrays.kt:23009
1.4	fun	sumOf	BooleanArray	0	public inline fun BooleanArray.sumOf(selector: (Boolean) -> Double): Double {	commonMain/generated/_Arrays.kt:23024
-	var	Double	-	0	var sum: Double = 0.toDouble()	commonMain/generated/_Arrays.kt:23025
1.4	fun	sumOf	CharArray	0	public inline fun CharArray.sumOf(selector: (Char) -> Double): Double {	commonMain/generated/_Arrays.kt:23040
-	var	Double	-	0	var sum: Double = 0.toDouble()	commonMain/generated/_Arrays.kt:23041
1.4	fun	sumOf	-	0	public inline fun <T> Array<out T>.sumOf(selector: (T) -> Int): Int {	commonMain/generated/_Arrays.kt:23054
-	var	Int	-	0	var sum: Int = 0.toInt()	commonMain/generated/_Arrays.kt:23055
1.4	fun	sumOf	ByteArray	0	public inline fun ByteArray.sumOf(selector: (Byte) -> Int): Int {	commonMain/generated/_Arrays.kt:23068
-	var	Int	-	0	var sum: Int = 0.toInt()	commonMain/generated/_Arrays.kt:23069
1.4	fun	sumOf	ShortArray	0	public inline fun ShortArray.sumOf(selector: (Short) -> Int): Int {	commonMain/generated/_Arrays.kt:23082
-	var	Int	-	0	var sum: Int = 0.toInt()	commonMain/generated/_Arrays.kt:23083
1.4	fun	sumOf	IntArray	0	public inline fun IntArray.sumOf(selector: (Int) -> Int): Int {	commonMain/generated/_Arrays.kt:23096
-	var	Int	-	0	var sum: Int = 0.toInt()	commonMain/generated/_Arrays.kt:23097
1.4	fun	sumOf	LongArray	0	public inline fun LongArray.sumOf(selector: (Long) -> Int): Int {	commonMain/generated/_Arrays.kt:23110
-	var	Int	-	0	var sum: Int = 0.toInt()	commonMain/generated/_Arrays.kt:23111
1.4	fun	sumOf	FloatArray	0	public inline fun FloatArray.sumOf(selector: (Float) -> Int): Int {	commonMain/generated/_Arrays.kt:23124
-	var	Int	-	0	var sum: Int = 0.toInt()	commonMain/generated/_Arrays.kt:23125
1.4	fun	sumOf	DoubleArray	0	public inline fun DoubleArray.sumOf(selector: (Double) -> Int): Int {	commonMain/generated/_Arrays.kt:23138
-	var	Int	-	0	var sum: Int = 0.toInt()	commonMain/generated/_Arrays.kt:23139
1.4	fun	sumOf	BooleanArray	0	public inline fun BooleanArray.sumOf(selector: (Boolean) -> Int): Int {	commonMain/generated/_Arrays.kt:23152
-	var	Int	-	0	var sum: Int = 0.toInt()	commonMain/generated/_Arrays.kt:23153
1.4	fun	sumOf	CharArray	0	public inline fun CharArray.sumOf(selector: (Char) -> Int): Int {	commonMain/generated/_Arrays.kt:23166
-	var	Int	-	0	var sum: Int = 0.toInt()	commonMain/generated/_Arrays.kt:23167
1.4	fun	sumOf	-	0	public inline fun <T> Array<out T>.sumOf(selector: (T) -> Long): Long {	commonMain/generated/_Arrays.kt:23182
-	var	Long	-	0	var sum: Long = 0.toLong()	commonMain/generated/_Arrays.kt:23183
1.4	fun	sumOf	ByteArray	0	public inline fun ByteArray.sumOf(selector: (Byte) -> Long): Long {	commonMain/generated/_Arrays.kt:23198
-	var	Long	-	0	var sum: Long = 0.toLong()	commonMain/generated/_Arrays.kt:23199
1.4	fun	sumOf	ShortArray	0	public inline fun ShortArray.sumOf(selector: (Short) -> Long): Long {	commonMain/generated/_Arrays.kt:23214
-	var	Long	-	0	var sum: Long = 0.toLong()	commonMain/generated/_Arrays.kt:23215
1.4	fun	sumOf	IntArray	0	public inline fun IntArray.sumOf(selector: (Int) -> Long): Long {	commonMain/generated/_Arrays.kt:23230
-	var	Long	-	0	var sum: Long = 0.toLong()	commonMain/generated/_Arrays.kt:23231
1.4	fun	sumOf	LongArray	0	public inline fun LongArray.sumOf(selector: (Long) -> Long): Long {	commonMain/generated/_Arrays.kt:23246
-	var	Long	-	0	var sum: Long = 0.toLong()	commonMain/generated/_Arrays.kt:23247
1.4	fun	sumOf	FloatArray	0	public inline fun FloatArray.sumOf(selector: (Float) -> Long): Long {	commonMain/generated/_Arrays.kt:23262
-	var	Long	-	0	var sum: Long = 0.toLong()	commonMain/generated/_Arrays.kt:23263
1.4	fun	sumOf	DoubleArray	0	public inline fun DoubleArray.sumOf(selector: (Double) -> Long): Long {	commonMain/generated/_Arrays.kt:23278
-	var	Long	-	0	var sum: Long = 0.toLong()	commonMain/generated/_Arrays.kt:23279
1.4	fun	sumOf	BooleanArray	0	public inline fun BooleanArray.sumOf(selector: (Boolean) -> Long): Long {	commonMain/generated/_Arrays.kt:23294
-	var	Long	-	0	var sum: Long = 0.toLong()	commonMain/generated/_Arrays.kt:23295
1.4	fun	sumOf	CharArray	0	public inline fun CharArray.sumOf(selector: (Char) -> Long): Long {	commonMain/generated/_Arrays.kt:23310
-	var	Long	-	0	var sum: Long = 0.toLong()	commonMain/generated/_Arrays.kt:23311
1.5	fun	sumOf	-	0	public inline fun <T> Array<out T>.sumOf(selector: (T) -> UInt): UInt {	commonMain/generated/_Arrays.kt:23324
-	var	UInt	-	0	var sum: UInt = 0.toUInt()	commonMain/generated/_Arrays.kt:23325
1.5	fun	sumOf	ByteArray	0	public inline fun ByteArray.sumOf(selector: (Byte) -> UInt): UInt {	commonMain/generated/_Arrays.kt:23338
-	var	UInt	-	0	var sum: UInt = 0.toUInt()	commonMain/generated/_Arrays.kt:23339
1.5	fun	sumOf	ShortArray	0	public inline fun ShortArray.sumOf(selector: (Short) -> UInt): UInt {	commonMain/generated/_Arrays.kt:23352
-	var	UInt	-	0	var sum: UInt = 0.toUInt()	commonMain/generated/_Arrays.kt:23353
1.5	fun	sumOf	IntArray	0	public inline fun IntArray.sumOf(selector: (Int) -> UInt): UInt {	commonMain/generated/_Arrays.kt:23366
-	var	UInt	-	0	var sum: UInt = 0.toUInt()	commonMain/generated/_Arrays.kt:23367
1.5	fun	sumOf	LongArray	0	public inline fun LongArray.sumOf(selector: (Long) -> UInt): UInt {	commonMain/generated/_Arrays.kt:23380
-	var	UInt	-	0	var sum: UInt = 0.toUInt()	commonMain/generated/_Arrays.kt:23381
1.5	fun	sumOf	FloatArray	0	public inline fun FloatArray.sumOf(selector: (Float) -> UInt): UInt {	commonMain/generated/_Arrays.kt:23394
-	var	UInt	-	0	var sum: UInt = 0.toUInt()	commonMain/generated/_Arrays.kt:23395
1.5	fun	sumOf	DoubleArray	0	public inline fun DoubleArray.sumOf(selector: (Double) -> UInt): UInt {	commonMain/generated/_Arrays.kt:23408
-	var	UInt	-	0	var sum: UInt = 0.toUInt()	commonMain/generated/_Arrays.kt:23409
1.5	fun	sumOf	BooleanArray	0	public inline fun BooleanArray.sumOf(selector: (Boolean) -> UInt): UInt {	commonMain/generated/_Arrays.kt:23422
-	var	UInt	-	0	var sum: UInt = 0.toUInt()	commonMain/generated/_Arrays.kt:23423
1.5	fun	sumOf	CharArray	0	public inline fun CharArray.sumOf(selector: (Char) -> UInt): UInt {	commonMain/generated/_Arrays.kt:23436
-	var	UInt	-	0	var sum: UInt = 0.toUInt()	commonMain/generated/_Arrays.kt:23437
1.5	fun	sumOf	-	0	public inline fun <T> Array<out T>.sumOf(selector: (T) -> ULong): ULong {	commonMain/generated/_Arrays.kt:23452
-	var	ULong	-	0	var sum: ULong = 0.toULong()	commonMain/generated/_Arrays.kt:23453
1.5	fun	sumOf	ByteArray	0	public inline fun ByteArray.sumOf(selector: (Byte) -> ULong): ULong {	commonMain/generated/_Arrays.kt:23468
-	var	ULong	-	0	var sum: ULong = 0.toULong()	commonMain/generated/_Arrays.kt:23469
1.5	fun	sumOf	ShortArray	0	public inline fun ShortArray.sumOf(selector: (Short) -> ULong): ULong {	commonMain/generated/_Arrays.kt:23484
-	var	ULong	-	0	var sum: ULong = 0.toULong()	commonMain/generated/_Arrays.kt:23485
1.5	fun	sumOf	IntArray	0	public inline fun IntArray.sumOf(selector: (Int) -> ULong): ULong {	commonMain/generated/_Arrays.kt:23500
-	var	ULong	-	0	var sum: ULong = 0.toULong()	commonMain/generated/_Arrays.kt:23501
1.5	fun	sumOf	LongArray	0	public inline fun LongArray.sumOf(selector: (Long) -> ULong): ULong {	commonMain/generated/_Arrays.kt:23516
-	var	ULong	-	0	var sum: ULong = 0.toULong()	commonMain/generated/_Arrays.kt:23517
1.5	fun	sumOf	FloatArray	0	public inline fun FloatArray.sumOf(selector: (Float) -> ULong): ULong {	commonMain/generated/_Arrays.kt:23532
-	var	ULong	-	0	var sum: ULong = 0.toULong()	commonMain/generated/_Arrays.kt:23533
1.5	fun	sumOf	DoubleArray	0	public inline fun DoubleArray.sumOf(selector: (Double) -> ULong): ULong {	commonMain/generated/_Arrays.kt:23548
-	var	ULong	-	0	var sum: ULong = 0.toULong()	commonMain/generated/_Arrays.kt:23549
1.5	fun	sumOf	BooleanArray	0	public inline fun BooleanArray.sumOf(selector: (Boolean) -> ULong): ULong {	commonMain/generated/_Arrays.kt:23564
-	var	ULong	-	0	var sum: ULong = 0.toULong()	commonMain/generated/_Arrays.kt:23565
1.5	fun	sumOf	CharArray	0	public inline fun CharArray.sumOf(selector: (Char) -> ULong): ULong {	commonMain/generated/_Arrays.kt:23580
-	var	ULong	-	0	var sum: ULong = 0.toULong()	commonMain/generated/_Arrays.kt:23581
-	fun	requireNoNulls	-	0	public fun <T : Any> Array<T?>.requireNoNulls(): Array<T> {	commonMain/generated/_Arrays.kt:23591
-	fun	partition	-	1	public inline fun <T> Array<out T>.partition(predicate: (T) -> Boolean): Pair<List<T>, List<T>> {	commonMain/generated/_Arrays.kt:23608
-	val	first	-	0	val first = ArrayList<T>()	commonMain/generated/_Arrays.kt:23609
-	val	second	-	0	val second = ArrayList<T>()	commonMain/generated/_Arrays.kt:23610
-	fun	partition	ByteArray	1	public inline fun ByteArray.partition(predicate: (Byte) -> Boolean): Pair<List<Byte>, List<Byte>> {	commonMain/generated/_Arrays.kt:23628
-	val	first	-	0	val first = ArrayList<Byte>()	commonMain/generated/_Arrays.kt:23629
-	val	second	-	0	val second = ArrayList<Byte>()	commonMain/generated/_Arrays.kt:23630
-	fun	partition	ShortArray	1	public inline fun ShortArray.partition(predicate: (Short) -> Boolean): Pair<List<Short>, List<Short>> {	commonMain/generated/_Arrays.kt:23648
-	val	first	-	0	val first = ArrayList<Short>()	commonMain/generated/_Arrays.kt:23649
-	val	second	-	0	val second = ArrayList<Short>()	commonMain/generated/_Arrays.kt:23650
-	fun	partition	IntArray	1	public inline fun IntArray.partition(predicate: (Int) -> Boolean): Pair<List<Int>, List<Int>> {	commonMain/generated/_Arrays.kt:23668
-	val	first	-	0	val first = ArrayList<Int>()	commonMain/generated/_Arrays.kt:23669
-	val	second	-	0	val second = ArrayList<Int>()	commonMain/generated/_Arrays.kt:23670
-	fun	partition	LongArray	1	public inline fun LongArray.partition(predicate: (Long) -> Boolean): Pair<List<Long>, List<Long>> {	commonMain/generated/_Arrays.kt:23688
-	val	first	-	0	val first = ArrayList<Long>()	commonMain/generated/_Arrays.kt:23689
-	val	second	-	0	val second = ArrayList<Long>()	commonMain/generated/_Arrays.kt:23690
-	fun	partition	FloatArray	1	public inline fun FloatArray.partition(predicate: (Float) -> Boolean): Pair<List<Float>, List<Float>> {	commonMain/generated/_Arrays.kt:23708
-	val	first	-	0	val first = ArrayList<Float>()	commonMain/generated/_Arrays.kt:23709
-	val	second	-	0	val second = ArrayList<Float>()	commonMain/generated/_Arrays.kt:23710
-	fun	partition	DoubleArray	1	public inline fun DoubleArray.partition(predicate: (Double) -> Boolean): Pair<List<Double>, List<Double>> {	commonMain/generated/_Arrays.kt:23728
-	val	first	-	0	val first = ArrayList<Double>()	commonMain/generated/_Arrays.kt:23729
-	val	second	-	0	val second = ArrayList<Double>()	commonMain/generated/_Arrays.kt:23730
-	fun	partition	BooleanArray	1	public inline fun BooleanArray.partition(predicate: (Boolean) -> Boolean): Pair<List<Boolean>, List<Boolean>> {	commonMain/generated/_Arrays.kt:23748
-	val	first	-	0	val first = ArrayList<Boolean>()	commonMain/generated/_Arrays.kt:23749
-	val	second	-	0	val second = ArrayList<Boolean>()	commonMain/generated/_Arrays.kt:23750
-	fun	partition	CharArray	1	public inline fun CharArray.partition(predicate: (Char) -> Boolean): Pair<List<Char>, List<Char>> {	commonMain/generated/_Arrays.kt:23768
-	val	first	-	0	val first = ArrayList<Char>()	commonMain/generated/_Arrays.kt:23769
-	val	second	-	0	val second = ArrayList<Char>()	commonMain/generated/_Arrays.kt:23770
-	fun	zip	-	2	public infix fun <T, R> Array<out T>.zip(other: Array<out R>): List<Pair<T, R>> {	commonMain/generated/_Arrays.kt:23787
-	fun	zip	ByteArray	1	public infix fun <R> ByteArray.zip(other: Array<out R>): List<Pair<Byte, R>> {	commonMain/generated/_Arrays.kt:23797
-	fun	zip	ShortArray	1	public infix fun <R> ShortArray.zip(other: Array<out R>): List<Pair<Short, R>> {	commonMain/generated/_Arrays.kt:23807
-	fun	zip	IntArray	1	public infix fun <R> IntArray.zip(other: Array<out R>): List<Pair<Int, R>> {	commonMain/generated/_Arrays.kt:23817
-	fun	zip	LongArray	1	public infix fun <R> LongArray.zip(other: Array<out R>): List<Pair<Long, R>> {	commonMain/generated/_Arrays.kt:23827
-	fun	zip	FloatArray	1	public infix fun <R> FloatArray.zip(other: Array<out R>): List<Pair<Float, R>> {	commonMain/generated/_Arrays.kt:23837
-	fun	zip	DoubleArray	1	public infix fun <R> DoubleArray.zip(other: Array<out R>): List<Pair<Double, R>> {	commonMain/generated/_Arrays.kt:23847
-	fun	zip	BooleanArray	1	public infix fun <R> BooleanArray.zip(other: Array<out R>): List<Pair<Boolean, R>> {	commonMain/generated/_Arrays.kt:23857
-	fun	zip	CharArray	1	public infix fun <R> CharArray.zip(other: Array<out R>): List<Pair<Char, R>> {	commonMain/generated/_Arrays.kt:23867
-	fun	zip	-	4	public inline fun <T, R, V> Array<out T>.zip(other: Array<out R>, transform: (a: T, b: R) -> V): List<V> {	commonMain/generated/_Arrays.kt:23878
-	val	size	-	1	val size = minOf(size, other.size)	commonMain/generated/_Arrays.kt:23879
-	val	list	-	0	val list = ArrayList<V>(size)	commonMain/generated/_Arrays.kt:23880
-	fun	zip	ByteArray	3	public inline fun <R, V> ByteArray.zip(other: Array<out R>, transform: (a: Byte, b: R) -> V): List<V> {	commonMain/generated/_Arrays.kt:23894
-	val	size	-	1	val size = minOf(size, other.size)	commonMain/generated/_Arrays.kt:23895
-	val	list	-	0	val list = ArrayList<V>(size)	commonMain/generated/_Arrays.kt:23896
-	fun	zip	ShortArray	3	public inline fun <R, V> ShortArray.zip(other: Array<out R>, transform: (a: Short, b: R) -> V): List<V> {	commonMain/generated/_Arrays.kt:23910
-	val	size	-	1	val size = minOf(size, other.size)	commonMain/generated/_Arrays.kt:23911
-	val	list	-	0	val list = ArrayList<V>(size)	commonMain/generated/_Arrays.kt:23912
-	fun	zip	IntArray	3	public inline fun <R, V> IntArray.zip(other: Array<out R>, transform: (a: Int, b: R) -> V): List<V> {	commonMain/generated/_Arrays.kt:23926
-	val	size	-	1	val size = minOf(size, other.size)	commonMain/generated/_Arrays.kt:23927
-	val	list	-	0	val list = ArrayList<V>(size)	commonMain/generated/_Arrays.kt:23928
-	fun	zip	LongArray	3	public inline fun <R, V> LongArray.zip(other: Array<out R>, transform: (a: Long, b: R) -> V): List<V> {	commonMain/generated/_Arrays.kt:23942
-	val	size	-	1	val size = minOf(size, other.size)	commonMain/generated/_Arrays.kt:23943
-	val	list	-	0	val list = ArrayList<V>(size)	commonMain/generated/_Arrays.kt:23944
-	fun	zip	FloatArray	3	public inline fun <R, V> FloatArray.zip(other: Array<out R>, transform: (a: Float, b: R) -> V): List<V> {	commonMain/generated/_Arrays.kt:23958
-	val	size	-	1	val size = minOf(size, other.size)	commonMain/generated/_Arrays.kt:23959
-	val	list	-	0	val list = ArrayList<V>(size)	commonMain/generated/_Arrays.kt:23960
-	fun	zip	DoubleArray	3	public inline fun <R, V> DoubleArray.zip(other: Array<out R>, transform: (a: Double, b: R) -> V): List<V> {	commonMain/generated/_Arrays.kt:23974
-	val	size	-	1	val size = minOf(size, other.size)	commonMain/generated/_Arrays.kt:23975
-	val	list	-	0	val list = ArrayList<V>(size)	commonMain/generated/_Arrays.kt:23976
-	fun	zip	BooleanArray	3	public inline fun <R, V> BooleanArray.zip(other: Array<out R>, transform: (a: Boolean, b: R) -> V): List<V> {	commonMain/generated/_Arrays.kt:23990
-	val	size	-	1	val size = minOf(size, other.size)	commonMain/generated/_Arrays.kt:23991
-	val	list	-	0	val list = ArrayList<V>(size)	commonMain/generated/_Arrays.kt:23992
-	fun	zip	CharArray	3	public inline fun <R, V> CharArray.zip(other: Array<out R>, transform: (a: Char, b: R) -> V): List<V> {	commonMain/generated/_Arrays.kt:24006
-	val	size	-	1	val size = minOf(size, other.size)	commonMain/generated/_Arrays.kt:24007
-	val	list	-	0	val list = ArrayList<V>(size)	commonMain/generated/_Arrays.kt:24008
-	fun	zip	-	2	public infix fun <T, R> Array<out T>.zip(other: Iterable<R>): List<Pair<T, R>> {	commonMain/generated/_Arrays.kt:24021
-	fun	zip	ByteArray	1	public infix fun <R> ByteArray.zip(other: Iterable<R>): List<Pair<Byte, R>> {	commonMain/generated/_Arrays.kt:24031
-	fun	zip	ShortArray	1	public infix fun <R> ShortArray.zip(other: Iterable<R>): List<Pair<Short, R>> {	commonMain/generated/_Arrays.kt:24041
-	fun	zip	IntArray	1	public infix fun <R> IntArray.zip(other: Iterable<R>): List<Pair<Int, R>> {	commonMain/generated/_Arrays.kt:24051
-	fun	zip	LongArray	1	public infix fun <R> LongArray.zip(other: Iterable<R>): List<Pair<Long, R>> {	commonMain/generated/_Arrays.kt:24061
-	fun	zip	FloatArray	1	public infix fun <R> FloatArray.zip(other: Iterable<R>): List<Pair<Float, R>> {	commonMain/generated/_Arrays.kt:24071
-	fun	zip	DoubleArray	1	public infix fun <R> DoubleArray.zip(other: Iterable<R>): List<Pair<Double, R>> {	commonMain/generated/_Arrays.kt:24081
-	fun	zip	BooleanArray	1	public infix fun <R> BooleanArray.zip(other: Iterable<R>): List<Pair<Boolean, R>> {	commonMain/generated/_Arrays.kt:24091
-	fun	zip	CharArray	1	public infix fun <R> CharArray.zip(other: Iterable<R>): List<Pair<Char, R>> {	commonMain/generated/_Arrays.kt:24101
-	fun	zip	-	4	public inline fun <T, R, V> Array<out T>.zip(other: Iterable<R>, transform: (a: T, b: R) -> V): List<V> {	commonMain/generated/_Arrays.kt:24112
-	val	arraySize	-	0	val arraySize = size	commonMain/generated/_Arrays.kt:24113
-	val	list	-	1	val list = ArrayList<V>(minOf(other.collectionSizeOrDefault(10), arraySize))	commonMain/generated/_Arrays.kt:24114
-	var	i	-	0	var i = 0	commonMain/generated/_Arrays.kt:24115
-	fun	zip	ByteArray	3	public inline fun <R, V> ByteArray.zip(other: Iterable<R>, transform: (a: Byte, b: R) -> V): List<V> {	commonMain/generated/_Arrays.kt:24130
-	val	arraySize	-	0	val arraySize = size	commonMain/generated/_Arrays.kt:24131
-	val	list	-	1	val list = ArrayList<V>(minOf(other.collectionSizeOrDefault(10), arraySize))	commonMain/generated/_Arrays.kt:24132
-	var	i	-	0	var i = 0	commonMain/generated/_Arrays.kt:24133
-	fun	zip	ShortArray	3	public inline fun <R, V> ShortArray.zip(other: Iterable<R>, transform: (a: Short, b: R) -> V): List<V> {	commonMain/generated/_Arrays.kt:24148
-	val	arraySize	-	0	val arraySize = size	commonMain/generated/_Arrays.kt:24149
-	val	list	-	1	val list = ArrayList<V>(minOf(other.collectionSizeOrDefault(10), arraySize))	commonMain/generated/_Arrays.kt:24150
-	var	i	-	0	var i = 0	commonMain/generated/_Arrays.kt:24151
-	fun	zip	IntArray	3	public inline fun <R, V> IntArray.zip(other: Iterable<R>, transform: (a: Int, b: R) -> V): List<V> {	commonMain/generated/_Arrays.kt:24166
-	val	arraySize	-	0	val arraySize = size	commonMain/generated/_Arrays.kt:24167
-	val	list	-	1	val list = ArrayList<V>(minOf(other.collectionSizeOrDefault(10), arraySize))	commonMain/generated/_Arrays.kt:24168
-	var	i	-	0	var i = 0	commonMain/generated/_Arrays.kt:24169
-	fun	zip	LongArray	3	public inline fun <R, V> LongArray.zip(other: Iterable<R>, transform: (a: Long, b: R) -> V): List<V> {	commonMain/generated/_Arrays.kt:24184
-	val	arraySize	-	0	val arraySize = size	commonMain/generated/_Arrays.kt:24185
-	val	list	-	1	val list = ArrayList<V>(minOf(other.collectionSizeOrDefault(10), arraySize))	commonMain/generated/_Arrays.kt:24186
-	var	i	-	0	var i = 0	commonMain/generated/_Arrays.kt:24187
-	fun	zip	FloatArray	3	public inline fun <R, V> FloatArray.zip(other: Iterable<R>, transform: (a: Float, b: R) -> V): List<V> {	commonMain/generated/_Arrays.kt:24202
-	val	arraySize	-	0	val arraySize = size	commonMain/generated/_Arrays.kt:24203
-	val	list	-	1	val list = ArrayList<V>(minOf(other.collectionSizeOrDefault(10), arraySize))	commonMain/generated/_Arrays.kt:24204
-	var	i	-	0	var i = 0	commonMain/generated/_Arrays.kt:24205
-	fun	zip	DoubleArray	3	public inline fun <R, V> DoubleArray.zip(other: Iterable<R>, transform: (a: Double, b: R) -> V): List<V> {	commonMain/generated/_Arrays.kt:24220
-	val	arraySize	-	0	val arraySize = size	commonMain/generated/_Arrays.kt:24221
-	val	list	-	1	val list = ArrayList<V>(minOf(other.collectionSizeOrDefault(10), arraySize))	commonMain/generated/_Arrays.kt:24222
-	var	i	-	0	var i = 0	commonMain/generated/_Arrays.kt:24223
-	fun	zip	BooleanArray	3	public inline fun <R, V> BooleanArray.zip(other: Iterable<R>, transform: (a: Boolean, b: R) -> V): List<V> {	commonMain/generated/_Arrays.kt:24238
-	val	arraySize	-	0	val arraySize = size	commonMain/generated/_Arrays.kt:24239
-	val	list	-	1	val list = ArrayList<V>(minOf(other.collectionSizeOrDefault(10), arraySize))	commonMain/generated/_Arrays.kt:24240
-	var	i	-	0	var i = 0	commonMain/generated/_Arrays.kt:24241
-	fun	zip	CharArray	3	public inline fun <R, V> CharArray.zip(other: Iterable<R>, transform: (a: Char, b: R) -> V): List<V> {	commonMain/generated/_Arrays.kt:24256
-	val	arraySize	-	0	val arraySize = size	commonMain/generated/_Arrays.kt:24257
-	val	list	-	1	val list = ArrayList<V>(minOf(other.collectionSizeOrDefault(10), arraySize))	commonMain/generated/_Arrays.kt:24258
-	var	i	-	0	var i = 0	commonMain/generated/_Arrays.kt:24259
-	fun	zip	ByteArray	1	public infix fun ByteArray.zip(other: ByteArray): List<Pair<Byte, Byte>> {	commonMain/generated/_Arrays.kt:24273
-	fun	zip	ShortArray	1	public infix fun ShortArray.zip(other: ShortArray): List<Pair<Short, Short>> {	commonMain/generated/_Arrays.kt:24283
-	fun	zip	IntArray	1	public infix fun IntArray.zip(other: IntArray): List<Pair<Int, Int>> {	commonMain/generated/_Arrays.kt:24293
-	fun	zip	LongArray	1	public infix fun LongArray.zip(other: LongArray): List<Pair<Long, Long>> {	commonMain/generated/_Arrays.kt:24303
-	fun	zip	FloatArray	1	public infix fun FloatArray.zip(other: FloatArray): List<Pair<Float, Float>> {	commonMain/generated/_Arrays.kt:24313
-	fun	zip	DoubleArray	1	public infix fun DoubleArray.zip(other: DoubleArray): List<Pair<Double, Double>> {	commonMain/generated/_Arrays.kt:24323
-	fun	zip	BooleanArray	1	public infix fun BooleanArray.zip(other: BooleanArray): List<Pair<Boolean, Boolean>> {	commonMain/generated/_Arrays.kt:24333
-	fun	zip	CharArray	1	public infix fun CharArray.zip(other: CharArray): List<Pair<Char, Char>> {	commonMain/generated/_Arrays.kt:24343
-	fun	zip	ByteArray	2	public inline fun <V> ByteArray.zip(other: ByteArray, transform: (a: Byte, b: Byte) -> V): List<V> {	commonMain/generated/_Arrays.kt:24354
-	val	size	-	1	val size = minOf(size, other.size)	commonMain/generated/_Arrays.kt:24355
-	val	list	-	0	val list = ArrayList<V>(size)	commonMain/generated/_Arrays.kt:24356
-	fun	zip	ShortArray	2	public inline fun <V> ShortArray.zip(other: ShortArray, transform: (a: Short, b: Short) -> V): List<V> {	commonMain/generated/_Arrays.kt:24370
-	val	size	-	1	val size = minOf(size, other.size)	commonMain/generated/_Arrays.kt:24371
-	val	list	-	0	val list = ArrayList<V>(size)	commonMain/generated/_Arrays.kt:24372
-	fun	zip	IntArray	2	public inline fun <V> IntArray.zip(other: IntArray, transform: (a: Int, b: Int) -> V): List<V> {	commonMain/generated/_Arrays.kt:24386
-	val	size	-	1	val size = minOf(size, other.size)	commonMain/generated/_Arrays.kt:24387
-	val	list	-	0	val list = ArrayList<V>(size)	commonMain/generated/_Arrays.kt:24388
-	fun	zip	LongArray	2	public inline fun <V> LongArray.zip(other: LongArray, transform: (a: Long, b: Long) -> V): List<V> {	commonMain/generated/_Arrays.kt:24402
-	val	size	-	1	val size = minOf(size, other.size)	commonMain/generated/_Arrays.kt:24403
-	val	list	-	0	val list = ArrayList<V>(size)	commonMain/generated/_Arrays.kt:24404
-	fun	zip	FloatArray	2	public inline fun <V> FloatArray.zip(other: FloatArray, transform: (a: Float, b: Float) -> V): List<V> {	commonMain/generated/_Arrays.kt:24418
-	val	size	-	1	val size = minOf(size, other.size)	commonMain/generated/_Arrays.kt:24419
-	val	list	-	0	val list = ArrayList<V>(size)	commonMain/generated/_Arrays.kt:24420
-	fun	zip	DoubleArray	2	public inline fun <V> DoubleArray.zip(other: DoubleArray, transform: (a: Double, b: Double) -> V): List<V> {	commonMain/generated/_Arrays.kt:24434
-	val	size	-	1	val size = minOf(size, other.size)	commonMain/generated/_Arrays.kt:24435
-	val	list	-	0	val list = ArrayList<V>(size)	commonMain/generated/_Arrays.kt:24436
-	fun	zip	BooleanArray	2	public inline fun <V> BooleanArray.zip(other: BooleanArray, transform: (a: Boolean, b: Boolean) -> V): List<V> {	commonMain/generated/_Arrays.kt:24450
-	val	size	-	1	val size = minOf(size, other.size)	commonMain/generated/_Arrays.kt:24451
-	val	list	-	0	val list = ArrayList<V>(size)	commonMain/generated/_Arrays.kt:24452
-	fun	zip	CharArray	2	public inline fun <V> CharArray.zip(other: CharArray, transform: (a: Char, b: Char) -> V): List<V> {	commonMain/generated/_Arrays.kt:24466
-	val	size	-	1	val size = minOf(size, other.size)	commonMain/generated/_Arrays.kt:24467
-	val	list	-	0	val list = ArrayList<V>(size)	commonMain/generated/_Arrays.kt:24468
-	fun	joinTo	-	8	public fun <T, A : Appendable> Array<out T>.joinTo(buffer: A, separator: CharSequence = ", ", prefix: CharSequence = "", postfix: CharSequence = "", limit: Int = -1, truncated: CharSequence = "...", transform: ((T) -> CharSequence)? = null): A {	commonMain/generated/_Arrays.kt:24483
-	var	count	-	0	var count = 0	commonMain/generated/_Arrays.kt:24485
-	fun	joinTo	ByteArray	7	public fun <A : Appendable> ByteArray.joinTo(buffer: A, separator: CharSequence = ", ", prefix: CharSequence = "", postfix: CharSequence = "", limit: Int = -1, truncated: CharSequence = "...", transform: ((Byte) -> CharSequence)? = null): A {	commonMain/generated/_Arrays.kt:24505
-	var	count	-	0	var count = 0	commonMain/generated/_Arrays.kt:24507
-	fun	joinTo	ShortArray	7	public fun <A : Appendable> ShortArray.joinTo(buffer: A, separator: CharSequence = ", ", prefix: CharSequence = "", postfix: CharSequence = "", limit: Int = -1, truncated: CharSequence = "...", transform: ((Short) -> CharSequence)? = null): A {	commonMain/generated/_Arrays.kt:24530
-	var	count	-	0	var count = 0	commonMain/generated/_Arrays.kt:24532
-	fun	joinTo	IntArray	7	public fun <A : Appendable> IntArray.joinTo(buffer: A, separator: CharSequence = ", ", prefix: CharSequence = "", postfix: CharSequence = "", limit: Int = -1, truncated: CharSequence = "...", transform: ((Int) -> CharSequence)? = null): A {	commonMain/generated/_Arrays.kt:24555
-	var	count	-	0	var count = 0	commonMain/generated/_Arrays.kt:24557
-	fun	joinTo	LongArray	7	public fun <A : Appendable> LongArray.joinTo(buffer: A, separator: CharSequence = ", ", prefix: CharSequence = "", postfix: CharSequence = "", limit: Int = -1, truncated: CharSequence = "...", transform: ((Long) -> CharSequence)? = null): A {	commonMain/generated/_Arrays.kt:24580
-	var	count	-	0	var count = 0	commonMain/generated/_Arrays.kt:24582
-	fun	joinTo	FloatArray	7	public fun <A : Appendable> FloatArray.joinTo(buffer: A, separator: CharSequence = ", ", prefix: CharSequence = "", postfix: CharSequence = "", limit: Int = -1, truncated: CharSequence = "...", transform: ((Float) -> CharSequence)? = null): A {	commonMain/generated/_Arrays.kt:24605
-	var	count	-	0	var count = 0	commonMain/generated/_Arrays.kt:24607
-	fun	joinTo	DoubleArray	7	public fun <A : Appendable> DoubleArray.joinTo(buffer: A, separator: CharSequence = ", ", prefix: CharSequence = "", postfix: CharSequence = "", limit: Int = -1, truncated: CharSequence = "...", transform: ((Double) -> CharSequence)? = null): A {	commonMain/generated/_Arrays.kt:24630
-	var	count	-	0	var count = 0	commonMain/generated/_Arrays.kt:24632
-	fun	joinTo	BooleanArray	7	public fun <A : Appendable> BooleanArray.joinTo(buffer: A, separator: CharSequence = ", ", prefix: CharSequence = "", postfix: CharSequence = "", limit: Int = -1, truncated: CharSequence = "...", transform: ((Boolean) -> CharSequence)? = null): A {	commonMain/generated/_Arrays.kt:24655
-	var	count	-	0	var count = 0	commonMain/generated/_Arrays.kt:24657
-	fun	joinTo	CharArray	7	public fun <A : Appendable> CharArray.joinTo(buffer: A, separator: CharSequence = ", ", prefix: CharSequence = "", postfix: CharSequence = "", limit: Int = -1, truncated: CharSequence = "...", transform: ((Char) -> CharSequence)? = null): A {	commonMain/generated/_Arrays.kt:24680
-	var	count	-	0	var count = 0	commonMain/generated/_Arrays.kt:24682
-	fun	joinToString	-	6	public fun <T> Array<out T>.joinToString(separator: CharSequence = ", ", prefix: CharSequence = "", postfix: CharSequence = "", limit: Int = -1, truncated: CharSequence = "...", transform: ((T) -> CharSequence)? = null): String {	commonMain/generated/_Arrays.kt:24705
-	fun	joinToString	ByteArray	6	public fun ByteArray.joinToString(separator: CharSequence = ", ", prefix: CharSequence = "", postfix: CharSequence = "", limit: Int = -1, truncated: CharSequence = "...", transform: ((Byte) -> CharSequence)? = null): String {	commonMain/generated/_Arrays.kt:24717
-	fun	joinToString	ShortArray	6	public fun ShortArray.joinToString(separator: CharSequence = ", ", prefix: CharSequence = "", postfix: CharSequence = "", limit: Int = -1, truncated: CharSequence = "...", transform: ((Short) -> CharSequence)? = null): String {	commonMain/generated/_Arrays.kt:24729
-	fun	joinToString	IntArray	6	public fun IntArray.joinToString(separator: CharSequence = ", ", prefix: CharSequence = "", postfix: CharSequence = "", limit: Int = -1, truncated: CharSequence = "...", transform: ((Int) -> CharSequence)? = null): String {	commonMain/generated/_Arrays.kt:24741
-	fun	joinToString	LongArray	6	public fun LongArray.joinToString(separator: CharSequence = ", ", prefix: CharSequence = "", postfix: CharSequence = "", limit: Int = -1, truncated: CharSequence = "...", transform: ((Long) -> CharSequence)? = null): String {	commonMain/generated/_Arrays.kt:24753
-	fun	joinToString	FloatArray	6	public fun FloatArray.joinToString(separator: CharSequence = ", ", prefix: CharSequence = "", postfix: CharSequence = "", limit: Int = -1, truncated: CharSequence = "...", transform: ((Float) -> CharSequence)? = null): String {	commonMain/generated/_Arrays.kt:24765
-	fun	joinToString	DoubleArray	6	public fun DoubleArray.joinToString(separator: CharSequence = ", ", prefix: CharSequence = "", postfix: CharSequence = "", limit: Int = -1, truncated: CharSequence = "...", transform: ((Double) -> CharSequence)? = null): String {	commonMain/generated/_Arrays.kt:24777
-	fun	joinToString	BooleanArray	6	public fun BooleanArray.joinToString(separator: CharSequence = ", ", prefix: CharSequence = "", postfix: CharSequence = "", limit: Int = -1, truncated: CharSequence = "...", transform: ((Boolean) -> CharSequence)? = null): String {	commonMain/generated/_Arrays.kt:24789
-	fun	joinToString	CharArray	6	public fun CharArray.joinToString(separator: CharSequence = ", ", prefix: CharSequence = "", postfix: CharSequence = "", limit: Int = -1, truncated: CharSequence = "...", transform: ((Char) -> CharSequence)? = null): String {	commonMain/generated/_Arrays.kt:24801
-	fun	asIterable	-	0	public fun <T> Array<out T>.asIterable(): Iterable<T> {	commonMain/generated/_Arrays.kt:24808
-	fun	asIterable	ByteArray	0	public fun ByteArray.asIterable(): Iterable<Byte> {	commonMain/generated/_Arrays.kt:24816
-	fun	asIterable	ShortArray	0	public fun ShortArray.asIterable(): Iterable<Short> {	commonMain/generated/_Arrays.kt:24824
-	fun	asIterable	IntArray	0	public fun IntArray.asIterable(): Iterable<Int> {	commonMain/generated/_Arrays.kt:24832
-	fun	asIterable	LongArray	0	public fun LongArray.asIterable(): Iterable<Long> {	commonMain/generated/_Arrays.kt:24840
-	fun	asIterable	FloatArray	0	public fun FloatArray.asIterable(): Iterable<Float> {	commonMain/generated/_Arrays.kt:24848
-	fun	asIterable	DoubleArray	0	public fun DoubleArray.asIterable(): Iterable<Double> {	commonMain/generated/_Arrays.kt:24856
-	fun	asIterable	BooleanArray	0	public fun BooleanArray.asIterable(): Iterable<Boolean> {	commonMain/generated/_Arrays.kt:24864
-	fun	asIterable	CharArray	0	public fun CharArray.asIterable(): Iterable<Char> {	commonMain/generated/_Arrays.kt:24872
-	fun	asSequence	-	0	public fun <T> Array<out T>.asSequence(): Sequence<T> {	commonMain/generated/_Arrays.kt:24882
-	fun	asSequence	ByteArray	0	public fun ByteArray.asSequence(): Sequence<Byte> {	commonMain/generated/_Arrays.kt:24892
-	fun	asSequence	ShortArray	0	public fun ShortArray.asSequence(): Sequence<Short> {	commonMain/generated/_Arrays.kt:24902
-	fun	asSequence	IntArray	0	public fun IntArray.asSequence(): Sequence<Int> {	commonMain/generated/_Arrays.kt:24912
-	fun	asSequence	LongArray	0	public fun LongArray.asSequence(): Sequence<Long> {	commonMain/generated/_Arrays.kt:24922
-	fun	asSequence	FloatArray	0	public fun FloatArray.asSequence(): Sequence<Float> {	commonMain/generated/_Arrays.kt:24932
-	fun	asSequence	DoubleArray	0	public fun DoubleArray.asSequence(): Sequence<Double> {	commonMain/generated/_Arrays.kt:24942
-	fun	asSequence	BooleanArray	0	public fun BooleanArray.asSequence(): Sequence<Boolean> {	commonMain/generated/_Arrays.kt:24952
-	fun	asSequence	CharArray	0	public fun CharArray.asSequence(): Sequence<Char> {	commonMain/generated/_Arrays.kt:24962
-	fun	average	-	0	public fun Array<out Byte>.average(): Double {	commonMain/generated/_Arrays.kt:24971
-	var	Double	-	0	var sum: Double = 0.0	commonMain/generated/_Arrays.kt:24972
-	var	Int	-	0	var count: Int = 0	commonMain/generated/_Arrays.kt:24973
-	fun	average	-	0	public fun Array<out Short>.average(): Double {	commonMain/generated/_Arrays.kt:24985
-	var	Double	-	0	var sum: Double = 0.0	commonMain/generated/_Arrays.kt:24986
-	var	Int	-	0	var count: Int = 0	commonMain/generated/_Arrays.kt:24987
-	fun	average	-	0	public fun Array<out Int>.average(): Double {	commonMain/generated/_Arrays.kt:24999
-	var	Double	-	0	var sum: Double = 0.0	commonMain/generated/_Arrays.kt:25000
-	var	Int	-	0	var count: Int = 0	commonMain/generated/_Arrays.kt:25001
-	fun	average	-	0	public fun Array<out Long>.average(): Double {	commonMain/generated/_Arrays.kt:25013
-	var	Double	-	0	var sum: Double = 0.0	commonMain/generated/_Arrays.kt:25014
-	var	Int	-	0	var count: Int = 0	commonMain/generated/_Arrays.kt:25015
-	fun	average	-	0	public fun Array<out Float>.average(): Double {	commonMain/generated/_Arrays.kt:25027
-	var	Double	-	0	var sum: Double = 0.0	commonMain/generated/_Arrays.kt:25028
-	var	Int	-	0	var count: Int = 0	commonMain/generated/_Arrays.kt:25029
-	fun	average	-	0	public fun Array<out Double>.average(): Double {	commonMain/generated/_Arrays.kt:25041
-	var	Double	-	0	var sum: Double = 0.0	commonMain/generated/_Arrays.kt:25042
-	var	Int	-	0	var count: Int = 0	commonMain/generated/_Arrays.kt:25043
-	fun	average	ByteArray	0	public fun ByteArray.average(): Double {	commonMain/generated/_Arrays.kt:25054
-	var	Double	-	0	var sum: Double = 0.0	commonMain/generated/_Arrays.kt:25055
-	var	Int	-	0	var count: Int = 0	commonMain/generated/_Arrays.kt:25056
-	fun	average	ShortArray	0	public fun ShortArray.average(): Double {	commonMain/generated/_Arrays.kt:25067
-	var	Double	-	0	var sum: Double = 0.0	commonMain/generated/_Arrays.kt:25068
-	var	Int	-	0	var count: Int = 0	commonMain/generated/_Arrays.kt:25069
-	fun	average	IntArray	0	public fun IntArray.average(): Double {	commonMain/generated/_Arrays.kt:25080
-	var	Double	-	0	var sum: Double = 0.0	commonMain/generated/_Arrays.kt:25081
-	var	Int	-	0	var count: Int = 0	commonMain/generated/_Arrays.kt:25082
-	fun	average	LongArray	0	public fun LongArray.average(): Double {	commonMain/generated/_Arrays.kt:25093
-	var	Double	-	0	var sum: Double = 0.0	commonMain/generated/_Arrays.kt:25094
-	var	Int	-	0	var count: Int = 0	commonMain/generated/_Arrays.kt:25095
-	fun	average	FloatArray	0	public fun FloatArray.average(): Double {	commonMain/generated/_Arrays.kt:25106
-	var	Double	-	0	var sum: Double = 0.0	commonMain/generated/_Arrays.kt:25107
-	var	Int	-	0	var count: Int = 0	commonMain/generated/_Arrays.kt:25108
-	fun	average	DoubleArray	0	public fun DoubleArray.average(): Double {	commonMain/generated/_Arrays.kt:25119
-	var	Double	-	0	var sum: Double = 0.0	commonMain/generated/_Arrays.kt:25120
-	var	Int	-	0	var count: Int = 0	commonMain/generated/_Arrays.kt:25121
-	fun	sum	-	0	public fun Array<out Byte>.sum(): Int {	commonMain/generated/_Arrays.kt:25133
-	var	Int	-	0	var sum: Int = 0	commonMain/generated/_Arrays.kt:25134
-	fun	sum	-	0	public fun Array<out Short>.sum(): Int {	commonMain/generated/_Arrays.kt:25145
-	var	Int	-	0	var sum: Int = 0	commonMain/generated/_Arrays.kt:25146
-	fun	sum	-	0	public fun Array<out Int>.sum(): Int {	commonMain/generated/_Arrays.kt:25157
-	var	Int	-	0	var sum: Int = 0	commonMain/generated/_Arrays.kt:25158
-	fun	sum	-	0	public fun Array<out Long>.sum(): Long {	commonMain/generated/_Arrays.kt:25169
-	var	Long	-	0	var sum: Long = 0L	commonMain/generated/_Arrays.kt:25170
-	fun	sum	-	0	public fun Array<out Float>.sum(): Float {	commonMain/generated/_Arrays.kt:25181
-	var	Float	-	0	var sum: Float = 0.0f	commonMain/generated/_Arrays.kt:25182
-	fun	sum	-	0	public fun Array<out Double>.sum(): Double {	commonMain/generated/_Arrays.kt:25193
-	var	Double	-	0	var sum: Double = 0.0	commonMain/generated/_Arrays.kt:25194
-	fun	sum	ByteArray	0	public fun ByteArray.sum(): Int {	commonMain/generated/_Arrays.kt:25204
-	var	Int	-	0	var sum: Int = 0	commonMain/generated/_Arrays.kt:25205
-	fun	sum	ShortArray	0	public fun ShortArray.sum(): Int {	commonMain/generated/_Arrays.kt:25215
-	var	Int	-	0	var sum: Int = 0	commonMain/generated/_Arrays.kt:25216
-	fun	sum	IntArray	0	public fun IntArray.sum(): Int {	commonMain/generated/_Arrays.kt:25226
-	var	Int	-	0	var sum: Int = 0	commonMain/generated/_Arrays.kt:25227
-	fun	sum	LongArray	0	public fun LongArray.sum(): Long {	commonMain/generated/_Arrays.kt:25237
-	var	Long	-	0	var sum: Long = 0L	commonMain/generated/_Arrays.kt:25238
-	fun	sum	FloatArray	0	public fun FloatArray.sum(): Float {	commonMain/generated/_Arrays.kt:25248
-	var	Float	-	0	var sum: Float = 0.0f	commonMain/generated/_Arrays.kt:25249
-	fun	sum	DoubleArray	0	public fun DoubleArray.sum(): Double {	commonMain/generated/_Arrays.kt:25259
-	var	Double	-	0	var sum: Double = 0.0	commonMain/generated/_Arrays.kt:25260
-	fun	component1	-	0	public inline operator fun <T> List<T>.component1(): T {	commonMain/generated/_Collections.kt:27
-	fun	component2	-	0	public inline operator fun <T> List<T>.component2(): T {	commonMain/generated/_Collections.kt:37
-	fun	component3	-	0	public inline operator fun <T> List<T>.component3(): T {	commonMain/generated/_Collections.kt:47
-	fun	component4	-	0	public inline operator fun <T> List<T>.component4(): T {	commonMain/generated/_Collections.kt:57
-	fun	component5	-	0	public inline operator fun <T> List<T>.component5(): T {	commonMain/generated/_Collections.kt:67
-	fun	contains	-	0	public operator fun <@kotlin.internal.OnlyInputTypes T> Iterable<T>.contains(element: T): Boolean {	commonMain/generated/_Collections.kt:74
-	fun	elementAt	-	0	public fun <T> Iterable<T>.elementAt(index: Int): T {	commonMain/generated/_Collections.kt:85
-	fun	elementAt	-	0	public inline fun <T> List<T>.elementAt(index: Int): T {	commonMain/generated/_Collections.kt:97
-	fun	elementAtOrElse	-	1	public fun <T> Iterable<T>.elementAtOrElse(index: Int, defaultValue: (Int) -> T): T {	commonMain/generated/_Collections.kt:106
-	val	iterator	-	0	val iterator = iterator()	commonMain/generated/_Collections.kt:114
-	var	count	-	0	var count = 0	commonMain/generated/_Collections.kt:115
-	val	element	-	0	val element = iterator.next()	commonMain/generated/_Collections.kt:117
-	fun	elementAtOrElse	-	1	public inline fun <T> List<T>.elementAtOrElse(index: Int, defaultValue: (Int) -> T): T {	commonMain/generated/_Collections.kt:130
-	fun	elementAtOrNull	-	0	public fun <T> Iterable<T>.elementAtOrNull(index: Int): T? {	commonMain/generated/_Collections.kt:142
-	val	iterator	-	0	val iterator = iterator()	commonMain/generated/_Collections.kt:147
-	var	count	-	0	var count = 0	commonMain/generated/_Collections.kt:148
-	val	element	-	0	val element = iterator.next()	commonMain/generated/_Collections.kt:150
-	fun	elementAtOrNull	-	0	public inline fun <T> List<T>.elementAtOrNull(index: Int): T? {	commonMain/generated/_Collections.kt:163
-	fun	find	-	0	public inline fun <T> Iterable<T>.find(predicate: (T) -> Boolean): T? {	commonMain/generated/_Collections.kt:173
-	fun	findLast	-	0	public inline fun <T> Iterable<T>.findLast(predicate: (T) -> Boolean): T? {	commonMain/generated/_Collections.kt:183
-	fun	findLast	-	0	public inline fun <T> List<T>.findLast(predicate: (T) -> Boolean): T? {	commonMain/generated/_Collections.kt:193
-	fun	first	-	0	public fun <T> Iterable<T>.first(): T {	commonMain/generated/_Collections.kt:202
-	val	iterator	-	0	val iterator = iterator()	commonMain/generated/_Collections.kt:206
-	fun	first	-	0	public fun <T> List<T>.first(): T {	commonMain/generated/_Collections.kt:219
-	fun	first	-	0	public inline fun <T> Iterable<T>.first(predicate: (T) -> Boolean): T {	commonMain/generated/_Collections.kt:229
1.5	fun	firstNotNullOf	-	1	public inline fun <T, R : Any> Iterable<T>.firstNotNullOf(transform: (T) -> R?): R {	commonMain/generated/_Collections.kt:242
1.5	fun	firstNotNullOfOrNull	-	1	public inline fun <T, R : Any> Iterable<T>.firstNotNullOfOrNull(transform: (T) -> R?): R? {	commonMain/generated/_Collections.kt:254
-	val	result	-	0	val result = transform(element)	commonMain/generated/_Collections.kt:256
-	fun	firstOrNull	-	0	public fun <T> Iterable<T>.firstOrNull(): T? {	commonMain/generated/_Collections.kt:267
-	val	iterator	-	0	val iterator = iterator()	commonMain/generated/_Collections.kt:276
-	fun	firstOrNull	-	0	public fun <T> List<T>.firstOrNull(): T? {	commonMain/generated/_Collections.kt:287
-	fun	firstOrNull	-	0	public inline fun <T> Iterable<T>.firstOrNull(predicate: (T) -> Boolean): T? {	commonMain/generated/_Collections.kt:294
-	fun	getOrElse	-	1	public inline fun <T> List<T>.getOrElse(index: Int, defaultValue: (Int) -> T): T {	commonMain/generated/_Collections.kt:303
-	fun	getOrNull	-	0	public fun <T> List<T>.getOrNull(index: Int): T? {	commonMain/generated/_Collections.kt:315
-	fun	indexOf	-	0	public fun <@kotlin.internal.OnlyInputTypes T> Iterable<T>.indexOf(element: T): Int {	commonMain/generated/_Collections.kt:322
-	var	index	-	0	var index = 0	commonMain/generated/_Collections.kt:324
-	fun	indexOf	-	0	public fun <@kotlin.internal.OnlyInputTypes T> List<T>.indexOf(element: T): Int {	commonMain/generated/_Collections.kt:338
-	fun	indexOfFirst	-	0	public inline fun <T> Iterable<T>.indexOfFirst(predicate: (T) -> Boolean): Int {	commonMain/generated/_Collections.kt:345
-	var	index	-	0	var index = 0	commonMain/generated/_Collections.kt:346
-	fun	indexOfFirst	-	0	public inline fun <T> List<T>.indexOfFirst(predicate: (T) -> Boolean): Int {	commonMain/generated/_Collections.kt:359
-	var	index	-	0	var index = 0	commonMain/generated/_Collections.kt:360
-	fun	indexOfLast	-	0	public inline fun <T> Iterable<T>.indexOfLast(predicate: (T) -> Boolean): Int {	commonMain/generated/_Collections.kt:372
-	var	lastIndex	-	0	var lastIndex = -1	commonMain/generated/_Collections.kt:373
-	var	index	-	0	var index = 0	commonMain/generated/_Collections.kt:374
-	fun	indexOfLast	-	0	public inline fun <T> List<T>.indexOfLast(predicate: (T) -> Boolean): Int {	commonMain/generated/_Collections.kt:387
-	val	iterator	-	0	val iterator = this.listIterator(size)	commonMain/generated/_Collections.kt:388
-	fun	last	-	0	public fun <T> Iterable<T>.last(): T {	commonMain/generated/_Collections.kt:404
-	val	iterator	-	0	val iterator = iterator()	commonMain/generated/_Collections.kt:408
-	var	last	-	0	var last = iterator.next()	commonMain/generated/_Collections.kt:411
-	fun	last	-	0	public fun <T> List<T>.last(): T {	commonMain/generated/_Collections.kt:426
-	fun	last	-	0	public inline fun <T> Iterable<T>.last(predicate: (T) -> Boolean): T {	commonMain/generated/_Collections.kt:439
-	var	T	-	0	var last: T? = null	commonMain/generated/_Collections.kt:440
-	var	found	-	0	var found = false	commonMain/generated/_Collections.kt:441
-	fun	last	-	0	public inline fun <T> List<T>.last(predicate: (T) -> Boolean): T {	commonMain/generated/_Collections.kt:460
-	val	iterator	-	0	val iterator = this.listIterator(size)	commonMain/generated/_Collections.kt:461
-	val	element	-	0	val element = iterator.previous()	commonMain/generated/_Collections.kt:463
-	fun	lastIndexOf	-	0	public fun <@kotlin.internal.OnlyInputTypes T> Iterable<T>.lastIndexOf(element: T): Int {	commonMain/generated/_Collections.kt:472
-	var	lastIndex	-	0	var lastIndex = -1	commonMain/generated/_Collections.kt:474
-	var	index	-	0	var index = 0	commonMain/generated/_Collections.kt:475
-	fun	lastIndexOf	-	0	public fun <@kotlin.internal.OnlyInputTypes T> List<T>.lastIndexOf(element: T): Int {	commonMain/generated/_Collections.kt:489
-	fun	lastOrNull	-	0	public fun <T> Iterable<T>.lastOrNull(): T? {	commonMain/generated/_Collections.kt:498
-	val	iterator	-	0	val iterator = iterator()	commonMain/generated/_Collections.kt:502
-	var	last	-	0	var last = iterator.next()	commonMain/generated/_Collections.kt:505
-	fun	lastOrNull	-	0	public fun <T> List<T>.lastOrNull(): T? {	commonMain/generated/_Collections.kt:518
-	fun	lastOrNull	-	0	public inline fun <T> Iterable<T>.lastOrNull(predicate: (T) -> Boolean): T? {	commonMain/generated/_Collections.kt:527
-	var	T	-	0	var last: T? = null	commonMain/generated/_Collections.kt:528
-	fun	lastOrNull	-	0	public inline fun <T> List<T>.lastOrNull(predicate: (T) -> Boolean): T? {	commonMain/generated/_Collections.kt:542
-	val	iterator	-	0	val iterator = this.listIterator(size)	commonMain/generated/_Collections.kt:543
-	val	element	-	0	val element = iterator.previous()	commonMain/generated/_Collections.kt:545
1.3	fun	random	-	0	public inline fun <T> Collection<T>.random(): T {	commonMain/generated/_Collections.kt:558
1.3	fun	random	-	0	public fun <T> Collection<T>.random(random: Random): T {	commonMain/generated/_Collections.kt:568
1.4	fun	randomOrNull	-	0	public inline fun <T> Collection<T>.randomOrNull(): T? {	commonMain/generated/_Collections.kt:579
1.4	fun	randomOrNull	-	0	public fun <T> Collection<T>.randomOrNull(random: Random): T? {	commonMain/generated/_Collections.kt:587
-	fun	single	-	0	public fun <T> Iterable<T>.single(): T {	commonMain/generated/_Collections.kt:596
-	val	iterator	-	0	val iterator = iterator()	commonMain/generated/_Collections.kt:600
-	val	single	-	0	val single = iterator.next()	commonMain/generated/_Collections.kt:603
-	fun	single	-	0	public fun <T> List<T>.single(): T {	commonMain/generated/_Collections.kt:614
-	fun	single	-	0	public inline fun <T> Iterable<T>.single(predicate: (T) -> Boolean): T {	commonMain/generated/_Collections.kt:625
-	var	T	-	0	var single: T? = null	commonMain/generated/_Collections.kt:626
-	var	found	-	0	var found = false	commonMain/generated/_Collections.kt:627
-	fun	singleOrNull	-	0	public fun <T> Iterable<T>.singleOrNull(): T? {	commonMain/generated/_Collections.kt:643
-	val	iterator	-	0	val iterator = iterator()	commonMain/generated/_Collections.kt:647
-	val	single	-	0	val single = iterator.next()	commonMain/generated/_Collections.kt:650
-	fun	singleOrNull	-	0	public fun <T> List<T>.singleOrNull(): T? {	commonMain/generated/_Collections.kt:661
-	fun	singleOrNull	-	0	public inline fun <T> Iterable<T>.singleOrNull(predicate: (T) -> Boolean): T? {	commonMain/generated/_Collections.kt:668
-	var	T	-	0	var single: T? = null	commonMain/generated/_Collections.kt:669
-	var	found	-	0	var found = false	commonMain/generated/_Collections.kt:670
-	fun	drop	-	0	public fun <T> Iterable<T>.drop(n: Int): List<T> {	commonMain/generated/_Collections.kt:689
-	val	ArrayList	-	0	val list: ArrayList<T>	commonMain/generated/_Collections.kt:692
-	val	resultSize	-	0	val resultSize = size - n	commonMain/generated/_Collections.kt:694
-	var	count	-	0	var count = 0	commonMain/generated/_Collections.kt:714
-	fun	dropLast	-	0	public fun <T> List<T>.dropLast(n: Int): List<T> {	commonMain/generated/_Collections.kt:728
-	fun	dropLastWhile	-	0	public inline fun <T> List<T>.dropLastWhile(predicate: (T) -> Boolean): List<T> {	commonMain/generated/_Collections.kt:738
-	val	iterator	-	0	val iterator = listIterator(size)	commonMain/generated/_Collections.kt:740
-	fun	dropWhile	-	0	public inline fun <T> Iterable<T>.dropWhile(predicate: (T) -> Boolean): List<T> {	commonMain/generated/_Collections.kt:755
-	var	yielding	-	0	var yielding = false	commonMain/generated/_Collections.kt:756
-	val	list	-	0	val list = ArrayList<T>()	commonMain/generated/_Collections.kt:757
-	fun	filter	-	0	public inline fun <T> Iterable<T>.filter(predicate: (T) -> Boolean): List<T> {	commonMain/generated/_Collections.kt:773
-	fun	filterIndexed	-	1	public inline fun <T> Iterable<T>.filterIndexed(predicate: (index: Int, T) -> Boolean): List<T> {	commonMain/generated/_Collections.kt:784
-	fun	filterIndexedTo	-	3	public inline fun <T, C : MutableCollection<in T>> Iterable<T>.filterIndexedTo(destination: C, predicate: (index: Int, T) -> Boolean): C {	commonMain/generated/_Collections.kt:795
-	fun	filterIsInstance	-	0	public inline fun <reified R> Iterable<*>.filterIsInstance(): List<@kotlin.internal.NoInfer R> {	commonMain/generated/_Collections.kt:807
-	fun	filterIsInstanceTo	-	1	public inline fun <reified R, C : MutableCollection<in R>> Iterable<*>.filterIsInstanceTo(destination: C): C {	commonMain/generated/_Collections.kt:816
-	fun	filterNot	-	0	public inline fun <T> Iterable<T>.filterNot(predicate: (T) -> Boolean): List<T> {	commonMain/generated/_Collections.kt:826
-	fun	filterNotNull	-	0	public fun <T : Any> Iterable<T?>.filterNotNull(): List<T> {	commonMain/generated/_Collections.kt:835
-	fun	filterNotNullTo	-	1	public fun <C : MutableCollection<in T>, T : Any> Iterable<T?>.filterNotNullTo(destination: C): C {	commonMain/generated/_Collections.kt:844
-	fun	filterNotTo	-	2	public inline fun <T, C : MutableCollection<in T>> Iterable<T>.filterNotTo(destination: C, predicate: (T) -> Boolean): C {	commonMain/generated/_Collections.kt:854
-	fun	filterTo	-	2	public inline fun <T, C : MutableCollection<in T>> Iterable<T>.filterTo(destination: C, predicate: (T) -> Boolean): C {	commonMain/generated/_Collections.kt:864
-	fun	slice	-	0	public fun <T> List<T>.slice(indices: IntRange): List<T> {	commonMain/generated/_Collections.kt:872
-	fun	slice	-	0	public fun <T> List<T>.slice(indices: Iterable<Int>): List<T> {	commonMain/generated/_Collections.kt:880
-	val	size	-	0	val size = indices.collectionSizeOrDefault(10)	commonMain/generated/_Collections.kt:881
-	val	list	-	0	val list = ArrayList<T>(size)	commonMain/generated/_Collections.kt:883
-	fun	take	-	0	public fun <T> Iterable<T>.take(n: Int): List<T> {	commonMain/generated/_Collections.kt:897
-	var	count	-	0	var count = 0	commonMain/generated/_Collections.kt:904
-	val	list	-	0	val list = ArrayList<T>(n)	commonMain/generated/_Collections.kt:905
-	fun	takeLast	-	0	public fun <T> List<T>.takeLast(n: Int): List<T> {	commonMain/generated/_Collections.kt:921
-	val	size	-	0	val size = size	commonMain/generated/_Collections.kt:924
-	val	list	-	0	val list = ArrayList<T>(n)	commonMain/generated/_Collections.kt:927
-	fun	takeLastWhile	-	0	public inline fun <T> List<T>.takeLastWhile(predicate: (T) -> Boolean): List<T> {	commonMain/generated/_Collections.kt:943
-	val	iterator	-	0	val iterator = listIterator(size)	commonMain/generated/_Collections.kt:946
-	val	expectedSize	-	0	val expectedSize = size - iterator.nextIndex()	commonMain/generated/_Collections.kt:950
-	fun	takeWhile	-	0	public inline fun <T> Iterable<T>.takeWhile(predicate: (T) -> Boolean): List<T> {	commonMain/generated/_Collections.kt:966
-	val	list	-	0	val list = ArrayList<T>()	commonMain/generated/_Collections.kt:967
-	fun	reverse	-	0	public expect fun <T> MutableList<T>.reverse(): Unit	commonMain/generated/_Collections.kt:979
-	fun	reversed	-	0	public fun <T> Iterable<T>.reversed(): List<T> {	commonMain/generated/_Collections.kt:984
-	val	list	-	0	val list = toMutableList()	commonMain/generated/_Collections.kt:986
1.3	fun	shuffle	-	0	public fun <T> MutableList<T>.shuffle(random: Random): Unit {	commonMain/generated/_Collections.kt:997
-	val	j	-	0	val j = random.nextInt(i + 1)	commonMain/generated/_Collections.kt:999
-	fun	sortBy	-	1	public inline fun <T, R : Comparable<R>> MutableList<T>.sortBy(crossinline selector: (T) -> R?): Unit {	commonMain/generated/_Collections.kt:1010
-	fun	sortByDescending	-	1	public inline fun <T, R : Comparable<R>> MutableList<T>.sortByDescending(crossinline selector: (T) -> R?): Unit {	commonMain/generated/_Collections.kt:1020
-	fun	sortDescending	-	0	public fun <T : Comparable<T>> MutableList<T>.sortDescending(): Unit {	commonMain/generated/_Collections.kt:1029
-	fun	sorted	-	0	public fun <T : Comparable<T>> Iterable<T>.sorted(): List<T> {	commonMain/generated/_Collections.kt:1038
-	fun	sortedBy	-	1	public inline fun <T, R : Comparable<R>> Iterable<T>.sortedBy(crossinline selector: (T) -> R?): List<T> {	commonMain/generated/_Collections.kt:1055
-	fun	sortedByDescending	-	1	public inline fun <T, R : Comparable<R>> Iterable<T>.sortedByDescending(crossinline selector: (T) -> R?): List<T> {	commonMain/generated/_Collections.kt:1067
-	fun	sortedDescending	-	0	public fun <T : Comparable<T>> Iterable<T>.sortedDescending(): List<T> {	commonMain/generated/_Collections.kt:1076
-	fun	sortedWith	-	0	public fun <T> Iterable<T>.sortedWith(comparator: Comparator<in T>): List<T> {	commonMain/generated/_Collections.kt:1085
-	fun	toBooleanArray	-	0	public fun Collection<Boolean>.toBooleanArray(): BooleanArray {	commonMain/generated/_Collections.kt:1097
-	val	result	-	0	val result = BooleanArray(size)	commonMain/generated/_Collections.kt:1098
-	var	index	-	0	var index = 0	commonMain/generated/_Collections.kt:1099
-	fun	toByteArray	-	0	public fun Collection<Byte>.toByteArray(): ByteArray {	commonMain/generated/_Collections.kt:1108
-	val	result	-	0	val result = ByteArray(size)	commonMain/generated/_Collections.kt:1109
-	var	index	-	0	var index = 0	commonMain/generated/_Collections.kt:1110
-	fun	toCharArray	-	0	public fun Collection<Char>.toCharArray(): CharArray {	commonMain/generated/_Collections.kt:1119
-	val	result	-	0	val result = CharArray(size)	commonMain/generated/_Collections.kt:1120
-	var	index	-	0	var index = 0	commonMain/generated/_Collections.kt:1121
-	fun	toDoubleArray	-	0	public fun Collection<Double>.toDoubleArray(): DoubleArray {	commonMain/generated/_Collections.kt:1130
-	val	result	-	0	val result = DoubleArray(size)	commonMain/generated/_Collections.kt:1131
-	var	index	-	0	var index = 0	commonMain/generated/_Collections.kt:1132
-	fun	toFloatArray	-	0	public fun Collection<Float>.toFloatArray(): FloatArray {	commonMain/generated/_Collections.kt:1141
-	val	result	-	0	val result = FloatArray(size)	commonMain/generated/_Collections.kt:1142
-	var	index	-	0	var index = 0	commonMain/generated/_Collections.kt:1143
-	fun	toIntArray	-	0	public fun Collection<Int>.toIntArray(): IntArray {	commonMain/generated/_Collections.kt:1152
-	val	result	-	0	val result = IntArray(size)	commonMain/generated/_Collections.kt:1153
-	var	index	-	0	var index = 0	commonMain/generated/_Collections.kt:1154
-	fun	toLongArray	-	0	public fun Collection<Long>.toLongArray(): LongArray {	commonMain/generated/_Collections.kt:1163
-	val	result	-	0	val result = LongArray(size)	commonMain/generated/_Collections.kt:1164
-	var	index	-	0	var index = 0	commonMain/generated/_Collections.kt:1165
-	fun	toShortArray	-	0	public fun Collection<Short>.toShortArray(): ShortArray {	commonMain/generated/_Collections.kt:1174
-	val	result	-	0	val result = ShortArray(size)	commonMain/generated/_Collections.kt:1175
-	var	index	-	0	var index = 0	commonMain/generated/_Collections.kt:1176
-	fun	associate	-	4	public inline fun <T, K, V> Iterable<T>.associate(transform: (T) -> Pair<K, V>): Map<K, V> {	commonMain/generated/_Collections.kt:1192
-	val	capacity	-	0	val capacity = mapCapacity(collectionSizeOrDefault(10)).coerceAtLeast(16)	commonMain/generated/_Collections.kt:1193
-	fun	associateBy	-	2	public inline fun <T, K> Iterable<T>.associateBy(keySelector: (T) -> K): Map<K, T> {	commonMain/generated/_Collections.kt:1207
-	val	capacity	-	0	val capacity = mapCapacity(collectionSizeOrDefault(10)).coerceAtLeast(16)	commonMain/generated/_Collections.kt:1208
-	fun	associateBy	-	4	public inline fun <T, K, V> Iterable<T>.associateBy(keySelector: (T) -> K, valueTransform: (T) -> V): Map<K, V> {	commonMain/generated/_Collections.kt:1221
-	val	capacity	-	0	val capacity = mapCapacity(collectionSizeOrDefault(10)).coerceAtLeast(16)	commonMain/generated/_Collections.kt:1222
-	fun	associateByTo	-	4	public inline fun <T, K, M : MutableMap<in K, in T>> Iterable<T>.associateByTo(destination: M, keySelector: (T) -> K): M {	commonMain/generated/_Collections.kt:1235
-	fun	associateByTo	-	6	public inline fun <T, K, V, M : MutableMap<in K, in V>> Iterable<T>.associateByTo(destination: M, keySelector: (T) -> K, valueTransform: (T) -> V): M {	commonMain/generated/_Collections.kt:1251
-	fun	associateTo	-	6	public inline fun <T, K, V, M : MutableMap<in K, in V>> Iterable<T>.associateTo(destination: M, transform: (T) -> Pair<K, V>): M {	commonMain/generated/_Collections.kt:1266
1.3	fun	associateWith	-	2	public inline fun <K, V> Iterable<K>.associateWith(valueSelector: (K) -> V): Map<K, V> {	commonMain/generated/_Collections.kt:1284
-	val	result	-	1	val result = LinkedHashMap<K, V>(mapCapacity(collectionSizeOrDefault(10)).coerceAtLeast(16))	commonMain/generated/_Collections.kt:1285
1.3	fun	associateWithTo	-	4	public inline fun <K, V, M : MutableMap<in K, in V>> Iterable<K>.associateWithTo(destination: M, valueSelector: (K) -> V): M {	commonMain/generated/_Collections.kt:1298
-	fun	toCollection	-	1	public fun <T, C : MutableCollection<in T>> Iterable<T>.toCollection(destination: C): C {	commonMain/generated/_Collections.kt:1308
-	fun	toHashSet	-	0	public fun <T> Iterable<T>.toHashSet(): HashSet<T> {	commonMain/generated/_Collections.kt:1318
-	fun	toList	-	0	public fun <T> Iterable<T>.toList(): List<T> {	commonMain/generated/_Collections.kt:1325
-	fun	toMutableList	-	0	public fun <T> Iterable<T>.toMutableList(): MutableList<T> {	commonMain/generated/_Collections.kt:1339
-	fun	toMutableList	-	0	public fun <T> Collection<T>.toMutableList(): MutableList<T> {	commonMain/generated/_Collections.kt:1348
-	fun	toSet	-	0	public fun <T> Iterable<T>.toSet(): Set<T> {	commonMain/generated/_Collections.kt:1357
-	fun	flatMap	-	1	public inline fun <T, R> Iterable<T>.flatMap(transform: (T) -> Iterable<R>): List<R> {	commonMain/generated/_Collections.kt:1373
1.4	fun	flatMap	-	1	public inline fun <T, R> Iterable<T>.flatMap(transform: (T) -> Sequence<R>): List<R> {	commonMain/generated/_Collections.kt:1386
1.4	fun	flatMapIndexed	-	2	public inline fun <T, R> Iterable<T>.flatMapIndexed(transform: (index: Int, T) -> Iterable<R>): List<R> {	commonMain/generated/_Collections.kt:1401
1.4	fun	flatMapIndexed	-	2	public inline fun <T, R> Iterable<T>.flatMapIndexed(transform: (index: Int, T) -> Sequence<R>): List<R> {	commonMain/generated/_Collections.kt:1416
1.4	fun	flatMapIndexedTo	-	4	public inline fun <T, R, C : MutableCollection<in R>> Iterable<T>.flatMapIndexedTo(destination: C, transform: (index: Int, T) -> Iterable<R>): C {	commonMain/generated/_Collections.kt:1429
-	var	index	-	0	var index = 0	commonMain/generated/_Collections.kt:1430
-	val	list	-	1	val list = transform(checkIndexOverflow(index++), element)	commonMain/generated/_Collections.kt:1432
1.4	fun	flatMapIndexedTo	-	4	public inline fun <T, R, C : MutableCollection<in R>> Iterable<T>.flatMapIndexedTo(destination: C, transform: (index: Int, T) -> Sequence<R>): C {	commonMain/generated/_Collections.kt:1447
-	var	index	-	0	var index = 0	commonMain/generated/_Collections.kt:1448
-	val	list	-	1	val list = transform(checkIndexOverflow(index++), element)	commonMain/generated/_Collections.kt:1450
-	fun	flatMapTo	-	3	public inline fun <T, R, C : MutableCollection<in R>> Iterable<T>.flatMapTo(destination: C, transform: (T) -> Iterable<R>): C {	commonMain/generated/_Collections.kt:1459
-	val	list	-	0	val list = transform(element)	commonMain/generated/_Collections.kt:1461
1.4	fun	flatMapTo	-	3	public inline fun <T, R, C : MutableCollection<in R>> Iterable<T>.flatMapTo(destination: C, transform: (T) -> Sequence<R>): C {	commonMain/generated/_Collections.kt:1474
-	val	list	-	0	val list = transform(element)	commonMain/generated/_Collections.kt:1476
-	fun	groupBy	-	2	public inline fun <T, K> Iterable<T>.groupBy(keySelector: (T) -> K): Map<K, List<T>> {	commonMain/generated/_Collections.kt:1490
-	fun	groupBy	-	4	public inline fun <T, K, V> Iterable<T>.groupBy(keySelector: (T) -> K, valueTransform: (T) -> V): Map<K, List<V>> {	commonMain/generated/_Collections.kt:1503
-	fun	groupByTo	-	4	public inline fun <T, K, M : MutableMap<in K, MutableList<T>>> Iterable<T>.groupByTo(destination: M, keySelector: (T) -> K): M {	commonMain/generated/_Collections.kt:1515
-	val	key	-	0	val key = keySelector(element)	commonMain/generated/_Collections.kt:1517
-	val	list	-	0	val list = destination.getOrPut(key) { ArrayList<T>() }	commonMain/generated/_Collections.kt:1518
-	fun	groupByTo	-	6	public inline fun <T, K, V, M : MutableMap<in K, MutableList<V>>> Iterable<T>.groupByTo(destination: M, keySelector: (T) -> K, valueTransform: (T) -> V): M {	commonMain/generated/_Collections.kt:1533
-	val	key	-	0	val key = keySelector(element)	commonMain/generated/_Collections.kt:1535
-	val	list	-	0	val list = destination.getOrPut(key) { ArrayList<V>() }	commonMain/generated/_Collections.kt:1536
1.1	fun	groupingBy	-	2	public inline fun <T, K> Iterable<T>.groupingBy(crossinline keySelector: (T) -> K): Grouping<T, K> {	commonMain/generated/_Collections.kt:1549
-	fun	map	-	1	public inline fun <T, R> Iterable<T>.map(transform: (T) -> R): List<R> {	commonMain/generated/_Collections.kt:1562
-	fun	mapIndexed	-	2	public inline fun <T, R> Iterable<T>.mapIndexed(transform: (index: Int, T) -> R): List<R> {	commonMain/generated/_Collections.kt:1572
-	fun	mapIndexedNotNull	-	2	public inline fun <T, R : Any> Iterable<T>.mapIndexedNotNull(transform: (index: Int, T) -> R?): List<R> {	commonMain/generated/_Collections.kt:1582
-	fun	mapIndexedNotNullTo	-	4	public inline fun <T, R : Any, C : MutableCollection<in R>> Iterable<T>.mapIndexedNotNullTo(destination: C, transform: (index: Int, T) -> R?): C {	commonMain/generated/_Collections.kt:1592
-	fun	mapIndexedTo	-	4	public inline fun <T, R, C : MutableCollection<in R>> Iterable<T>.mapIndexedTo(destination: C, transform: (index: Int, T) -> R): C {	commonMain/generated/_Collections.kt:1603
-	var	index	-	0	var index = 0	commonMain/generated/_Collections.kt:1604
-	fun	mapNotNull	-	1	public inline fun <T, R : Any> Iterable<T>.mapNotNull(transform: (T) -> R?): List<R> {	commonMain/generated/_Collections.kt:1616
-	fun	mapNotNullTo	-	3	public inline fun <T, R : Any, C : MutableCollection<in R>> Iterable<T>.mapNotNullTo(destination: C, transform: (T) -> R?): C {	commonMain/generated/_Collections.kt:1624
-	fun	mapTo	-	3	public inline fun <T, R, C : MutableCollection<in R>> Iterable<T>.mapTo(destination: C, transform: (T) -> R): C {	commonMain/generated/_Collections.kt:1633
-	fun	withIndex	-	0	public fun <T> Iterable<T>.withIndex(): Iterable<IndexedValue<T>> {	commonMain/generated/_Collections.kt:1643
-	fun	distinct	-	0	public fun <T> Iterable<T>.distinct(): List<T> {	commonMain/generated/_Collections.kt:1655
-	fun	distinctBy	-	1	public inline fun <T, K> Iterable<T>.distinctBy(selector: (T) -> K): List<T> {	commonMain/generated/_Collections.kt:1668
-	val	set	-	0	val set = HashSet<K>()	commonMain/generated/_Collections.kt:1669
-	val	list	-	0	val list = ArrayList<T>()	commonMain/generated/_Collections.kt:1670
-	val	key	-	0	val key = selector(e)	commonMain/generated/_Collections.kt:1672
-	fun	intersect	-	0	public infix fun <T> Iterable<T>.intersect(other: Iterable<T>): Set<T> {	commonMain/generated/_Collections.kt:1686
-	val	set	-	0	val set = this.toMutableSet()	commonMain/generated/_Collections.kt:1687
-	fun	subtract	-	0	public infix fun <T> Iterable<T>.subtract(other: Iterable<T>): Set<T> {	commonMain/generated/_Collections.kt:1697
-	val	set	-	0	val set = this.toMutableSet()	commonMain/generated/_Collections.kt:1698
-	fun	toMutableSet	-	0	public fun <T> Iterable<T>.toMutableSet(): MutableSet<T> {	commonMain/generated/_Collections.kt:1708
-	fun	union	-	0	public infix fun <T> Iterable<T>.union(other: Iterable<T>): Set<T> {	commonMain/generated/_Collections.kt:1724
-	val	set	-	0	val set = this.toMutableSet()	commonMain/generated/_Collections.kt:1725
-	fun	all	-	0	public inline fun <T> Iterable<T>.all(predicate: (T) -> Boolean): Boolean {	commonMain/generated/_Collections.kt:1739
-	fun	any	-	0	public fun <T> Iterable<T>.any(): Boolean {	commonMain/generated/_Collections.kt:1750
-	fun	any	-	0	public inline fun <T> Iterable<T>.any(predicate: (T) -> Boolean): Boolean {	commonMain/generated/_Collections.kt:1760
-	fun	count	-	0	public fun <T> Iterable<T>.count(): Int {	commonMain/generated/_Collections.kt:1769
-	var	count	-	0	var count = 0	commonMain/generated/_Collections.kt:1771
-	fun	count	-	0	public inline fun <T> Collection<T>.count(): Int {	commonMain/generated/_Collections.kt:1780
-	fun	count	-	0	public inline fun <T> Iterable<T>.count(predicate: (T) -> Boolean): Int {	commonMain/generated/_Collections.kt:1787
-	var	count	-	0	var count = 0	commonMain/generated/_Collections.kt:1789
-	fun	fold	-	3	public inline fun <T, R> Iterable<T>.fold(initial: R, operation: (acc: R, T) -> R): R {	commonMain/generated/_Collections.kt:1802
-	var	accumulator	-	0	var accumulator = initial	commonMain/generated/_Collections.kt:1803
-	fun	foldIndexed	-	4	public inline fun <T, R> Iterable<T>.foldIndexed(initial: R, operation: (index: Int, acc: R, T) -> R): R {	commonMain/generated/_Collections.kt:1817
-	var	index	-	0	var index = 0	commonMain/generated/_Collections.kt:1818
-	var	accumulator	-	0	var accumulator = initial	commonMain/generated/_Collections.kt:1819
-	fun	foldRight	-	3	public inline fun <T, R> List<T>.foldRight(initial: R, operation: (T, acc: R) -> R): R {	commonMain/generated/_Collections.kt:1832
-	var	accumulator	-	0	var accumulator = initial	commonMain/generated/_Collections.kt:1833
-	val	iterator	-	0	val iterator = listIterator(size)	commonMain/generated/_Collections.kt:1835
-	fun	foldRightIndexed	-	4	public inline fun <T, R> List<T>.foldRightIndexed(initial: R, operation: (index: Int, T, acc: R) -> R): R {	commonMain/generated/_Collections.kt:1852
-	var	accumulator	-	0	var accumulator = initial	commonMain/generated/_Collections.kt:1853
-	val	iterator	-	0	val iterator = listIterator(size)	commonMain/generated/_Collections.kt:1855
-	val	index	-	0	val index = iterator.previousIndex()	commonMain/generated/_Collections.kt:1857
-	fun	forEach	-	0	public inline fun <T> Iterable<T>.forEach(action: (T) -> Unit): Unit {	commonMain/generated/_Collections.kt:1868
-	fun	forEachIndexed	-	1	public inline fun <T> Iterable<T>.forEachIndexed(action: (index: Int, T) -> Unit): Unit {	commonMain/generated/_Collections.kt:1877
-	var	index	-	0	var index = 0	commonMain/generated/_Collections.kt:1878
1.7	fun	max	-	0	public fun Iterable<Double>.max(): Double {	commonMain/generated/_Collections.kt:1894
-	val	iterator	-	0	val iterator = iterator()	commonMain/generated/_Collections.kt:1895
-	var	max	-	0	var max = iterator.next()	commonMain/generated/_Collections.kt:1897
-	val	e	-	0	val e = iterator.next()	commonMain/generated/_Collections.kt:1899
1.7	fun	max	-	0	public fun Iterable<Float>.max(): Float {	commonMain/generated/_Collections.kt:1917
-	val	iterator	-	0	val iterator = iterator()	commonMain/generated/_Collections.kt:1918
-	var	max	-	0	var max = iterator.next()	commonMain/generated/_Collections.kt:1920
-	val	e	-	0	val e = iterator.next()	commonMain/generated/_Collections.kt:1922
1.7	fun	max	-	0	public fun <T : Comparable<T>> Iterable<T>.max(): T {	commonMain/generated/_Collections.kt:1940
-	val	iterator	-	0	val iterator = iterator()	commonMain/generated/_Collections.kt:1941
-	var	max	-	0	var max = iterator.next()	commonMain/generated/_Collections.kt:1943
-	val	e	-	0	val e = iterator.next()	commonMain/generated/_Collections.kt:1945
1.7	fun	maxBy	-	1	public inline fun <T, R : Comparable<R>> Iterable<T>.maxBy(selector: (T) -> R): T {	commonMain/generated/_Collections.kt:1968
-	val	iterator	-	0	val iterator = iterator()	commonMain/generated/_Collections.kt:1969
-	var	maxElem	-	0	var maxElem = iterator.next()	commonMain/generated/_Collections.kt:1971
-	var	maxValue	-	0	var maxValue = selector(maxElem)	commonMain/generated/_Collections.kt:1973
-	val	e	-	0	val e = iterator.next()	commonMain/generated/_Collections.kt:1975
-	val	v	-	0	val v = selector(e)	commonMain/generated/_Collections.kt:1976
1.4	fun	maxByOrNull	-	1	public inline fun <T, R : Comparable<R>> Iterable<T>.maxByOrNull(selector: (T) -> R): T? {	commonMain/generated/_Collections.kt:1998
-	val	iterator	-	0	val iterator = iterator()	commonMain/generated/_Collections.kt:1999
-	var	maxElem	-	0	var maxElem = iterator.next()	commonMain/generated/_Collections.kt:2001
-	var	maxValue	-	0	var maxValue = selector(maxElem)	commonMain/generated/_Collections.kt:2003
-	val	e	-	0	val e = iterator.next()	commonMain/generated/_Collections.kt:2005
-	val	v	-	0	val v = selector(e)	commonMain/generated/_Collections.kt:2006
1.4	fun	maxOf	-	0	public inline fun <T> Iterable<T>.maxOf(selector: (T) -> Double): Double {	commonMain/generated/_Collections.kt:2029
-	val	iterator	-	0	val iterator = iterator()	commonMain/generated/_Collections.kt:2030
-	var	maxValue	-	0	var maxValue = selector(iterator.next())	commonMain/generated/_Collections.kt:2032
-	val	v	-	0	val v = selector(iterator.next())	commonMain/generated/_Collections.kt:2034
1.4	fun	maxOf	-	0	public inline fun <T> Iterable<T>.maxOf(selector: (T) -> Float): Float {	commonMain/generated/_Collections.kt:2054
-	val	iterator	-	0	val iterator = iterator()	commonMain/generated/_Collections.kt:2055
-	var	maxValue	-	0	var maxValue = selector(iterator.next())	commonMain/generated/_Collections.kt:2057
-	val	v	-	0	val v = selector(iterator.next())	commonMain/generated/_Collections.kt:2059
1.4	fun	maxOf	-	1	public inline fun <T, R : Comparable<R>> Iterable<T>.maxOf(selector: (T) -> R): R {	commonMain/generated/_Collections.kt:2079
-	val	iterator	-	0	val iterator = iterator()	commonMain/generated/_Collections.kt:2080
-	var	maxValue	-	0	var maxValue = selector(iterator.next())	commonMain/generated/_Collections.kt:2082
-	val	v	-	0	val v = selector(iterator.next())	commonMain/generated/_Collections.kt:2084
1.4	fun	maxOfOrNull	-	0	public inline fun <T> Iterable<T>.maxOfOrNull(selector: (T) -> Double): Double? {	commonMain/generated/_Collections.kt:2104
-	val	iterator	-	0	val iterator = iterator()	commonMain/generated/_Collections.kt:2105
-	var	maxValue	-	0	var maxValue = selector(iterator.next())	commonMain/generated/_Collections.kt:2107
-	val	v	-	0	val v = selector(iterator.next())	commonMain/generated/_Collections.kt:2109
1.4	fun	maxOfOrNull	-	0	public inline fun <T> Iterable<T>.maxOfOrNull(selector: (T) -> Float): Float? {	commonMain/generated/_Collections.kt:2127
-	val	iterator	-	0	val iterator = iterator()	commonMain/generated/_Collections.kt:2128
-	var	maxValue	-	0	var maxValue = selector(iterator.next())	commonMain/generated/_Collections.kt:2130
-	val	v	-	0	val v = selector(iterator.next())	commonMain/generated/_Collections.kt:2132
1.4	fun	maxOfOrNull	-	1	public inline fun <T, R : Comparable<R>> Iterable<T>.maxOfOrNull(selector: (T) -> R): R? {	commonMain/generated/_Collections.kt:2150
-	val	iterator	-	0	val iterator = iterator()	commonMain/generated/_Collections.kt:2151
-	var	maxValue	-	0	var maxValue = selector(iterator.next())	commonMain/generated/_Collections.kt:2153
-	val	v	-	0	val v = selector(iterator.next())	commonMain/generated/_Collections.kt:2155
1.4	fun	maxOfWith	-	2	public inline fun <T, R> Iterable<T>.maxOfWith(comparator: Comparator<in R>, selector: (T) -> R): R {	commonMain/generated/_Collections.kt:2177
-	val	iterator	-	0	val iterator = iterator()	commonMain/generated/_Collections.kt:2178
-	var	maxValue	-	0	var maxValue = selector(iterator.next())	commonMain/generated/_Collections.kt:2180
-	val	v	-	0	val v = selector(iterator.next())	commonMain/generated/_Collections.kt:2182
1.4	fun	maxOfWithOrNull	-	2	public inline fun <T, R> Iterable<T>.maxOfWithOrNull(comparator: Comparator<in R>, selector: (T) -> R): R? {	commonMain/generated/_Collections.kt:2202
-	val	iterator	-	0	val iterator = iterator()	commonMain/generated/_Collections.kt:2203
-	var	maxValue	-	0	var maxValue = selector(iterator.next())	commonMain/generated/_Collections.kt:2205
-	val	v	-	0	val v = selector(iterator.next())	commonMain/generated/_Collections.kt:2207
1.4	fun	maxOrNull	-	0	public fun Iterable<Double>.maxOrNull(): Double? {	commonMain/generated/_Collections.kt:2223
-	val	iterator	-	0	val iterator = iterator()	commonMain/generated/_Collections.kt:2224
-	var	max	-	0	var max = iterator.next()	commonMain/generated/_Collections.kt:2226
-	val	e	-	0	val e = iterator.next()	commonMain/generated/_Collections.kt:2228
1.4	fun	maxOrNull	-	0	public fun Iterable<Float>.maxOrNull(): Float? {	commonMain/generated/_Collections.kt:2242
-	val	iterator	-	0	val iterator = iterator()	commonMain/generated/_Collections.kt:2243
-	var	max	-	0	var max = iterator.next()	commonMain/generated/_Collections.kt:2245
-	val	e	-	0	val e = iterator.next()	commonMain/generated/_Collections.kt:2247
1.4	fun	maxOrNull	-	0	public fun <T : Comparable<T>> Iterable<T>.maxOrNull(): T? {	commonMain/generated/_Collections.kt:2261
-	val	iterator	-	0	val iterator = iterator()	commonMain/generated/_Collections.kt:2262
-	var	max	-	0	var max = iterator.next()	commonMain/generated/_Collections.kt:2264
-	val	e	-	0	val e = iterator.next()	commonMain/generated/_Collections.kt:2266
1.7	fun	maxWith	-	0	public fun <T> Iterable<T>.maxWith(comparator: Comparator<in T>): T {	commonMain/generated/_Collections.kt:2280
-	val	iterator	-	0	val iterator = iterator()	commonMain/generated/_Collections.kt:2281
-	var	max	-	0	var max = iterator.next()	commonMain/generated/_Collections.kt:2283
-	val	e	-	0	val e = iterator.next()	commonMain/generated/_Collections.kt:2285
1.4	fun	maxWithOrNull	-	0	public fun <T> Iterable<T>.maxWithOrNull(comparator: Comparator<in T>): T? {	commonMain/generated/_Collections.kt:2295
-	val	iterator	-	0	val iterator = iterator()	commonMain/generated/_Collections.kt:2296
-	var	max	-	0	var max = iterator.next()	commonMain/generated/_Collections.kt:2298
-	val	e	-	0	val e = iterator.next()	commonMain/generated/_Collections.kt:2300
1.7	fun	min	-	0	public fun Iterable<Double>.min(): Double {	commonMain/generated/_Collections.kt:2318
-	val	iterator	-	0	val iterator = iterator()	commonMain/generated/_Collections.kt:2319
-	var	min	-	0	var min = iterator.next()	commonMain/generated/_Collections.kt:2321
-	val	e	-	0	val e = iterator.next()	commonMain/generated/_Collections.kt:2323
1.7	fun	min	-	0	public fun Iterable<Float>.min(): Float {	commonMain/generated/_Collections.kt:2341
-	val	iterator	-	0	val iterator = iterator()	commonMain/generated/_Collections.kt:2342
-	var	min	-	0	var min = iterator.next()	commonMain/generated/_Collections.kt:2344
-	val	e	-	0	val e = iterator.next()	commonMain/generated/_Collections.kt:2346
1.7	fun	min	-	0	public fun <T : Comparable<T>> Iterable<T>.min(): T {	commonMain/generated/_Collections.kt:2364
-	val	iterator	-	0	val iterator = iterator()	commonMain/generated/_Collections.kt:2365
-	var	min	-	0	var min = iterator.next()	commonMain/generated/_Collections.kt:2367
-	val	e	-	0	val e = iterator.next()	commonMain/generated/_Collections.kt:2369
1.7	fun	minBy	-	1	public inline fun <T, R : Comparable<R>> Iterable<T>.minBy(selector: (T) -> R): T {	commonMain/generated/_Collections.kt:2392
-	val	iterator	-	0	val iterator = iterator()	commonMain/generated/_Collections.kt:2393
-	var	minElem	-	0	var minElem = iterator.next()	commonMain/generated/_Collections.kt:2395
-	var	minValue	-	0	var minValue = selector(minElem)	commonMain/generated/_Collections.kt:2397
-	val	e	-	0	val e = iterator.next()	commonMain/generated/_Collections.kt:2399
-	val	v	-	0	val v = selector(e)	commonMain/generated/_Collections.kt:2400
1.4	fun	minByOrNull	-	1	public inline fun <T, R : Comparable<R>> Iterable<T>.minByOrNull(selector: (T) -> R): T? {	commonMain/generated/_Collections.kt:2422
-	val	iterator	-	0	val iterator = iterator()	commonMain/generated/_Collections.kt:2423
-	var	minElem	-	0	var minElem = iterator.next()	commonMain/generated/_Collections.kt:2425
-	var	minValue	-	0	var minValue = selector(minElem)	commonMain/generated/_Collections.kt:2427
-	val	e	-	0	val e = iterator.next()	commonMain/generated/_Collections.kt:2429
-	val	v	-	0	val v = selector(e)	commonMain/generated/_Collections.kt:2430
1.4	fun	minOf	-	0	public inline fun <T> Iterable<T>.minOf(selector: (T) -> Double): Double {	commonMain/generated/_Collections.kt:2453
-	val	iterator	-	0	val iterator = iterator()	commonMain/generated/_Collections.kt:2454
-	var	minValue	-	0	var minValue = selector(iterator.next())	commonMain/generated/_Collections.kt:2456
-	val	v	-	0	val v = selector(iterator.next())	commonMain/generated/_Collections.kt:2458
1.4	fun	minOf	-	0	public inline fun <T> Iterable<T>.minOf(selector: (T) -> Float): Float {	commonMain/generated/_Collections.kt:2478
-	val	iterator	-	0	val iterator = iterator()	commonMain/generated/_Collections.kt:2479
-	var	minValue	-	0	var minValue = selector(iterator.next())	commonMain/generated/_Collections.kt:2481
-	val	v	-	0	val v = selector(iterator.next())	commonMain/generated/_Collections.kt:2483
1.4	fun	minOf	-	1	public inline fun <T, R : Comparable<R>> Iterable<T>.minOf(selector: (T) -> R): R {	commonMain/generated/_Collections.kt:2503
-	val	iterator	-	0	val iterator = iterator()	commonMain/generated/_Collections.kt:2504
-	var	minValue	-	0	var minValue = selector(iterator.next())	commonMain/generated/_Collections.kt:2506
-	val	v	-	0	val v = selector(iterator.next())	commonMain/generated/_Collections.kt:2508
1.4	fun	minOfOrNull	-	0	public inline fun <T> Iterable<T>.minOfOrNull(selector: (T) -> Double): Double? {	commonMain/generated/_Collections.kt:2528
-	val	iterator	-	0	val iterator = iterator()	commonMain/generated/_Collections.kt:2529
-	var	minValue	-	0	var minValue = selector(iterator.next())	commonMain/generated/_Collections.kt:2531
-	val	v	-	0	val v = selector(iterator.next())	commonMain/generated/_Collections.kt:2533
1.4	fun	minOfOrNull	-	0	public inline fun <T> Iterable<T>.minOfOrNull(selector: (T) -> Float): Float? {	commonMain/generated/_Collections.kt:2551
-	val	iterator	-	0	val iterator = iterator()	commonMain/generated/_Collections.kt:2552
-	var	minValue	-	0	var minValue = selector(iterator.next())	commonMain/generated/_Collections.kt:2554
-	val	v	-	0	val v = selector(iterator.next())	commonMain/generated/_Collections.kt:2556
1.4	fun	minOfOrNull	-	1	public inline fun <T, R : Comparable<R>> Iterable<T>.minOfOrNull(selector: (T) -> R): R? {	commonMain/generated/_Collections.kt:2574
-	val	iterator	-	0	val iterator = iterator()	commonMain/generated/_Collections.kt:2575
-	var	minValue	-	0	var minValue = selector(iterator.next())	commonMain/generated/_Collections.kt:2577
-	val	v	-	0	val v = selector(iterator.next())	commonMain/generated/_Collections.kt:2579
1.4	fun	minOfWith	-	2	public inline fun <T, R> Iterable<T>.minOfWith(comparator: Comparator<in R>, selector: (T) -> R): R {	commonMain/generated/_Collections.kt:2601
-	val	iterator	-	0	val iterator = iterator()	commonMain/generated/_Collections.kt:2602
-	var	minValue	-	0	var minValue = selector(iterator.next())	commonMain/generated/_Collections.kt:2604
-	val	v	-	0	val v = selector(iterator.next())	commonMain/generated/_Collections.kt:2606
1.4	fun	minOfWithOrNull	-	2	public inline fun <T, R> Iterable<T>.minOfWithOrNull(comparator: Comparator<in R>, selector: (T) -> R): R? {	commonMain/generated/_Collections.kt:2626
-	val	iterator	-	0	val iterator = iterator()	commonMain/generated/_Collections.kt:2627
-	var	minValue	-	0	var minValue = selector(iterator.next())	commonMain/generated/_Collections.kt:2629
-	val	v	-	0	val v = selector(iterator.next())	commonMain/generated/_Collections.kt:2631
1.4	fun	minOrNull	-	0	public fun Iterable<Double>.minOrNull(): Double? {	commonMain/generated/_Collections.kt:2647
-	val	iterator	-	0	val iterator = iterator()	commonMain/generated/_Collections.kt:2648
-	var	min	-	0	var min = iterator.next()	commonMain/generated/_Collections.kt:2650
-	val	e	-	0	val e = iterator.next()	commonMain/generated/_Collections.kt:2652
1.4	fun	minOrNull	-	0	public fun Iterable<Float>.minOrNull(): Float? {	commonMain/generated/_Collections.kt:2666
-	val	iterator	-	0	val iterator = iterator()	commonMain/generated/_Collections.kt:2667
-	var	min	-	0	var min = iterator.next()	commonMain/generated/_Collections.kt:2669
-	val	e	-	0	val e = iterator.next()	commonMain/generated/_Collections.kt:2671
1.4	fun	minOrNull	-	0	public fun <T : Comparable<T>> Iterable<T>.minOrNull(): T? {	commonMain/generated/_Collections.kt:2685
-	val	iterator	-	0	val iterator = iterator()	commonMain/generated/_Collections.kt:2686
-	var	min	-	0	var min = iterator.next()	commonMain/generated/_Collections.kt:2688
-	val	e	-	0	val e = iterator.next()	commonMain/generated/_Collections.kt:2690
1.7	fun	minWith	-	0	public fun <T> Iterable<T>.minWith(comparator: Comparator<in T>): T {	commonMain/generated/_Collections.kt:2704
-	val	iterator	-	0	val iterator = iterator()	commonMain/generated/_Collections.kt:2705
-	var	min	-	0	var min = iterator.next()	commonMain/generated/_Collections.kt:2707
-	val	e	-	0	val e = iterator.next()	commonMain/generated/_Collections.kt:2709
1.4	fun	minWithOrNull	-	0	public fun <T> Iterable<T>.minWithOrNull(comparator: Comparator<in T>): T? {	commonMain/generated/_Collections.kt:2719
-	val	iterator	-	0	val iterator = iterator()	commonMain/generated/_Collections.kt:2720
-	var	min	-	0	var min = iterator.next()	commonMain/generated/_Collections.kt:2722
-	val	e	-	0	val e = iterator.next()	commonMain/generated/_Collections.kt:2724
-	fun	none	-	0	public fun <T> Iterable<T>.none(): Boolean {	commonMain/generated/_Collections.kt:2735
-	fun	none	-	0	public inline fun <T> Iterable<T>.none(predicate: (T) -> Boolean): Boolean {	commonMain/generated/_Collections.kt:2745
1.1	fun	onEach	C	1	public inline fun <T, C : Iterable<T>> C.onEach(action: (T) -> Unit): C {	commonMain/generated/_Collections.kt:2755
1.4	fun	onEachIndexed	C	2	public inline fun <T, C : Iterable<T>> C.onEachIndexed(action: (index: Int, T) -> Unit): C {	commonMain/generated/_Collections.kt:2766
-	fun	reduce	-	2	public inline fun <S, T : S> Iterable<T>.reduce(operation: (acc: S, T) -> S): S {	commonMain/generated/_Collections.kt:2782
-	val	iterator	-	0	val iterator = this.iterator()	commonMain/generated/_Collections.kt:2783
-	var	S	-	0	var accumulator: S = iterator.next()	commonMain/generated/_Collections.kt:2785
-	fun	reduceIndexed	-	3	public inline fun <S, T : S> Iterable<T>.reduceIndexed(operation: (index: Int, acc: S, T) -> S): S {	commonMain/generated/_Collections.kt:2804
-	val	iterator	-	0	val iterator = this.iterator()	commonMain/generated/_Collections.kt:2805
-	var	index	-	0	var index = 1	commonMain/generated/_Collections.kt:2807
-	var	S	-	0	var accumulator: S = iterator.next()	commonMain/generated/_Collections.kt:2808
1.4	fun	reduceIndexedOrNull	-	3	public inline fun <S, T : S> Iterable<T>.reduceIndexedOrNull(operation: (index: Int, acc: S, T) -> S): S? {	commonMain/generated/_Collections.kt:2827
-	val	iterator	-	0	val iterator = this.iterator()	commonMain/generated/_Collections.kt:2828
-	var	index	-	0	var index = 1	commonMain/generated/_Collections.kt:2830
-	var	S	-	0	var accumulator: S = iterator.next()	commonMain/generated/_Collections.kt:2831
1.4	fun	reduceOrNull	-	2	public inline fun <S, T : S> Iterable<T>.reduceOrNull(operation: (acc: S, T) -> S): S? {	commonMain/generated/_Collections.kt:2850
-	val	iterator	-	0	val iterator = this.iterator()	commonMain/generated/_Collections.kt:2851
-	var	S	-	0	var accumulator: S = iterator.next()	commonMain/generated/_Collections.kt:2853
-	fun	reduceRight	-	2	public inline fun <S, T : S> List<T>.reduceRight(operation: (T, acc: S) -> S): S {	commonMain/generated/_Collections.kt:2872
-	val	iterator	-	0	val iterator = listIterator(size)	commonMain/generated/_Collections.kt:2873
-	var	S	-	0	var accumulator: S = iterator.previous()	commonMain/generated/_Collections.kt:2876
-	fun	reduceRightIndexed	-	3	public inline fun <S, T : S> List<T>.reduceRightIndexed(operation: (index: Int, T, acc: S) -> S): S {	commonMain/generated/_Collections.kt:2895
-	val	iterator	-	0	val iterator = listIterator(size)	commonMain/generated/_Collections.kt:2896
-	var	S	-	0	var accumulator: S = iterator.previous()	commonMain/generated/_Collections.kt:2899
-	val	index	-	0	val index = iterator.previousIndex()	commonMain/generated/_Collections.kt:2901
1.4	fun	reduceRightIndexedOrNull	-	3	public inline fun <S, T : S> List<T>.reduceRightIndexedOrNull(operation: (index: Int, T, acc: S) -> S): S? {	commonMain/generated/_Collections.kt:2919
-	val	iterator	-	0	val iterator = listIterator(size)	commonMain/generated/_Collections.kt:2920
-	var	S	-	0	var accumulator: S = iterator.previous()	commonMain/generated/_Collections.kt:2923
-	val	index	-	0	val index = iterator.previousIndex()	commonMain/generated/_Collections.kt:2925
1.4	fun	reduceRightOrNull	-	2	public inline fun <S, T : S> List<T>.reduceRightOrNull(operation: (T, acc: S) -> S): S? {	commonMain/generated/_Collections.kt:2943
-	val	iterator	-	0	val iterator = listIterator(size)	commonMain/generated/_Collections.kt:2944
-	var	S	-	0	var accumulator: S = iterator.previous()	commonMain/generated/_Collections.kt:2947
1.4	fun	runningFold	-	3	public inline fun <T, R> Iterable<T>.runningFold(initial: R, operation: (acc: R, T) -> R): List<R> {	commonMain/generated/_Collections.kt:2966
-	val	estimatedSize	-	0	val estimatedSize = collectionSizeOrDefault(9)	commonMain/generated/_Collections.kt:2967
-	val	result	-	0	val result = ArrayList<R>(estimatedSize + 1).apply { add(initial) }	commonMain/generated/_Collections.kt:2969
-	var	accumulator	-	0	var accumulator = initial	commonMain/generated/_Collections.kt:2970
1.4	fun	runningFoldIndexed	-	4	public inline fun <T, R> Iterable<T>.runningFoldIndexed(initial: R, operation: (index: Int, acc: R, T) -> R): List<R> {	commonMain/generated/_Collections.kt:2991
-	val	estimatedSize	-	0	val estimatedSize = collectionSizeOrDefault(9)	commonMain/generated/_Collections.kt:2992
-	val	result	-	0	val result = ArrayList<R>(estimatedSize + 1).apply { add(initial) }	commonMain/generated/_Collections.kt:2994
-	var	index	-	0	var index = 0	commonMain/generated/_Collections.kt:2995
-	var	accumulator	-	0	var accumulator = initial	commonMain/generated/_Collections.kt:2996
1.4	fun	runningReduce	-	2	public inline fun <S, T : S> Iterable<T>.runningReduce(operation: (acc: S, T) -> S): List<S> {	commonMain/generated/_Collections.kt:3016
-	val	iterator	-	0	val iterator = this.iterator()	commonMain/generated/_Collections.kt:3017
-	var	S	-	0	var accumulator: S = iterator.next()	commonMain/generated/_Collections.kt:3019
-	val	result	-	0	val result = ArrayList<S>(collectionSizeOrDefault(10)).apply { add(accumulator) }	commonMain/generated/_Collections.kt:3020
1.4	fun	runningReduceIndexed	-	3	public inline fun <S, T : S> Iterable<T>.runningReduceIndexed(operation: (index: Int, acc: S, T) -> S): List<S> {	commonMain/generated/_Collections.kt:3041
-	val	iterator	-	0	val iterator = this.iterator()	commonMain/generated/_Collections.kt:3042
-	var	S	-	0	var accumulator: S = iterator.next()	commonMain/generated/_Collections.kt:3044
-	val	result	-	0	val result = ArrayList<S>(collectionSizeOrDefault(10)).apply { add(accumulator) }	commonMain/generated/_Collections.kt:3045
-	var	index	-	0	var index = 1	commonMain/generated/_Collections.kt:3046
1.4	fun	scan	-	3	public inline fun <T, R> Iterable<T>.scan(initial: R, operation: (acc: R, T) -> R): List<R> {	commonMain/generated/_Collections.kt:3066
1.4	fun	scanIndexed	-	4	public inline fun <T, R> Iterable<T>.scanIndexed(initial: R, operation: (index: Int, acc: R, T) -> R): List<R> {	commonMain/generated/_Collections.kt:3083
-	fun	sumBy	-	0	public inline fun <T> Iterable<T>.sumBy(selector: (T) -> Int): Int {	commonMain/generated/_Collections.kt:3092
-	var	Int	-	0	var sum: Int = 0	commonMain/generated/_Collections.kt:3093
-	fun	sumByDouble	-	0	public inline fun <T> Iterable<T>.sumByDouble(selector: (T) -> Double): Double {	commonMain/generated/_Collections.kt:3105
-	var	Double	-	0	var sum: Double = 0.0	commonMain/generated/_Collections.kt:3106
1.4	fun	sumOf	-	0	public inline fun <T> Iterable<T>.sumOf(selector: (T) -> Double): Double {	commonMain/generated/_Collections.kt:3121
-	var	Double	-	0	var sum: Double = 0.toDouble()	commonMain/generated/_Collections.kt:3122
1.4	fun	sumOf	-	0	public inline fun <T> Iterable<T>.sumOf(selector: (T) -> Int): Int {	commonMain/generated/_Collections.kt:3135
-	var	Int	-	0	var sum: Int = 0.toInt()	commonMain/generated/_Collections.kt:3136
1.4	fun	sumOf	-	0	public inline fun <T> Iterable<T>.sumOf(selector: (T) -> Long): Long {	commonMain/generated/_Collections.kt:3151
-	var	Long	-	0	var sum: Long = 0.toLong()	commonMain/generated/_Collections.kt:3152
1.5	fun	sumOf	-	0	public inline fun <T> Iterable<T>.sumOf(selector: (T) -> UInt): UInt {	commonMain/generated/_Collections.kt:3165
-	var	UInt	-	0	var sum: UInt = 0.toUInt()	commonMain/generated/_Collections.kt:3166
1.5	fun	sumOf	-	0	public inline fun <T> Iterable<T>.sumOf(selector: (T) -> ULong): ULong {	commonMain/generated/_Collections.kt:3181
-	var	ULong	-	0	var sum: ULong = 0.toULong()	commonMain/generated/_Collections.kt:3182
-	fun	requireNoNulls	-	0	public fun <T : Any> Iterable<T?>.requireNoNulls(): Iterable<T> {	commonMain/generated/_Collections.kt:3192
-	fun	requireNoNulls	-	0	public fun <T : Any> List<T?>.requireNoNulls(): List<T> {	commonMain/generated/_Collections.kt:3205
1.2	fun	chunked	-	0	public fun <T> Iterable<T>.chunked(size: Int): List<List<T>> {	commonMain/generated/_Collections.kt:3225
1.2	fun	chunked	-	2	public fun <T, R> Iterable<T>.chunked(size: Int, transform: (List<T>) -> R): List<R> {	commonMain/generated/_Collections.kt:3244
-	fun	minus	-	0	public operator fun <T> Iterable<T>.minus(element: T): List<T> {	commonMain/generated/_Collections.kt:3251
-	val	result	-	0	val result = ArrayList<T>(collectionSizeOrDefault(10))	commonMain/generated/_Collections.kt:3252
-	var	removed	-	0	var removed = false	commonMain/generated/_Collections.kt:3253
-	fun	minus	-	0	public operator fun <T> Iterable<T>.minus(elements: Array<out T>): List<T> {	commonMain/generated/_Collections.kt:3260
-	fun	minus	-	0	public operator fun <T> Iterable<T>.minus(elements: Iterable<T>): List<T> {	commonMain/generated/_Collections.kt:3268
-	val	other	-	0	val other = elements.convertToListIfNotCollection()	commonMain/generated/_Collections.kt:3269
-	fun	minus	-	0	public operator fun <T> Iterable<T>.minus(elements: Sequence<T>): List<T> {	commonMain/generated/_Collections.kt:3278
-	val	other	-	0	val other = elements.toList()	commonMain/generated/_Collections.kt:3279
-	fun	minusElement	-	0	public inline fun <T> Iterable<T>.minusElement(element: T): List<T> {	commonMain/generated/_Collections.kt:3289
-	fun	partition	-	1	public inline fun <T> Iterable<T>.partition(predicate: (T) -> Boolean): Pair<List<T>, List<T>> {	commonMain/generated/_Collections.kt:3300
-	val	first	-	0	val first = ArrayList<T>()	commonMain/generated/_Collections.kt:3301
-	val	second	-	0	val second = ArrayList<T>()	commonMain/generated/_Collections.kt:3302
-	fun	plus	-	0	public operator fun <T> Iterable<T>.plus(element: T): List<T> {	commonMain/generated/_Collections.kt:3316
-	val	result	-	0	val result = ArrayList<T>()	commonMain/generated/_Collections.kt:3318
-	fun	plus	-	0	public operator fun <T> Collection<T>.plus(element: T): List<T> {	commonMain/generated/_Collections.kt:3327
-	val	result	-	0	val result = ArrayList<T>(size + 1)	commonMain/generated/_Collections.kt:3328
-	fun	plus	-	0	public operator fun <T> Iterable<T>.plus(elements: Array<out T>): List<T> {	commonMain/generated/_Collections.kt:3337
-	val	result	-	0	val result = ArrayList<T>()	commonMain/generated/_Collections.kt:3339
-	fun	plus	-	0	public operator fun <T> Collection<T>.plus(elements: Array<out T>): List<T> {	commonMain/generated/_Collections.kt:3348
-	val	result	-	0	val result = ArrayList<T>(this.size + elements.size)	commonMain/generated/_Collections.kt:3349
-	fun	plus	-	0	public operator fun <T> Iterable<T>.plus(elements: Iterable<T>): List<T> {	commonMain/generated/_Collections.kt:3358
-	val	result	-	0	val result = ArrayList<T>()	commonMain/generated/_Collections.kt:3360
-	fun	plus	-	0	public operator fun <T> Collection<T>.plus(elements: Iterable<T>): List<T> {	commonMain/generated/_Collections.kt:3369
-	val	result	-	0	val result = ArrayList<T>(this.size + elements.size)	commonMain/generated/_Collections.kt:3371
-	val	result	-	0	val result = ArrayList<T>(this)	commonMain/generated/_Collections.kt:3376
-	fun	plus	-	0	public operator fun <T> Iterable<T>.plus(elements: Sequence<T>): List<T> {	commonMain/generated/_Collections.kt:3385
-	val	result	-	0	val result = ArrayList<T>()	commonMain/generated/_Collections.kt:3386
-	fun	plus	-	0	public operator fun <T> Collection<T>.plus(elements: Sequence<T>): List<T> {	commonMain/generated/_Collections.kt:3395
-	val	result	-	0	val result = ArrayList<T>(this.size + 10)	commonMain/generated/_Collections.kt:3396
-	fun	plusElement	-	0	public inline fun <T> Iterable<T>.plusElement(element: T): List<T> {	commonMain/generated/_Collections.kt:3406
-	fun	plusElement	-	0	public inline fun <T> Collection<T>.plusElement(element: T): List<T> {	commonMain/generated/_Collections.kt:3414
1.2	fun	windowed	-	2	public fun <T> Iterable<T>.windowed(size: Int, step: Int = 1, partialWindows: Boolean = false): List<List<T>> {	commonMain/generated/_Collections.kt:3434
-	val	thisSize	-	0	val thisSize = this.size	commonMain/generated/_Collections.kt:3437
-	val	resultCapacity	-	0	val resultCapacity = thisSize / step + if (thisSize % step == 0) 0 else 1	commonMain/generated/_Collections.kt:3438
-	val	result	-	0	val result = ArrayList<List<T>>(resultCapacity)	commonMain/generated/_Collections.kt:3439
-	var	index	-	0	var index = 0	commonMain/generated/_Collections.kt:3440
-	val	windowSize	-	0	val windowSize = size.coerceAtMost(thisSize - index)	commonMain/generated/_Collections.kt:3442
-	val	result	-	0	val result = ArrayList<List<T>>()	commonMain/generated/_Collections.kt:3449
1.2	fun	windowed	-	4	public fun <T, R> Iterable<T>.windowed(size: Int, step: Int = 1, partialWindows: Boolean = false, transform: (List<T>) -> R): List<R> {	commonMain/generated/_Collections.kt:3474
-	val	thisSize	-	0	val thisSize = this.size	commonMain/generated/_Collections.kt:3477
-	val	resultCapacity	-	0	val resultCapacity = thisSize / step + if (thisSize % step == 0) 0 else 1	commonMain/generated/_Collections.kt:3478
-	val	result	-	0	val result = ArrayList<R>(resultCapacity)	commonMain/generated/_Collections.kt:3479
-	val	window	-	0	val window = MovingSubList(this)	commonMain/generated/_Collections.kt:3480
-	var	index	-	0	var index = 0	commonMain/generated/_Collections.kt:3481
-	val	windowSize	-	0	val windowSize = size.coerceAtMost(thisSize - index)	commonMain/generated/_Collections.kt:3483
-	val	result	-	0	val result = ArrayList<R>()	commonMain/generated/_Collections.kt:3491
-	fun	zip	-	2	public infix fun <T, R> Iterable<T>.zip(other: Array<out R>): List<Pair<T, R>> {	commonMain/generated/_Collections.kt:3504
-	fun	zip	-	4	public inline fun <T, R, V> Iterable<T>.zip(other: Array<out R>, transform: (a: T, b: R) -> V): List<V> {	commonMain/generated/_Collections.kt:3515
-	val	arraySize	-	0	val arraySize = other.size	commonMain/generated/_Collections.kt:3516
-	val	list	-	1	val list = ArrayList<V>(minOf(collectionSizeOrDefault(10), arraySize))	commonMain/generated/_Collections.kt:3517
-	var	i	-	0	var i = 0	commonMain/generated/_Collections.kt:3518
-	fun	zip	-	2	public infix fun <T, R> Iterable<T>.zip(other: Iterable<R>): List<Pair<T, R>> {	commonMain/generated/_Collections.kt:3532
-	fun	zip	-	4	public inline fun <T, R, V> Iterable<T>.zip(other: Iterable<R>, transform: (a: T, b: R) -> V): List<V> {	commonMain/generated/_Collections.kt:3543
-	val	first	-	0	val first = iterator()	commonMain/generated/_Collections.kt:3544
-	val	second	-	0	val second = other.iterator()	commonMain/generated/_Collections.kt:3545
-	val	list	-	1	val list = ArrayList<V>(minOf(collectionSizeOrDefault(10), other.collectionSizeOrDefault(10)))	commonMain/generated/_Collections.kt:3546
1.2	fun	zipWithNext	-	1	public fun <T> Iterable<T>.zipWithNext(): List<Pair<T, T>> {	commonMain/generated/_Collections.kt:3561
1.2	fun	zipWithNext	-	2	public inline fun <T, R> Iterable<T>.zipWithNext(transform: (a: T, b: T) -> R): List<R> {	commonMain/generated/_Collections.kt:3574
-	val	iterator	-	0	val iterator = iterator()	commonMain/generated/_Collections.kt:3575
-	val	result	-	0	val result = mutableListOf<R>()	commonMain/generated/_Collections.kt:3577
-	var	current	-	0	var current = iterator.next()	commonMain/generated/_Collections.kt:3578
-	val	next	-	0	val next = iterator.next()	commonMain/generated/_Collections.kt:3580
-	fun	joinTo	-	8	public fun <T, A : Appendable> Iterable<T>.joinTo(buffer: A, separator: CharSequence = ", ", prefix: CharSequence = "", postfix: CharSequence = "", limit: Int = -1, truncated: CharSequence = "...", transform: ((T) -> CharSequence)? = null): A {	commonMain/generated/_Collections.kt:3595
-	var	count	-	0	var count = 0	commonMain/generated/_Collections.kt:3597
-	fun	joinToString	-	6	public fun <T> Iterable<T>.joinToString(separator: CharSequence = ", ", prefix: CharSequence = "", postfix: CharSequence = "", limit: Int = -1, truncated: CharSequence = "...", transform: ((T) -> CharSequence)? = null): String {	commonMain/generated/_Collections.kt:3617
-	fun	asIterable	-	0	public inline fun <T> Iterable<T>.asIterable(): Iterable<T> {	commonMain/generated/_Collections.kt:3625
-	fun	asSequence	-	0	public fun <T> Iterable<T>.asSequence(): Sequence<T> {	commonMain/generated/_Collections.kt:3634
-	fun	average	-	0	public fun Iterable<Byte>.average(): Double {	commonMain/generated/_Collections.kt:3642
-	var	Double	-	0	var sum: Double = 0.0	commonMain/generated/_Collections.kt:3643
-	var	Int	-	0	var count: Int = 0	commonMain/generated/_Collections.kt:3644
-	fun	average	-	0	public fun Iterable<Short>.average(): Double {	commonMain/generated/_Collections.kt:3656
-	var	Double	-	0	var sum: Double = 0.0	commonMain/generated/_Collections.kt:3657
-	var	Int	-	0	var count: Int = 0	commonMain/generated/_Collections.kt:3658
-	fun	average	-	0	public fun Iterable<Int>.average(): Double {	commonMain/generated/_Collections.kt:3670
-	var	Double	-	0	var sum: Double = 0.0	commonMain/generated/_Collections.kt:3671
-	var	Int	-	0	var count: Int = 0	commonMain/generated/_Collections.kt:3672
-	fun	average	-	0	public fun Iterable<Long>.average(): Double {	commonMain/generated/_Collections.kt:3684
-	var	Double	-	0	var sum: Double = 0.0	commonMain/generated/_Collections.kt:3685
-	var	Int	-	0	var count: Int = 0	commonMain/generated/_Collections.kt:3686
-	fun	average	-	0	public fun Iterable<Float>.average(): Double {	commonMain/generated/_Collections.kt:3698
-	var	Double	-	0	var sum: Double = 0.0	commonMain/generated/_Collections.kt:3699
-	var	Int	-	0	var count: Int = 0	commonMain/generated/_Collections.kt:3700
-	fun	average	-	0	public fun Iterable<Double>.average(): Double {	commonMain/generated/_Collections.kt:3712
-	var	Double	-	0	var sum: Double = 0.0	commonMain/generated/_Collections.kt:3713
-	var	Int	-	0	var count: Int = 0	commonMain/generated/_Collections.kt:3714
-	fun	sum	-	0	public fun Iterable<Byte>.sum(): Int {	commonMain/generated/_Collections.kt:3726
-	var	Int	-	0	var sum: Int = 0	commonMain/generated/_Collections.kt:3727
-	fun	sum	-	0	public fun Iterable<Short>.sum(): Int {	commonMain/generated/_Collections.kt:3738
-	var	Int	-	0	var sum: Int = 0	commonMain/generated/_Collections.kt:3739
-	fun	sum	-	0	public fun Iterable<Int>.sum(): Int {	commonMain/generated/_Collections.kt:3750
-	var	Int	-	0	var sum: Int = 0	commonMain/generated/_Collections.kt:3751
-	fun	sum	-	0	public fun Iterable<Long>.sum(): Long {	commonMain/generated/_Collections.kt:3762
-	var	Long	-	0	var sum: Long = 0L	commonMain/generated/_Collections.kt:3763
-	fun	sum	-	0	public fun Iterable<Float>.sum(): Float {	commonMain/generated/_Collections.kt:3774
-	var	Float	-	0	var sum: Float = 0.0f	commonMain/generated/_Collections.kt:3775
-	fun	sum	-	0	public fun Iterable<Double>.sum(): Double {	commonMain/generated/_Collections.kt:3786
-	var	Double	-	0	var sum: Double = 0.0	commonMain/generated/_Collections.kt:3787
1.5	fun	firstNotNullOf	-	4	public inline fun <K, V, R : Any> Map<out K, V>.firstNotNullOf(transform: (Map.Entry<K, V>) -> R?): R {	commonMain/generated/_Maps.kt:29
1.5	fun	firstNotNullOfOrNull	-	4	public inline fun <K, V, R : Any> Map<out K, V>.firstNotNullOfOrNull(transform: (Map.Entry<K, V>) -> R?): R? {	commonMain/generated/_Maps.kt:41
-	val	result	-	0	val result = transform(element)	commonMain/generated/_Maps.kt:43
-	fun	toList	-	3	public fun <K, V> Map<out K, V>.toList(): List<Pair<K, V>> {	commonMain/generated/_Maps.kt:54
-	val	iterator	-	0	val iterator = entries.iterator()	commonMain/generated/_Maps.kt:57
-	val	first	-	0	val first = iterator.next()	commonMain/generated/_Maps.kt:60
-	val	result	-	1	val result = ArrayList<Pair<K, V>>(size)	commonMain/generated/_Maps.kt:63
-	fun	flatMap	-	4	public inline fun <K, V, R> Map<out K, V>.flatMap(transform: (Map.Entry<K, V>) -> Iterable<R>): List<R> {	commonMain/generated/_Maps.kt:76
1.4	fun	flatMap	-	4	public inline fun <K, V, R> Map<out K, V>.flatMap(transform: (Map.Entry<K, V>) -> Sequence<R>): List<R> {	commonMain/generated/_Maps.kt:89
-	fun	flatMapTo	-	6	public inline fun <K, V, R, C : MutableCollection<in R>> Map<out K, V>.flatMapTo(destination: C, transform: (Map.Entry<K, V>) -> Iterable<R>): C {	commonMain/generated/_Maps.kt:96
-	val	list	-	0	val list = transform(element)	commonMain/generated/_Maps.kt:98
1.4	fun	flatMapTo	-	6	public inline fun <K, V, R, C : MutableCollection<in R>> Map<out K, V>.flatMapTo(destination: C, transform: (Map.Entry<K, V>) -> Sequence<R>): C {	commonMain/generated/_Maps.kt:111
-	val	list	-	0	val list = transform(element)	commonMain/generated/_Maps.kt:113
-	fun	map	-	4	public inline fun <K, V, R> Map<out K, V>.map(transform: (Map.Entry<K, V>) -> R): List<R> {	commonMain/generated/_Maps.kt:125
-	fun	mapNotNull	-	4	public inline fun <K, V, R : Any> Map<out K, V>.mapNotNull(transform: (Map.Entry<K, V>) -> R?): List<R> {	commonMain/generated/_Maps.kt:135
-	fun	mapNotNullTo	-	6	public inline fun <K, V, R : Any, C : MutableCollection<in R>> Map<out K, V>.mapNotNullTo(destination: C, transform: (Map.Entry<K, V>) -> R?): C {	commonMain/generated/_Maps.kt:143
-	fun	mapTo	-	6	public inline fun <K, V, R, C : MutableCollection<in R>> Map<out K, V>.mapTo(destination: C, transform: (Map.Entry<K, V>) -> R): C {	commonMain/generated/_Maps.kt:152
-	fun	all	-	3	public inline fun <K, V> Map<out K, V>.all(predicate: (Map.Entry<K, V>) -> Boolean): Boolean {	commonMain/generated/_Maps.kt:167
-	fun	any	-	2	public fun <K, V> Map<out K, V>.any(): Boolean {	commonMain/generated/_Maps.kt:178
-	fun	any	-	3	public inline fun <K, V> Map<out K, V>.any(predicate: (Map.Entry<K, V>) -> Boolean): Boolean {	commonMain/generated/_Maps.kt:187
-	fun	count	-	2	public inline fun <K, V> Map<out K, V>.count(): Int {	commonMain/generated/_Maps.kt:197
-	fun	count	-	3	public inline fun <K, V> Map<out K, V>.count(predicate: (Map.Entry<K, V>) -> Boolean): Int {	commonMain/generated/_Maps.kt:204
-	var	count	-	0	var count = 0	commonMain/generated/_Maps.kt:206
-	fun	forEach	-	3	public inline fun <K, V> Map<out K, V>.forEach(action: (Map.Entry<K, V>) -> Unit): Unit {	commonMain/generated/_Maps.kt:215
1.7	fun	maxBy	-	5	public inline fun <K, V, R : Comparable<R>> Map<out K, V>.maxBy(selector: (Map.Entry<K, V>) -> R): Map.Entry<K, V> {	commonMain/generated/_Maps.kt:237
1.4	fun	maxByOrNull	-	5	public inline fun <K, V, R : Comparable<R>> Map<out K, V>.maxByOrNull(selector: (Map.Entry<K, V>) -> R): Map.Entry<K, V>? {	commonMain/generated/_Maps.kt:255
1.4	fun	maxOf	-	3	public inline fun <K, V> Map<out K, V>.maxOf(selector: (Map.Entry<K, V>) -> Double): Double {	commonMain/generated/_Maps.kt:273
1.4	fun	maxOf	-	3	public inline fun <K, V> Map<out K, V>.maxOf(selector: (Map.Entry<K, V>) -> Float): Float {	commonMain/generated/_Maps.kt:291
1.4	fun	maxOf	-	4	public inline fun <K, V, R : Comparable<R>> Map<out K, V>.maxOf(selector: (Map.Entry<K, V>) -> R): R {	commonMain/generated/_Maps.kt:309
1.4	fun	maxOfOrNull	-	3	public inline fun <K, V> Map<out K, V>.maxOfOrNull(selector: (Map.Entry<K, V>) -> Double): Double? {	commonMain/generated/_Maps.kt:325
1.4	fun	maxOfOrNull	-	3	public inline fun <K, V> Map<out K, V>.maxOfOrNull(selector: (Map.Entry<K, V>) -> Float): Float? {	commonMain/generated/_Maps.kt:341
1.4	fun	maxOfOrNull	-	4	public inline fun <K, V, R : Comparable<R>> Map<out K, V>.maxOfOrNull(selector: (Map.Entry<K, V>) -> R): R? {	commonMain/generated/_Maps.kt:357
1.4	fun	maxOfWith	-	5	public inline fun <K, V, R> Map<out K, V>.maxOfWith(comparator: Comparator<in R>, selector: (Map.Entry<K, V>) -> R): R {	commonMain/generated/_Maps.kt:375
1.4	fun	maxOfWithOrNull	-	5	public inline fun <K, V, R> Map<out K, V>.maxOfWithOrNull(comparator: Comparator<in R>, selector: (Map.Entry<K, V>) -> R): R? {	commonMain/generated/_Maps.kt:391
1.7	fun	maxWith	-	4	public inline fun <K, V> Map<out K, V>.maxWith(comparator: Comparator<in Map.Entry<K, V>>): Map.Entry<K, V> {	commonMain/generated/_Maps.kt:404
1.4	fun	maxWithOrNull	-	4	public inline fun <K, V> Map<out K, V>.maxWithOrNull(comparator: Comparator<in Map.Entry<K, V>>): Map.Entry<K, V>? {	commonMain/generated/_Maps.kt:413
1.7	fun	minBy	-	5	public inline fun <K, V, R : Comparable<R>> Map<out K, V>.minBy(selector: (Map.Entry<K, V>) -> R): Map.Entry<K, V> {	commonMain/generated/_Maps.kt:435
1.4	fun	minByOrNull	-	5	public inline fun <K, V, R : Comparable<R>> Map<out K, V>.minByOrNull(selector: (Map.Entry<K, V>) -> R): Map.Entry<K, V>? {	commonMain/generated/_Maps.kt:453
1.4	fun	minOf	-	3	public inline fun <K, V> Map<out K, V>.minOf(selector: (Map.Entry<K, V>) -> Double): Double {	commonMain/generated/_Maps.kt:471
1.4	fun	minOf	-	3	public inline fun <K, V> Map<out K, V>.minOf(selector: (Map.Entry<K, V>) -> Float): Float {	commonMain/generated/_Maps.kt:489
1.4	fun	minOf	-	4	public inline fun <K, V, R : Comparable<R>> Map<out K, V>.minOf(selector: (Map.Entry<K, V>) -> R): R {	commonMain/generated/_Maps.kt:507
1.4	fun	minOfOrNull	-	3	public inline fun <K, V> Map<out K, V>.minOfOrNull(selector: (Map.Entry<K, V>) -> Double): Double? {	commonMain/generated/_Maps.kt:523
1.4	fun	minOfOrNull	-	3	public inline fun <K, V> Map<out K, V>.minOfOrNull(selector: (Map.Entry<K, V>) -> Float): Float? {	commonMain/generated/_Maps.kt:539
1.4	fun	minOfOrNull	-	4	public inline fun <K, V, R : Comparable<R>> Map<out K, V>.minOfOrNull(selector: (Map.Entry<K, V>) -> R): R? {	commonMain/generated/_Maps.kt:555
1.4	fun	minOfWith	-	5	public inline fun <K, V, R> Map<out K, V>.minOfWith(comparator: Comparator<in R>, selector: (Map.Entry<K, V>) -> R): R {	commonMain/generated/_Maps.kt:573
1.4	fun	minOfWithOrNull	-	5	public inline fun <K, V, R> Map<out K, V>.minOfWithOrNull(comparator: Comparator<in R>, selector: (Map.Entry<K, V>) -> R): R? {	commonMain/generated/_Maps.kt:589
1.7	fun	minWith	-	4	public inline fun <K, V> Map<out K, V>.minWith(comparator: Comparator<in Map.Entry<K, V>>): Map.Entry<K, V> {	commonMain/generated/_Maps.kt:602
1.4	fun	minWithOrNull	-	4	public inline fun <K, V> Map<out K, V>.minWithOrNull(comparator: Comparator<in Map.Entry<K, V>>): Map.Entry<K, V>? {	commonMain/generated/_Maps.kt:611
-	fun	none	-	2	public fun <K, V> Map<out K, V>.none(): Boolean {	commonMain/generated/_Maps.kt:620
-	fun	none	-	3	public inline fun <K, V> Map<out K, V>.none(predicate: (Map.Entry<K, V>) -> Boolean): Boolean {	commonMain/generated/_Maps.kt:629
1.1	fun	onEach	M	4	public inline fun <K, V, M : Map<out K, V>> M.onEach(action: (Map.Entry<K, V>) -> Unit): M {	commonMain/generated/_Maps.kt:639
1.4	fun	onEachIndexed	M	5	public inline fun <K, V, M : Map<out K, V>> M.onEachIndexed(action: (index: Int, Map.Entry<K, V>) -> Unit): M {	commonMain/generated/_Maps.kt:650
-	fun	asIterable	-	3	public inline fun <K, V> Map<out K, V>.asIterable(): Iterable<Map.Entry<K, V>> {	commonMain/generated/_Maps.kt:658
-	fun	asSequence	-	3	public fun <K, V> Map<out K, V>.asSequence(): Sequence<Map.Entry<K, V>> {	commonMain/generated/_Maps.kt:667
-	fun	minus	-	0	public operator fun <T> Set<T>.minus(element: T): Set<T> {	commonMain/generated/_Sets.kt:26
-	val	result	-	0	val result = LinkedHashSet<T>(mapCapacity(size))	commonMain/generated/_Sets.kt:27
-	var	removed	-	0	var removed = false	commonMain/generated/_Sets.kt:28
-	fun	minus	-	0	public operator fun <T> Set<T>.minus(elements: Array<out T>): Set<T> {	commonMain/generated/_Sets.kt:37
-	val	result	-	0	val result = LinkedHashSet<T>(this)	commonMain/generated/_Sets.kt:38
-	fun	minus	-	0	public operator fun <T> Set<T>.minus(elements: Iterable<T>): Set<T> {	commonMain/generated/_Sets.kt:48
-	val	other	-	0	val other = elements.convertToListIfNotCollection()	commonMain/generated/_Sets.kt:49
-	val	result	-	0	val result = LinkedHashSet<T>(this)	commonMain/generated/_Sets.kt:54
-	fun	minus	-	0	public operator fun <T> Set<T>.minus(elements: Sequence<T>): Set<T> {	commonMain/generated/_Sets.kt:64
-	val	result	-	0	val result = LinkedHashSet<T>(this)	commonMain/generated/_Sets.kt:65
-	fun	minusElement	-	0	public inline fun <T> Set<T>.minusElement(element: T): Set<T> {	commonMain/generated/_Sets.kt:76
-	fun	plus	-	0	public operator fun <T> Set<T>.plus(element: T): Set<T> {	commonMain/generated/_Sets.kt:85
-	val	result	-	0	val result = LinkedHashSet<T>(mapCapacity(size + 1))	commonMain/generated/_Sets.kt:86
-	fun	plus	-	0	public operator fun <T> Set<T>.plus(elements: Array<out T>): Set<T> {	commonMain/generated/_Sets.kt:98
-	val	result	-	0	val result = LinkedHashSet<T>(mapCapacity(this.size + elements.size))	commonMain/generated/_Sets.kt:99
-	fun	plus	-	0	public operator fun <T> Set<T>.plus(elements: Iterable<T>): Set<T> {	commonMain/generated/_Sets.kt:110
-	val	result	-	0	val result = LinkedHashSet<T>(mapCapacity(elements.collectionSizeOrNull()?.let { this.size + it } ?: this.size * 2))	commonMain/generated/_Sets.kt:111
-	fun	plus	-	0	public operator fun <T> Set<T>.plus(elements: Sequence<T>): Set<T> {	commonMain/generated/_Sets.kt:123
-	val	result	-	0	val result = LinkedHashSet<T>(mapCapacity(this.size * 2))	commonMain/generated/_Sets.kt:124
-	fun	plusElement	-	0	public inline fun <T> Set<T>.plusElement(element: T): Set<T> {	commonMain/generated/_Sets.kt:136
1.3	fun	component1	UIntArray	0	public inline operator fun UIntArray.component1(): UInt {	commonMain/generated/_UArrays.kt:31
1.3	fun	component1	ULongArray	0	public inline operator fun ULongArray.component1(): ULong {	commonMain/generated/_UArrays.kt:44
1.3	fun	component1	UByteArray	0	public inline operator fun UByteArray.component1(): UByte {	commonMain/generated/_UArrays.kt:57
1.3	fun	component1	UShortArray	0	public inline operator fun UShortArray.component1(): UShort {	commonMain/generated/_UArrays.kt:70
1.3	fun	component2	UIntArray	0	public inline operator fun UIntArray.component2(): UInt {	commonMain/generated/_UArrays.kt:83
1.3	fun	component2	ULongArray	0	public inline operator fun ULongArray.component2(): ULong {	commonMain/generated/_UArrays.kt:96
1.3	fun	component2	UByteArray	0	public inline operator fun UByteArray.component2(): UByte {	commonMain/generated/_UArrays.kt:109
1.3	fun	component2	UShortArray	0	public inline operator fun UShortArray.component2(): UShort {	commonMain/generated/_UArrays.kt:122
1.3	fun	component3	UIntArray	0	public inline operator fun UIntArray.component3(): UInt {	commonMain/generated/_UArrays.kt:135
1.3	fun	component3	ULongArray	0	public inline operator fun ULongArray.component3(): ULong {	commonMain/generated/_UArrays.kt:148
1.3	fun	component3	UByteArray	0	public inline operator fun UByteArray.component3(): UByte {	commonMain/generated/_UArrays.kt:161
1.3	fun	component3	UShortArray	0	public inline operator fun UShortArray.component3(): UShort {	commonMain/generated/_UArrays.kt:174
1.3	fun	component4	UIntArray	0	public inline operator fun UIntArray.component4(): UInt {	commonMain/generated/_UArrays.kt:187
1.3	fun	component4	ULongArray	0	public inline operator fun ULongArray.component4(): ULong {	commonMain/generated/_UArrays.kt:200
1.3	fun	component4	UByteArray	0	public inline operator fun UByteArray.component4(): UByte {	commonMain/generated/_UArrays.kt:213
1.3	fun	component4	UShortArray	0	public inline operator fun UShortArray.component4(): UShort {	commonMain/generated/_UArrays.kt:226
1.3	fun	component5	UIntArray	0	public inline operator fun UIntArray.component5(): UInt {	commonMain/generated/_UArrays.kt:239
1.3	fun	component5	ULongArray	0	public inline operator fun ULongArray.component5(): ULong {	commonMain/generated/_UArrays.kt:252
1.3	fun	component5	UByteArray	0	public inline operator fun UByteArray.component5(): UByte {	commonMain/generated/_UArrays.kt:265
1.3	fun	component5	UShortArray	0	public inline operator fun UShortArray.component5(): UShort {	commonMain/generated/_UArrays.kt:278
1.3	fun	elementAt	UIntArray	0	public expect fun UIntArray.elementAt(index: Int): UInt	commonMain/generated/_UArrays.kt:289
1.3	fun	elementAt	ULongArray	0	public expect fun ULongArray.elementAt(index: Int): ULong	commonMain/generated/_UArrays.kt:298
1.3	fun	elementAt	UByteArray	0	public expect fun UByteArray.elementAt(index: Int): UByte	commonMain/generated/_UArrays.kt:307
1.3	fun	elementAt	UShortArray	0	public expect fun UShortArray.elementAt(index: Int): UShort	commonMain/generated/_UArrays.kt:316
1.3	fun	elementAtOrElse	UIntArray	1	public inline fun UIntArray.elementAtOrElse(index: Int, defaultValue: (Int) -> UInt): UInt {	commonMain/generated/_UArrays.kt:326
1.3	fun	elementAtOrElse	ULongArray	1	public inline fun ULongArray.elementAtOrElse(index: Int, defaultValue: (Int) -> ULong): ULong {	commonMain/generated/_UArrays.kt:341
1.3	fun	elementAtOrElse	UByteArray	1	public inline fun UByteArray.elementAtOrElse(index: Int, defaultValue: (Int) -> UByte): UByte {	commonMain/generated/_UArrays.kt:356
1.3	fun	elementAtOrElse	UShortArray	1	public inline fun UShortArray.elementAtOrElse(index: Int, defaultValue: (Int) -> UShort): UShort {	commonMain/generated/_UArrays.kt:371
1.3	fun	elementAtOrNull	UIntArray	0	public inline fun UIntArray.elementAtOrNull(index: Int): UInt? {	commonMain/generated/_UArrays.kt:386
1.3	fun	elementAtOrNull	ULongArray	0	public inline fun ULongArray.elementAtOrNull(index: Int): ULong? {	commonMain/generated/_UArrays.kt:398
1.3	fun	elementAtOrNull	UByteArray	0	public inline fun UByteArray.elementAtOrNull(index: Int): UByte? {	commonMain/generated/_UArrays.kt:410
1.3	fun	elementAtOrNull	UShortArray	0	public inline fun UShortArray.elementAtOrNull(index: Int): UShort? {	commonMain/generated/_UArrays.kt:422
1.3	fun	find	UIntArray	0	public inline fun UIntArray.find(predicate: (UInt) -> Boolean): UInt? {	commonMain/generated/_UArrays.kt:434
1.3	fun	find	ULongArray	0	public inline fun ULongArray.find(predicate: (ULong) -> Boolean): ULong? {	commonMain/generated/_UArrays.kt:446
1.3	fun	find	UByteArray	0	public inline fun UByteArray.find(predicate: (UByte) -> Boolean): UByte? {	commonMain/generated/_UArrays.kt:458
1.3	fun	find	UShortArray	0	public inline fun UShortArray.find(predicate: (UShort) -> Boolean): UShort? {	commonMain/generated/_UArrays.kt:470
1.3	fun	findLast	UIntArray	0	public inline fun UIntArray.findLast(predicate: (UInt) -> Boolean): UInt? {	commonMain/generated/_UArrays.kt:482
1.3	fun	findLast	ULongArray	0	public inline fun ULongArray.findLast(predicate: (ULong) -> Boolean): ULong? {	commonMain/generated/_UArrays.kt:494
1.3	fun	findLast	UByteArray	0	public inline fun UByteArray.findLast(predicate: (UByte) -> Boolean): UByte? {	commonMain/generated/_UArrays.kt:506
1.3	fun	findLast	UShortArray	0	public inline fun UShortArray.findLast(predicate: (UShort) -> Boolean): UShort? {	commonMain/generated/_UArrays.kt:518
1.3	fun	first	UIntArray	0	public inline fun UIntArray.first(): UInt {	commonMain/generated/_UArrays.kt:530
1.3	fun	first	ULongArray	0	public inline fun ULongArray.first(): ULong {	commonMain/generated/_UArrays.kt:542
1.3	fun	first	UByteArray	0	public inline fun UByteArray.first(): UByte {	commonMain/generated/_UArrays.kt:554
1.3	fun	first	UShortArray	0	public inline fun UShortArray.first(): UShort {	commonMain/generated/_UArrays.kt:566
1.3	fun	first	UIntArray	0	public inline fun UIntArray.first(predicate: (UInt) -> Boolean): UInt {	commonMain/generated/_UArrays.kt:577
1.3	fun	first	ULongArray	0	public inline fun ULongArray.first(predicate: (ULong) -> Boolean): ULong {	commonMain/generated/_UArrays.kt:589
1.3	fun	first	UByteArray	0	public inline fun UByteArray.first(predicate: (UByte) -> Boolean): UByte {	commonMain/generated/_UArrays.kt:601
1.3	fun	first	UShortArray	0	public inline fun UShortArray.first(predicate: (UShort) -> Boolean): UShort {	commonMain/generated/_UArrays.kt:613
1.3	fun	firstOrNull	UIntArray	0	public fun UIntArray.firstOrNull(): UInt? {	commonMain/generated/_UArrays.kt:623
1.3	fun	firstOrNull	ULongArray	0	public fun ULongArray.firstOrNull(): ULong? {	commonMain/generated/_UArrays.kt:632
1.3	fun	firstOrNull	UByteArray	0	public fun UByteArray.firstOrNull(): UByte? {	commonMain/generated/_UArrays.kt:641
1.3	fun	firstOrNull	UShortArray	0	public fun UShortArray.firstOrNull(): UShort? {	commonMain/generated/_UArrays.kt:650
1.3	fun	firstOrNull	UIntArray	0	public inline fun UIntArray.firstOrNull(predicate: (UInt) -> Boolean): UInt? {	commonMain/generated/_UArrays.kt:660
1.3	fun	firstOrNull	ULongArray	0	public inline fun ULongArray.firstOrNull(predicate: (ULong) -> Boolean): ULong? {	commonMain/generated/_UArrays.kt:671
1.3	fun	firstOrNull	UByteArray	0	public inline fun UByteArray.firstOrNull(predicate: (UByte) -> Boolean): UByte? {	commonMain/generated/_UArrays.kt:682
1.3	fun	firstOrNull	UShortArray	0	public inline fun UShortArray.firstOrNull(predicate: (UShort) -> Boolean): UShort? {	commonMain/generated/_UArrays.kt:693
1.3	fun	getOrElse	UIntArray	1	public inline fun UIntArray.getOrElse(index: Int, defaultValue: (Int) -> UInt): UInt {	commonMain/generated/_UArrays.kt:704
1.3	fun	getOrElse	ULongArray	1	public inline fun ULongArray.getOrElse(index: Int, defaultValue: (Int) -> ULong): ULong {	commonMain/generated/_UArrays.kt:717
1.3	fun	getOrElse	UByteArray	1	public inline fun UByteArray.getOrElse(index: Int, defaultValue: (Int) -> UByte): UByte {	commonMain/generated/_UArrays.kt:730
1.3	fun	getOrElse	UShortArray	1	public inline fun UShortArray.getOrElse(index: Int, defaultValue: (Int) -> UShort): UShort {	commonMain/generated/_UArrays.kt:743
1.3	fun	getOrNull	UIntArray	0	public fun UIntArray.getOrNull(index: Int): UInt? {	commonMain/generated/_UArrays.kt:757
1.3	fun	getOrNull	ULongArray	0	public fun ULongArray.getOrNull(index: Int): ULong? {	commonMain/generated/_UArrays.kt:768
1.3	fun	getOrNull	UByteArray	0	public fun UByteArray.getOrNull(index: Int): UByte? {	commonMain/generated/_UArrays.kt:779
1.3	fun	getOrNull	UShortArray	0	public fun UShortArray.getOrNull(index: Int): UShort? {	commonMain/generated/_UArrays.kt:790
1.3	fun	indexOf	UIntArray	0	public inline fun UIntArray.indexOf(element: UInt): Int {	commonMain/generated/_UArrays.kt:800
1.3	fun	indexOf	ULongArray	0	public inline fun ULongArray.indexOf(element: ULong): Int {	commonMain/generated/_UArrays.kt:810
1.3	fun	indexOf	UByteArray	0	public inline fun UByteArray.indexOf(element: UByte): Int {	commonMain/generated/_UArrays.kt:820
1.3	fun	indexOf	UShortArray	0	public inline fun UShortArray.indexOf(element: UShort): Int {	commonMain/generated/_UArrays.kt:830
1.3	fun	indexOfFirst	UIntArray	0	public inline fun UIntArray.indexOfFirst(predicate: (UInt) -> Boolean): Int {	commonMain/generated/_UArrays.kt:840
1.3	fun	indexOfFirst	ULongArray	0	public inline fun ULongArray.indexOfFirst(predicate: (ULong) -> Boolean): Int {	commonMain/generated/_UArrays.kt:850
1.3	fun	indexOfFirst	UByteArray	0	public inline fun UByteArray.indexOfFirst(predicate: (UByte) -> Boolean): Int {	commonMain/generated/_UArrays.kt:860
1.3	fun	indexOfFirst	UShortArray	0	public inline fun UShortArray.indexOfFirst(predicate: (UShort) -> Boolean): Int {	commonMain/generated/_UArrays.kt:870
1.3	fun	indexOfLast	UIntArray	0	public inline fun UIntArray.indexOfLast(predicate: (UInt) -> Boolean): Int {	commonMain/generated/_UArrays.kt:880
1.3	fun	indexOfLast	ULongArray	0	public inline fun ULongArray.indexOfLast(predicate: (ULong) -> Boolean): Int {	commonMain/generated/_UArrays.kt:890
1.3	fun	indexOfLast	UByteArray	0	public inline fun UByteArray.indexOfLast(predicate: (UByte) -> Boolean): Int {	commonMain/generated/_UArrays.kt:900
1.3	fun	indexOfLast	UShortArray	0	public inline fun UShortArray.indexOfLast(predicate: (UShort) -> Boolean): Int {	commonMain/generated/_UArrays.kt:910
1.3	fun	last	UIntArray	0	public inline fun UIntArray.last(): UInt {	commonMain/generated/_UArrays.kt:924
1.3	fun	last	ULongArray	0	public inline fun ULongArray.last(): ULong {	commonMain/generated/_UArrays.kt:938
1.3	fun	last	UByteArray	0	public inline fun UByteArray.last(): UByte {	commonMain/generated/_UArrays.kt:952
1.3	fun	last	UShortArray	0	public inline fun UShortArray.last(): UShort {	commonMain/generated/_UArrays.kt:966
1.3	fun	last	UIntArray	0	public inline fun UIntArray.last(predicate: (UInt) -> Boolean): UInt {	commonMain/generated/_UArrays.kt:980
-	val	element	-	0	val element = this[index]	commonMain/generated/_UArrays.kt:982
1.3	fun	last	ULongArray	0	public inline fun ULongArray.last(predicate: (ULong) -> Boolean): ULong {	commonMain/generated/_UArrays.kt:998
-	val	element	-	0	val element = this[index]	commonMain/generated/_UArrays.kt:1000
1.3	fun	last	UByteArray	0	public inline fun UByteArray.last(predicate: (UByte) -> Boolean): UByte {	commonMain/generated/_UArrays.kt:1016
-	val	element	-	0	val element = this[index]	commonMain/generated/_UArrays.kt:1018
1.3	fun	last	UShortArray	0	public inline fun UShortArray.last(predicate: (UShort) -> Boolean): UShort {	commonMain/generated/_UArrays.kt:1034
-	val	element	-	0	val element = this[index]	commonMain/generated/_UArrays.kt:1036
1.3	fun	lastIndexOf	UIntArray	0	public inline fun UIntArray.lastIndexOf(element: UInt): Int {	commonMain/generated/_UArrays.kt:1048
1.3	fun	lastIndexOf	ULongArray	0	public inline fun ULongArray.lastIndexOf(element: ULong): Int {	commonMain/generated/_UArrays.kt:1058
1.3	fun	lastIndexOf	UByteArray	0	public inline fun UByteArray.lastIndexOf(element: UByte): Int {	commonMain/generated/_UArrays.kt:1068
1.3	fun	lastIndexOf	UShortArray	0	public inline fun UShortArray.lastIndexOf(element: UShort): Int {	commonMain/generated/_UArrays.kt:1078
1.3	fun	lastOrNull	UIntArray	0	public fun UIntArray.lastOrNull(): UInt? {	commonMain/generated/_UArrays.kt:1089
1.3	fun	lastOrNull	ULongArray	0	public fun ULongArray.lastOrNull(): ULong? {	commonMain/generated/_UArrays.kt:1100
1.3	fun	lastOrNull	UByteArray	0	public fun UByteArray.lastOrNull(): UByte? {	commonMain/generated/_UArrays.kt:1111
1.3	fun	lastOrNull	UShortArray	0	public fun UShortArray.lastOrNull(): UShort? {	commonMain/generated/_UArrays.kt:1122
1.3	fun	lastOrNull	UIntArray	0	public inline fun UIntArray.lastOrNull(predicate: (UInt) -> Boolean): UInt? {	commonMain/generated/_UArrays.kt:1134
-	val	element	-	0	val element = this[index]	commonMain/generated/_UArrays.kt:1136
1.3	fun	lastOrNull	ULongArray	0	public inline fun ULongArray.lastOrNull(predicate: (ULong) -> Boolean): ULong? {	commonMain/generated/_UArrays.kt:1150
-	val	element	-	0	val element = this[index]	commonMain/generated/_UArrays.kt:1152
1.3	fun	lastOrNull	UByteArray	0	public inline fun UByteArray.lastOrNull(predicate: (UByte) -> Boolean): UByte? {	commonMain/generated/_UArrays.kt:1166
-	val	element	-	0	val element = this[index]	commonMain/generated/_UArrays.kt:1168
1.3	fun	lastOrNull	UShortArray	0	public inline fun UShortArray.lastOrNull(predicate: (UShort) -> Boolean): UShort? {	commonMain/generated/_UArrays.kt:1182
-	val	element	-	0	val element = this[index]	commonMain/generated/_UArrays.kt:1184
1.3	fun	random	UIntArray	0	public inline fun UIntArray.random(): UInt {	commonMain/generated/_UArrays.kt:1198
1.3	fun	random	ULongArray	0	public inline fun ULongArray.random(): ULong {	commonMain/generated/_UArrays.kt:1210
1.3	fun	random	UByteArray	0	public inline fun UByteArray.random(): UByte {	commonMain/generated/_UArrays.kt:1222
1.3	fun	random	UShortArray	0	public inline fun UShortArray.random(): UShort {	commonMain/generated/_UArrays.kt:1234
1.3	fun	random	UIntArray	0	public fun UIntArray.random(random: Random): UInt {	commonMain/generated/_UArrays.kt:1245
1.3	fun	random	ULongArray	0	public fun ULongArray.random(random: Random): ULong {	commonMain/generated/_UArrays.kt:1258
1.3	fun	random	UByteArray	0	public fun UByteArray.random(random: Random): UByte {	commonMain/generated/_UArrays.kt:1271
1.3	fun	random	UShortArray	0	public fun UShortArray.random(random: Random): UShort {	commonMain/generated/_UArrays.kt:1284
1.4	fun	randomOrNull	UIntArray	0	public inline fun UIntArray.randomOrNull(): UInt? {	commonMain/generated/_UArrays.kt:1296
1.4	fun	randomOrNull	ULongArray	0	public inline fun ULongArray.randomOrNull(): ULong? {	commonMain/generated/_UArrays.kt:1306
1.4	fun	randomOrNull	UByteArray	0	public inline fun UByteArray.randomOrNull(): UByte? {	commonMain/generated/_UArrays.kt:1316
1.4	fun	randomOrNull	UShortArray	0	public inline fun UShortArray.randomOrNull(): UShort? {	commonMain/generated/_UArrays.kt:1326
1.4	fun	randomOrNull	UIntArray	0	public fun UIntArray.randomOrNull(random: Random): UInt? {	commonMain/generated/_UArrays.kt:1335
1.4	fun	randomOrNull	ULongArray	0	public fun ULongArray.randomOrNull(random: Random): ULong? {	commonMain/generated/_UArrays.kt:1346
1.4	fun	randomOrNull	UByteArray	0	public fun UByteArray.randomOrNull(random: Random): UByte? {	commonMain/generated/_UArrays.kt:1357
1.4	fun	randomOrNull	UShortArray	0	public fun UShortArray.randomOrNull(random: Random): UShort? {	commonMain/generated/_UArrays.kt:1368
1.3	fun	single	UIntArray	0	public inline fun UIntArray.single(): UInt {	commonMain/generated/_UArrays.kt:1380
1.3	fun	single	ULongArray	0	public inline fun ULongArray.single(): ULong {	commonMain/generated/_UArrays.kt:1390
1.3	fun	single	UByteArray	0	public inline fun UByteArray.single(): UByte {	commonMain/generated/_UArrays.kt:1400
1.3	fun	single	UShortArray	0	public inline fun UShortArray.single(): UShort {	commonMain/generated/_UArrays.kt:1410
1.3	fun	single	UIntArray	0	public inline fun UIntArray.single(predicate: (UInt) -> Boolean): UInt {	commonMain/generated/_UArrays.kt:1420
-	var	UInt	-	0	var single: UInt? = null	commonMain/generated/_UArrays.kt:1421
-	var	found	-	0	var found = false	commonMain/generated/_UArrays.kt:1422
1.3	fun	single	ULongArray	0	public inline fun ULongArray.single(predicate: (ULong) -> Boolean): ULong {	commonMain/generated/_UArrays.kt:1441
-	var	ULong	-	0	var single: ULong? = null	commonMain/generated/_UArrays.kt:1442
-	var	found	-	0	var found = false	commonMain/generated/_UArrays.kt:1443
1.3	fun	single	UByteArray	0	public inline fun UByteArray.single(predicate: (UByte) -> Boolean): UByte {	commonMain/generated/_UArrays.kt:1462
-	var	UByte	-	0	var single: UByte? = null	commonMain/generated/_UArrays.kt:1463
-	var	found	-	0	var found = false	commonMain/generated/_UArrays.kt:1464
1.3	fun	single	UShortArray	0	public inline fun UShortArray.single(predicate: (UShort) -> Boolean): UShort {	commonMain/generated/_UArrays.kt:1483
-	var	UShort	-	0	var single: UShort? = null	commonMain/generated/_UArrays.kt:1484
-	var	found	-	0	var found = false	commonMain/generated/_UArrays.kt:1485
1.3	fun	singleOrNull	UIntArray	0	public fun UIntArray.singleOrNull(): UInt? {	commonMain/generated/_UArrays.kt:1503
1.3	fun	singleOrNull	ULongArray	0	public fun ULongArray.singleOrNull(): ULong? {	commonMain/generated/_UArrays.kt:1512
1.3	fun	singleOrNull	UByteArray	0	public fun UByteArray.singleOrNull(): UByte? {	commonMain/generated/_UArrays.kt:1521
1.3	fun	singleOrNull	UShortArray	0	public fun UShortArray.singleOrNull(): UShort? {	commonMain/generated/_UArrays.kt:1530
1.3	fun	singleOrNull	UIntArray	0	public inline fun UIntArray.singleOrNull(predicate: (UInt) -> Boolean): UInt? {	commonMain/generated/_UArrays.kt:1540
-	var	UInt	-	0	var single: UInt? = null	commonMain/generated/_UArrays.kt:1541
-	var	found	-	0	var found = false	commonMain/generated/_UArrays.kt:1542
1.3	fun	singleOrNull	ULongArray	0	public inline fun ULongArray.singleOrNull(predicate: (ULong) -> Boolean): ULong? {	commonMain/generated/_UArrays.kt:1560
-	var	ULong	-	0	var single: ULong? = null	commonMain/generated/_UArrays.kt:1561
-	var	found	-	0	var found = false	commonMain/generated/_UArrays.kt:1562
1.3	fun	singleOrNull	UByteArray	0	public inline fun UByteArray.singleOrNull(predicate: (UByte) -> Boolean): UByte? {	commonMain/generated/_UArrays.kt:1580
-	var	UByte	-	0	var single: UByte? = null	commonMain/generated/_UArrays.kt:1581
-	var	found	-	0	var found = false	commonMain/generated/_UArrays.kt:1582
1.3	fun	singleOrNull	UShortArray	0	public inline fun UShortArray.singleOrNull(predicate: (UShort) -> Boolean): UShort? {	commonMain/generated/_UArrays.kt:1600
-	var	UShort	-	0	var single: UShort? = null	commonMain/generated/_UArrays.kt:1601
-	var	found	-	0	var found = false	commonMain/generated/_UArrays.kt:1602
1.3	fun	drop	UIntArray	0	public fun UIntArray.drop(n: Int): List<UInt> {	commonMain/generated/_UArrays.kt:1623
1.3	fun	drop	ULongArray	0	public fun ULongArray.drop(n: Int): List<ULong> {	commonMain/generated/_UArrays.kt:1637
1.3	fun	drop	UByteArray	0	public fun UByteArray.drop(n: Int): List<UByte> {	commonMain/generated/_UArrays.kt:1651
1.3	fun	drop	UShortArray	0	public fun UShortArray.drop(n: Int): List<UShort> {	commonMain/generated/_UArrays.kt:1665
1.3	fun	dropLast	UIntArray	0	public fun UIntArray.dropLast(n: Int): List<UInt> {	commonMain/generated/_UArrays.kt:1679
1.3	fun	dropLast	ULongArray	0	public fun ULongArray.dropLast(n: Int): List<ULong> {	commonMain/generated/_UArrays.kt:1693
1.3	fun	dropLast	UByteArray	0	public fun UByteArray.dropLast(n: Int): List<UByte> {	commonMain/generated/_UArrays.kt:1707
1.3	fun	dropLast	UShortArray	0	public fun UShortArray.dropLast(n: Int): List<UShort> {	commonMain/generated/_UArrays.kt:1721
1.3	fun	dropLastWhile	UIntArray	0	public inline fun UIntArray.dropLastWhile(predicate: (UInt) -> Boolean): List<UInt> {	commonMain/generated/_UArrays.kt:1734
1.3	fun	dropLastWhile	ULongArray	0	public inline fun ULongArray.dropLastWhile(predicate: (ULong) -> Boolean): List<ULong> {	commonMain/generated/_UArrays.kt:1751
1.3	fun	dropLastWhile	UByteArray	0	public inline fun UByteArray.dropLastWhile(predicate: (UByte) -> Boolean): List<UByte> {	commonMain/generated/_UArrays.kt:1768
1.3	fun	dropLastWhile	UShortArray	0	public inline fun UShortArray.dropLastWhile(predicate: (UShort) -> Boolean): List<UShort> {	commonMain/generated/_UArrays.kt:1785
1.3	fun	dropWhile	UIntArray	0	public inline fun UIntArray.dropWhile(predicate: (UInt) -> Boolean): List<UInt> {	commonMain/generated/_UArrays.kt:1802
-	var	yielding	-	0	var yielding = false	commonMain/generated/_UArrays.kt:1803
-	val	list	-	0	val list = ArrayList<UInt>()	commonMain/generated/_UArrays.kt:1804
1.3	fun	dropWhile	ULongArray	0	public inline fun ULongArray.dropWhile(predicate: (ULong) -> Boolean): List<ULong> {	commonMain/generated/_UArrays.kt:1823
-	var	yielding	-	0	var yielding = false	commonMain/generated/_UArrays.kt:1824
-	val	list	-	0	val list = ArrayList<ULong>()	commonMain/generated/_UArrays.kt:1825
1.3	fun	dropWhile	UByteArray	0	public inline fun UByteArray.dropWhile(predicate: (UByte) -> Boolean): List<UByte> {	commonMain/generated/_UArrays.kt:1844
-	var	yielding	-	0	var yielding = false	commonMain/generated/_UArrays.kt:1845
-	val	list	-	0	val list = ArrayList<UByte>()	commonMain/generated/_UArrays.kt:1846
1.3	fun	dropWhile	UShortArray	0	public inline fun UShortArray.dropWhile(predicate: (UShort) -> Boolean): List<UShort> {	commonMain/generated/_UArrays.kt:1865
-	var	yielding	-	0	var yielding = false	commonMain/generated/_UArrays.kt:1866
-	val	list	-	0	val list = ArrayList<UShort>()	commonMain/generated/_UArrays.kt:1867
1.3	fun	filter	UIntArray	0	public inline fun UIntArray.filter(predicate: (UInt) -> Boolean): List<UInt> {	commonMain/generated/_UArrays.kt:1886
1.3	fun	filter	ULongArray	0	public inline fun ULongArray.filter(predicate: (ULong) -> Boolean): List<ULong> {	commonMain/generated/_UArrays.kt:1898
1.3	fun	filter	UByteArray	0	public inline fun UByteArray.filter(predicate: (UByte) -> Boolean): List<UByte> {	commonMain/generated/_UArrays.kt:1910
1.3	fun	filter	UShortArray	0	public inline fun UShortArray.filter(predicate: (UShort) -> Boolean): List<UShort> {	commonMain/generated/_UArrays.kt:1922
1.3	fun	filterIndexed	UIntArray	1	public inline fun UIntArray.filterIndexed(predicate: (index: Int, UInt) -> Boolean): List<UInt> {	commonMain/generated/_UArrays.kt:1936
1.3	fun	filterIndexed	ULongArray	1	public inline fun ULongArray.filterIndexed(predicate: (index: Int, ULong) -> Boolean): List<ULong> {	commonMain/generated/_UArrays.kt:1950
1.3	fun	filterIndexed	UByteArray	1	public inline fun UByteArray.filterIndexed(predicate: (index: Int, UByte) -> Boolean): List<UByte> {	commonMain/generated/_UArrays.kt:1964
1.3	fun	filterIndexed	UShortArray	1	public inline fun UShortArray.filterIndexed(predicate: (index: Int, UShort) -> Boolean): List<UShort> {	commonMain/generated/_UArrays.kt:1978
1.3	fun	filterIndexedTo	UIntArray	2	public inline fun <C : MutableCollection<in UInt>> UIntArray.filterIndexedTo(destination: C, predicate: (index: Int, UInt) -> Boolean): C {	commonMain/generated/_UArrays.kt:1992
1.3	fun	filterIndexedTo	ULongArray	2	public inline fun <C : MutableCollection<in ULong>> ULongArray.filterIndexedTo(destination: C, predicate: (index: Int, ULong) -> Boolean): C {	commonMain/generated/_UArrays.kt:2009
1.3	fun	filterIndexedTo	UByteArray	2	public inline fun <C : MutableCollection<in UByte>> UByteArray.filterIndexedTo(destination: C, predicate: (index: Int, UByte) -> Boolean): C {	commonMain/generated/_UArrays.kt:2026
1.3	fun	filterIndexedTo	UShortArray	2	public inline fun <C : MutableCollection<in UShort>> UShortArray.filterIndexedTo(destination: C, predicate: (index: Int, UShort) -> Boolean): C {	commonMain/generated/_UArrays.kt:2043
1.3	fun	filterNot	UIntArray	0	public inline fun UIntArray.filterNot(predicate: (UInt) -> Boolean): List<UInt> {	commonMain/generated/_UArrays.kt:2058
1.3	fun	filterNot	ULongArray	0	public inline fun ULongArray.filterNot(predicate: (ULong) -> Boolean): List<ULong> {	commonMain/generated/_UArrays.kt:2070
1.3	fun	filterNot	UByteArray	0	public inline fun UByteArray.filterNot(predicate: (UByte) -> Boolean): List<UByte> {	commonMain/generated/_UArrays.kt:2082
1.3	fun	filterNot	UShortArray	0	public inline fun UShortArray.filterNot(predicate: (UShort) -> Boolean): List<UShort> {	commonMain/generated/_UArrays.kt:2094
1.3	fun	filterNotTo	UIntArray	1	public inline fun <C : MutableCollection<in UInt>> UIntArray.filterNotTo(destination: C, predicate: (UInt) -> Boolean): C {	commonMain/generated/_UArrays.kt:2106
1.3	fun	filterNotTo	ULongArray	1	public inline fun <C : MutableCollection<in ULong>> ULongArray.filterNotTo(destination: C, predicate: (ULong) -> Boolean): C {	commonMain/generated/_UArrays.kt:2119
1.3	fun	filterNotTo	UByteArray	1	public inline fun <C : MutableCollection<in UByte>> UByteArray.filterNotTo(destination: C, predicate: (UByte) -> Boolean): C {	commonMain/generated/_UArrays.kt:2132
1.3	fun	filterNotTo	UShortArray	1	public inline fun <C : MutableCollection<in UShort>> UShortArray.filterNotTo(destination: C, predicate: (UShort) -> Boolean): C {	commonMain/generated/_UArrays.kt:2145
1.3	fun	filterTo	UIntArray	1	public inline fun <C : MutableCollection<in UInt>> UIntArray.filterTo(destination: C, predicate: (UInt) -> Boolean): C {	commonMain/generated/_UArrays.kt:2158
1.3	fun	filterTo	ULongArray	1	public inline fun <C : MutableCollection<in ULong>> ULongArray.filterTo(destination: C, predicate: (ULong) -> Boolean): C {	commonMain/generated/_UArrays.kt:2171
1.3	fun	filterTo	UByteArray	1	public inline fun <C : MutableCollection<in UByte>> UByteArray.filterTo(destination: C, predicate: (UByte) -> Boolean): C {	commonMain/generated/_UArrays.kt:2184
1.3	fun	filterTo	UShortArray	1	public inline fun <C : MutableCollection<in UShort>> UShortArray.filterTo(destination: C, predicate: (UShort) -> Boolean): C {	commonMain/generated/_UArrays.kt:2197
1.3	fun	slice	UIntArray	0	public fun UIntArray.slice(indices: IntRange): List<UInt> {	commonMain/generated/_UArrays.kt:2207
1.3	fun	slice	ULongArray	0	public fun ULongArray.slice(indices: IntRange): List<ULong> {	commonMain/generated/_UArrays.kt:2217
1.3	fun	slice	UByteArray	0	public fun UByteArray.slice(indices: IntRange): List<UByte> {	commonMain/generated/_UArrays.kt:2227
1.3	fun	slice	UShortArray	0	public fun UShortArray.slice(indices: IntRange): List<UShort> {	commonMain/generated/_UArrays.kt:2237
1.3	fun	slice	UIntArray	0	public fun UIntArray.slice(indices: Iterable<Int>): List<UInt> {	commonMain/generated/_UArrays.kt:2247
-	val	size	-	0	val size = indices.collectionSizeOrDefault(10)	commonMain/generated/_UArrays.kt:2248
-	val	list	-	0	val list = ArrayList<UInt>(size)	commonMain/generated/_UArrays.kt:2250
1.3	fun	slice	ULongArray	0	public fun ULongArray.slice(indices: Iterable<Int>): List<ULong> {	commonMain/generated/_UArrays.kt:2262
-	val	size	-	0	val size = indices.collectionSizeOrDefault(10)	commonMain/generated/_UArrays.kt:2263
-	val	list	-	0	val list = ArrayList<ULong>(size)	commonMain/generated/_UArrays.kt:2265
1.3	fun	slice	UByteArray	0	public fun UByteArray.slice(indices: Iterable<Int>): List<UByte> {	commonMain/generated/_UArrays.kt:2277
-	val	size	-	0	val size = indices.collectionSizeOrDefault(10)	commonMain/generated/_UArrays.kt:2278
-	val	list	-	0	val list = ArrayList<UByte>(size)	commonMain/generated/_UArrays.kt:2280
1.3	fun	slice	UShortArray	0	public fun UShortArray.slice(indices: Iterable<Int>): List<UShort> {	commonMain/generated/_UArrays.kt:2292
-	val	size	-	0	val size = indices.collectionSizeOrDefault(10)	commonMain/generated/_UArrays.kt:2293
-	val	list	-	0	val list = ArrayList<UShort>(size)	commonMain/generated/_UArrays.kt:2295
1.3	fun	sliceArray	UIntArray	0	public fun UIntArray.sliceArray(indices: Collection<Int>): UIntArray {	commonMain/generated/_UArrays.kt:2307
1.3	fun	sliceArray	ULongArray	0	public fun ULongArray.sliceArray(indices: Collection<Int>): ULongArray {	commonMain/generated/_UArrays.kt:2316
1.3	fun	sliceArray	UByteArray	0	public fun UByteArray.sliceArray(indices: Collection<Int>): UByteArray {	commonMain/generated/_UArrays.kt:2325
1.3	fun	sliceArray	UShortArray	0	public fun UShortArray.sliceArray(indices: Collection<Int>): UShortArray {	commonMain/generated/_UArrays.kt:2334
1.3	fun	sliceArray	UIntArray	0	public fun UIntArray.sliceArray(indices: IntRange): UIntArray {	commonMain/generated/_UArrays.kt:2343
1.3	fun	sliceArray	ULongArray	0	public fun ULongArray.sliceArray(indices: IntRange): ULongArray {	commonMain/generated/_UArrays.kt:2352
1.3	fun	sliceArray	UByteArray	0	public fun UByteArray.sliceArray(indices: IntRange): UByteArray {	commonMain/generated/_UArrays.kt:2361
1.3	fun	sliceArray	UShortArray	0	public fun UShortArray.sliceArray(indices: IntRange): UShortArray {	commonMain/generated/_UArrays.kt:2370
1.3	fun	take	UIntArray	0	public fun UIntArray.take(n: Int): List<UInt> {	commonMain/generated/_UArrays.kt:2383
-	var	count	-	0	var count = 0	commonMain/generated/_UArrays.kt:2388
-	val	list	-	0	val list = ArrayList<UInt>(n)	commonMain/generated/_UArrays.kt:2389
1.3	fun	take	ULongArray	0	public fun ULongArray.take(n: Int): List<ULong> {	commonMain/generated/_UArrays.kt:2407
-	var	count	-	0	var count = 0	commonMain/generated/_UArrays.kt:2412
-	val	list	-	0	val list = ArrayList<ULong>(n)	commonMain/generated/_UArrays.kt:2413
1.3	fun	take	UByteArray	0	public fun UByteArray.take(n: Int): List<UByte> {	commonMain/generated/_UArrays.kt:2431
-	var	count	-	0	var count = 0	commonMain/generated/_UArrays.kt:2436
-	val	list	-	0	val list = ArrayList<UByte>(n)	commonMain/generated/_UArrays.kt:2437
1.3	fun	take	UShortArray	0	public fun UShortArray.take(n: Int): List<UShort> {	commonMain/generated/_UArrays.kt:2455
-	var	count	-	0	var count = 0	commonMain/generated/_UArrays.kt:2460
-	val	list	-	0	val list = ArrayList<UShort>(n)	commonMain/generated/_UArrays.kt:2461
1.3	fun	takeLast	UIntArray	0	public fun UIntArray.takeLast(n: Int): List<UInt> {	commonMain/generated/_UArrays.kt:2479
-	val	size	-	0	val size = size	commonMain/generated/_UArrays.kt:2482
-	val	list	-	0	val list = ArrayList<UInt>(n)	commonMain/generated/_UArrays.kt:2485
1.3	fun	takeLast	ULongArray	0	public fun ULongArray.takeLast(n: Int): List<ULong> {	commonMain/generated/_UArrays.kt:2500
-	val	size	-	0	val size = size	commonMain/generated/_UArrays.kt:2503
-	val	list	-	0	val list = ArrayList<ULong>(n)	commonMain/generated/_UArrays.kt:2506
1.3	fun	takeLast	UByteArray	0	public fun UByteArray.takeLast(n: Int): List<UByte> {	commonMain/generated/_UArrays.kt:2521
-	val	size	-	0	val size = size	commonMain/generated/_UArrays.kt:2524
-	val	list	-	0	val list = ArrayList<UByte>(n)	commonMain/generated/_UArrays.kt:2527
1.3	fun	takeLast	UShortArray	0	public fun UShortArray.takeLast(n: Int): List<UShort> {	commonMain/generated/_UArrays.kt:2542
-	val	size	-	0	val size = size	commonMain/generated/_UArrays.kt:2545
-	val	list	-	0	val list = ArrayList<UShort>(n)	commonMain/generated/_UArrays.kt:2548
1.3	fun	takeLastWhile	UIntArray	0	public inline fun UIntArray.takeLastWhile(predicate: (UInt) -> Boolean): List<UInt> {	commonMain/generated/_UArrays.kt:2562
1.3	fun	takeLastWhile	ULongArray	0	public inline fun ULongArray.takeLastWhile(predicate: (ULong) -> Boolean): List<ULong> {	commonMain/generated/_UArrays.kt:2579
1.3	fun	takeLastWhile	UByteArray	0	public inline fun UByteArray.takeLastWhile(predicate: (UByte) -> Boolean): List<UByte> {	commonMain/generated/_UArrays.kt:2596
1.3	fun	takeLastWhile	UShortArray	0	public inline fun UShortArray.takeLastWhile(predicate: (UShort) -> Boolean): List<UShort> {	commonMain/generated/_UArrays.kt:2613
1.3	fun	takeWhile	UIntArray	0	public inline fun UIntArray.takeWhile(predicate: (UInt) -> Boolean): List<UInt> {	commonMain/generated/_UArrays.kt:2630
-	val	list	-	0	val list = ArrayList<UInt>()	commonMain/generated/_UArrays.kt:2631
1.3	fun	takeWhile	ULongArray	0	public inline fun ULongArray.takeWhile(predicate: (ULong) -> Boolean): List<ULong> {	commonMain/generated/_UArrays.kt:2648
-	val	list	-	0	val list = ArrayList<ULong>()	commonMain/generated/_UArrays.kt:2649
1.3	fun	takeWhile	UByteArray	0	public inline fun UByteArray.takeWhile(predicate: (UByte) -> Boolean): List<UByte> {	commonMain/generated/_UArrays.kt:2666
-	val	list	-	0	val list = ArrayList<UByte>()	commonMain/generated/_UArrays.kt:2667
1.3	fun	takeWhile	UShortArray	0	public inline fun UShortArray.takeWhile(predicate: (UShort) -> Boolean): List<UShort> {	commonMain/generated/_UArrays.kt:2684
-	val	list	-	0	val list = ArrayList<UShort>()	commonMain/generated/_UArrays.kt:2685
1.3	fun	reverse	UIntArray	0	public inline fun UIntArray.reverse(): Unit {	commonMain/generated/_UArrays.kt:2700
1.3	fun	reverse	ULongArray	0	public inline fun ULongArray.reverse(): Unit {	commonMain/generated/_UArrays.kt:2710
1.3	fun	reverse	UByteArray	0	public inline fun UByteArray.reverse(): Unit {	commonMain/generated/_UArrays.kt:2720
1.3	fun	reverse	UShortArray	0	public inline fun UShortArray.reverse(): Unit {	commonMain/generated/_UArrays.kt:2730
1.4	fun	reverse	UIntArray	1	public inline fun UIntArray.reverse(fromIndex: Int, toIndex: Int): Unit {	commonMain/generated/_UArrays.kt:2746
1.4	fun	reverse	ULongArray	1	public inline fun ULongArray.reverse(fromIndex: Int, toIndex: Int): Unit {	commonMain/generated/_UArrays.kt:2762
1.4	fun	reverse	UByteArray	1	public inline fun UByteArray.reverse(fromIndex: Int, toIndex: Int): Unit {	commonMain/generated/_UArrays.kt:2778
1.4	fun	reverse	UShortArray	1	public inline fun UShortArray.reverse(fromIndex: Int, toIndex: Int): Unit {	commonMain/generated/_UArrays.kt:2794
1.3	fun	reversed	UIntArray	0	public fun UIntArray.reversed(): List<UInt> {	commonMain/generated/_UArrays.kt:2803
-	val	list	-	0	val list = toMutableList()	commonMain/generated/_UArrays.kt:2805
1.3	fun	reversed	ULongArray	0	public fun ULongArray.reversed(): List<ULong> {	commonMain/generated/_UArrays.kt:2815
-	val	list	-	0	val list = toMutableList()	commonMain/generated/_UArrays.kt:2817
1.3	fun	reversed	UByteArray	0	public fun UByteArray.reversed(): List<UByte> {	commonMain/generated/_UArrays.kt:2827
-	val	list	-	0	val list = toMutableList()	commonMain/generated/_UArrays.kt:2829
1.3	fun	reversed	UShortArray	0	public fun UShortArray.reversed(): List<UShort> {	commonMain/generated/_UArrays.kt:2839
-	val	list	-	0	val list = toMutableList()	commonMain/generated/_UArrays.kt:2841
1.3	fun	reversedArray	UIntArray	0	public inline fun UIntArray.reversedArray(): UIntArray {	commonMain/generated/_UArrays.kt:2852
1.3	fun	reversedArray	ULongArray	0	public inline fun ULongArray.reversedArray(): ULongArray {	commonMain/generated/_UArrays.kt:2862
1.3	fun	reversedArray	UByteArray	0	public inline fun UByteArray.reversedArray(): UByteArray {	commonMain/generated/_UArrays.kt:2872
1.3	fun	reversedArray	UShortArray	0	public inline fun UShortArray.reversedArray(): UShortArray {	commonMain/generated/_UArrays.kt:2882
1.4	fun	shuffle	UIntArray	0	public fun UIntArray.shuffle(): Unit {	commonMain/generated/_UArrays.kt:2891
1.4	fun	shuffle	ULongArray	0	public fun ULongArray.shuffle(): Unit {	commonMain/generated/_UArrays.kt:2900
1.4	fun	shuffle	UByteArray	0	public fun UByteArray.shuffle(): Unit {	commonMain/generated/_UArrays.kt:2909
1.4	fun	shuffle	UShortArray	0	public fun UShortArray.shuffle(): Unit {	commonMain/generated/_UArrays.kt:2918
1.4	fun	shuffle	UIntArray	0	public fun UIntArray.shuffle(random: Random): Unit {	commonMain/generated/_UArrays.kt:2929
-	val	j	-	0	val j = random.nextInt(i + 1)	commonMain/generated/_UArrays.kt:2931
-	val	copy	-	0	val copy = this[i]	commonMain/generated/_UArrays.kt:2932
1.4	fun	shuffle	ULongArray	0	public fun ULongArray.shuffle(random: Random): Unit {	commonMain/generated/_UArrays.kt:2945
-	val	j	-	0	val j = random.nextInt(i + 1)	commonMain/generated/_UArrays.kt:2947
-	val	copy	-	0	val copy = this[i]	commonMain/generated/_UArrays.kt:2948
1.4	fun	shuffle	UByteArray	0	public fun UByteArray.shuffle(random: Random): Unit {	commonMain/generated/_UArrays.kt:2961
-	val	j	-	0	val j = random.nextInt(i + 1)	commonMain/generated/_UArrays.kt:2963
-	val	copy	-	0	val copy = this[i]	commonMain/generated/_UArrays.kt:2964
1.4	fun	shuffle	UShortArray	0	public fun UShortArray.shuffle(random: Random): Unit {	commonMain/generated/_UArrays.kt:2977
-	val	j	-	0	val j = random.nextInt(i + 1)	commonMain/generated/_UArrays.kt:2979
-	val	copy	-	0	val copy = this[i]	commonMain/generated/_UArrays.kt:2980
1.3	fun	sortDescending	UIntArray	0	public fun UIntArray.sortDescending(): Unit {	commonMain/generated/_UArrays.kt:2991
1.3	fun	sortDescending	ULongArray	0	public fun ULongArray.sortDescending(): Unit {	commonMain/generated/_UArrays.kt:3003
1.3	fun	sortDescending	UByteArray	0	public fun UByteArray.sortDescending(): Unit {	commonMain/generated/_UArrays.kt:3015
1.3	fun	sortDescending	UShortArray	0	public fun UShortArray.sortDescending(): Unit {	commonMain/generated/_UArrays.kt:3027
1.3	fun	sorted	UIntArray	0	public fun UIntArray.sorted(): List<UInt> {	commonMain/generated/_UArrays.kt:3039
1.3	fun	sorted	ULongArray	0	public fun ULongArray.sorted(): List<ULong> {	commonMain/generated/_UArrays.kt:3048
1.3	fun	sorted	UByteArray	0	public fun UByteArray.sorted(): List<UByte> {	commonMain/generated/_UArrays.kt:3057
1.3	fun	sorted	UShortArray	0	public fun UShortArray.sorted(): List<UShort> {	commonMain/generated/_UArrays.kt:3066
1.3	fun	sortedArray	UIntArray	0	public fun UIntArray.sortedArray(): UIntArray {	commonMain/generated/_UArrays.kt:3075
1.3	fun	sortedArray	ULongArray	0	public fun ULongArray.sortedArray(): ULongArray {	commonMain/generated/_UArrays.kt:3085
1.3	fun	sortedArray	UByteArray	0	public fun UByteArray.sortedArray(): UByteArray {	commonMain/generated/_UArrays.kt:3095
1.3	fun	sortedArray	UShortArray	0	public fun UShortArray.sortedArray(): UShortArray {	commonMain/generated/_UArrays.kt:3105
1.3	fun	sortedArrayDescending	UIntArray	0	public fun UIntArray.sortedArrayDescending(): UIntArray {	commonMain/generated/_UArrays.kt:3115
1.3	fun	sortedArrayDescending	ULongArray	0	public fun ULongArray.sortedArrayDescending(): ULongArray {	commonMain/generated/_UArrays.kt:3125
1.3	fun	sortedArrayDescending	UByteArray	0	public fun UByteArray.sortedArrayDescending(): UByteArray {	commonMain/generated/_UArrays.kt:3135
1.3	fun	sortedArrayDescending	UShortArray	0	public fun UShortArray.sortedArrayDescending(): UShortArray {	commonMain/generated/_UArrays.kt:3145
1.3	fun	sortedDescending	UIntArray	0	public fun UIntArray.sortedDescending(): List<UInt> {	commonMain/generated/_UArrays.kt:3157
1.3	fun	sortedDescending	ULongArray	0	public fun ULongArray.sortedDescending(): List<ULong> {	commonMain/generated/_UArrays.kt:3168
1.3	fun	sortedDescending	UByteArray	0	public fun UByteArray.sortedDescending(): List<UByte> {	commonMain/generated/_UArrays.kt:3179
1.3	fun	sortedDescending	UShortArray	0	public fun UShortArray.sortedDescending(): List<UShort> {	commonMain/generated/_UArrays.kt:3190
1.3	fun	asByteArray	UByteArray	0	public inline fun UByteArray.asByteArray(): ByteArray {	commonMain/generated/_UArrays.kt:3201
1.3	fun	asIntArray	UIntArray	0	public inline fun UIntArray.asIntArray(): IntArray {	commonMain/generated/_UArrays.kt:3212
1.3	fun	asList	UIntArray	0	public expect fun UIntArray.asList(): List<UInt>	commonMain/generated/_UArrays.kt:3221
1.3	fun	asList	ULongArray	0	public expect fun ULongArray.asList(): List<ULong>	commonMain/generated/_UArrays.kt:3228
1.3	fun	asList	UByteArray	0	public expect fun UByteArray.asList(): List<UByte>	commonMain/generated/_UArrays.kt:3235
1.3	fun	asList	UShortArray	0	public expect fun UShortArray.asList(): List<UShort>	commonMain/generated/_UArrays.kt:3242
1.3	fun	asLongArray	ULongArray	0	public inline fun ULongArray.asLongArray(): LongArray {	commonMain/generated/_UArrays.kt:3251
1.3	fun	asShortArray	UShortArray	0	public inline fun UShortArray.asShortArray(): ShortArray {	commonMain/generated/_UArrays.kt:3262
1.3	fun	asUByteArray	ByteArray	0	public inline fun ByteArray.asUByteArray(): UByteArray {	commonMain/generated/_UArrays.kt:3273
1.3	fun	asUIntArray	IntArray	0	public inline fun IntArray.asUIntArray(): UIntArray {	commonMain/generated/_UArrays.kt:3284
1.3	fun	asULongArray	LongArray	0	public inline fun LongArray.asULongArray(): ULongArray {	commonMain/generated/_UArrays.kt:3295
1.3	fun	asUShortArray	ShortArray	0	public inline fun ShortArray.asUShortArray(): UShortArray {	commonMain/generated/_UArrays.kt:3306
1.4	fun	contentEquals	UIntArray	0	public infix fun UIntArray?.contentEquals(other: UIntArray?): Boolean {	commonMain/generated/_UArrays.kt:3324
1.4	fun	contentEquals	ULongArray	0	public infix fun ULongArray?.contentEquals(other: ULongArray?): Boolean {	commonMain/generated/_UArrays.kt:3342
1.4	fun	contentEquals	UByteArray	0	public infix fun UByteArray?.contentEquals(other: UByteArray?): Boolean {	commonMain/generated/_UArrays.kt:3360
1.4	fun	contentEquals	UShortArray	0	public infix fun UShortArray?.contentEquals(other: UShortArray?): Boolean {	commonMain/generated/_UArrays.kt:3378
1.4	fun	contentHashCode	UIntArray	0	public fun UIntArray?.contentHashCode(): Int {	commonMain/generated/_UArrays.kt:3387
1.4	fun	contentHashCode	ULongArray	0	public fun ULongArray?.contentHashCode(): Int {	commonMain/generated/_UArrays.kt:3396
1.4	fun	contentHashCode	UByteArray	0	public fun UByteArray?.contentHashCode(): Int {	commonMain/generated/_UArrays.kt:3405
1.4	fun	contentHashCode	UShortArray	0	public fun UShortArray?.contentHashCode(): Int {	commonMain/generated/_UArrays.kt:3414
1.4	fun	contentToString	UIntArray	0	public fun UIntArray?.contentToString(): String {	commonMain/generated/_UArrays.kt:3425
1.4	fun	contentToString	ULongArray	0	public fun ULongArray?.contentToString(): String {	commonMain/generated/_UArrays.kt:3436
1.4	fun	contentToString	UByteArray	0	public fun UByteArray?.contentToString(): String {	commonMain/generated/_UArrays.kt:3447
1.4	fun	contentToString	UShortArray	0	public fun UShortArray?.contentToString(): String {	commonMain/generated/_UArrays.kt:3458
1.3	fun	copyInto	UIntArray	3	public inline fun UIntArray.copyInto(destination: UIntArray, destinationOffset: Int = 0, startIndex: Int = 0, endIndex: Int = size): UIntArray {	commonMain/generated/_UArrays.kt:3481
1.3	fun	copyInto	ULongArray	3	public inline fun ULongArray.copyInto(destination: ULongArray, destinationOffset: Int = 0, startIndex: Int = 0, endIndex: Int = size): ULongArray {	commonMain/generated/_UArrays.kt:3505
1.3	fun	copyInto	UByteArray	3	public inline fun UByteArray.copyInto(destination: UByteArray, destinationOffset: Int = 0, startIndex: Int = 0, endIndex: Int = size): UByteArray {	commonMain/generated/_UArrays.kt:3529
1.3	fun	copyInto	UShortArray	3	public inline fun UShortArray.copyInto(destination: UShortArray, destinationOffset: Int = 0, startIndex: Int = 0, endIndex: Int = size): UShortArray {	commonMain/generated/_UArrays.kt:3553
1.3	fun	copyOf	UIntArray	0	public inline fun UIntArray.copyOf(): UIntArray {	commonMain/generated/_UArrays.kt:3566
1.3	fun	copyOf	ULongArray	0	public inline fun ULongArray.copyOf(): ULongArray {	commonMain/generated/_UArrays.kt:3578
1.3	fun	copyOf	UByteArray	0	public inline fun UByteArray.copyOf(): UByteArray {	commonMain/generated/_UArrays.kt:3590
1.3	fun	copyOf	UShortArray	0	public inline fun UShortArray.copyOf(): UShortArray {	commonMain/generated/_UArrays.kt:3602
1.3	fun	copyOf	UIntArray	0	public inline fun UIntArray.copyOf(newSize: Int): UIntArray {	commonMain/generated/_UArrays.kt:3616
1.3	fun	copyOf	ULongArray	0	public inline fun ULongArray.copyOf(newSize: Int): ULongArray {	commonMain/generated/_UArrays.kt:3630
1.3	fun	copyOf	UByteArray	0	public inline fun UByteArray.copyOf(newSize: Int): UByteArray {	commonMain/generated/_UArrays.kt:3644
1.3	fun	copyOf	UShortArray	0	public inline fun UShortArray.copyOf(newSize: Int): UShortArray {	commonMain/generated/_UArrays.kt:3658
1.3	fun	copyOfRange	UIntArray	1	public inline fun UIntArray.copyOfRange(fromIndex: Int, toIndex: Int): UIntArray {	commonMain/generated/_UArrays.kt:3674
1.3	fun	copyOfRange	ULongArray	1	public inline fun ULongArray.copyOfRange(fromIndex: Int, toIndex: Int): ULongArray {	commonMain/generated/_UArrays.kt:3690
1.3	fun	copyOfRange	UByteArray	1	public inline fun UByteArray.copyOfRange(fromIndex: Int, toIndex: Int): UByteArray {	commonMain/generated/_UArrays.kt:3706
1.3	fun	copyOfRange	UShortArray	1	public inline fun UShortArray.copyOfRange(fromIndex: Int, toIndex: Int): UShortArray {	commonMain/generated/_UArrays.kt:3722
1.3	fun	fill	UIntArray	2	public fun UIntArray.fill(element: UInt, fromIndex: Int = 0, toIndex: Int = size): Unit {	commonMain/generated/_UArrays.kt:3737
1.3	fun	fill	ULongArray	2	public fun ULongArray.fill(element: ULong, fromIndex: Int = 0, toIndex: Int = size): Unit {	commonMain/generated/_UArrays.kt:3752
1.3	fun	fill	UByteArray	2	public fun UByteArray.fill(element: UByte, fromIndex: Int = 0, toIndex: Int = size): Unit {	commonMain/generated/_UArrays.kt:3767
1.3	fun	fill	UShortArray	2	public fun UShortArray.fill(element: UShort, fromIndex: Int = 0, toIndex: Int = size): Unit {	commonMain/generated/_UArrays.kt:3782
1.3	val	IntRange	-	0	public inline val UIntArray.indices: IntRange	commonMain/generated/_UArrays.kt:3791
1.3	val	IntRange	-	0	public inline val ULongArray.indices: IntRange	commonMain/generated/_UArrays.kt:3799
1.3	val	IntRange	-	0	public inline val UByteArray.indices: IntRange	commonMain/generated/_UArrays.kt:3807
1.3	val	IntRange	-	0	public inline val UShortArray.indices: IntRange	commonMain/generated/_UArrays.kt:3815
1.3	val	Int	-	0	public inline val UIntArray.lastIndex: Int	commonMain/generated/_UArrays.kt:3823
1.3	val	Int	-	0	public inline val ULongArray.lastIndex: Int	commonMain/generated/_UArrays.kt:3831
1.3	val	Int	-	0	public inline val UByteArray.lastIndex: Int	commonMain/generated/_UArrays.kt:3839
1.3	val	Int	-	0	public inline val UShortArray.lastIndex: Int	commonMain/generated/_UArrays.kt:3847
1.3	fun	plus	UIntArray	0	public inline operator fun UIntArray.plus(element: UInt): UIntArray {	commonMain/generated/_UArrays.kt:3856
1.3	fun	plus	ULongArray	0	public inline operator fun ULongArray.plus(element: ULong): ULongArray {	commonMain/generated/_UArrays.kt:3866
1.3	fun	plus	UByteArray	0	public inline operator fun UByteArray.plus(element: UByte): UByteArray {	commonMain/generated/_UArrays.kt:3876
1.3	fun	plus	UShortArray	0	public inline operator fun UShortArray.plus(element: UShort): UShortArray {	commonMain/generated/_UArrays.kt:3886
1.3	fun	plus	UIntArray	0	public operator fun UIntArray.plus(elements: Collection<UInt>): UIntArray {	commonMain/generated/_UArrays.kt:3895
-	var	index	-	0	var index = size	commonMain/generated/_UArrays.kt:3896
-	val	result	-	0	val result = storage.copyOf(size + elements.size)	commonMain/generated/_UArrays.kt:3897
1.3	fun	plus	ULongArray	0	public operator fun ULongArray.plus(elements: Collection<ULong>): ULongArray {	commonMain/generated/_UArrays.kt:3907
-	var	index	-	0	var index = size	commonMain/generated/_UArrays.kt:3908
-	val	result	-	0	val result = storage.copyOf(size + elements.size)	commonMain/generated/_UArrays.kt:3909
1.3	fun	plus	UByteArray	0	public operator fun UByteArray.plus(elements: Collection<UByte>): UByteArray {	commonMain/generated/_UArrays.kt:3919
-	var	index	-	0	var index = size	commonMain/generated/_UArrays.kt:3920
-	val	result	-	0	val result = storage.copyOf(size + elements.size)	commonMain/generated/_UArrays.kt:3921
1.3	fun	plus	UShortArray	0	public operator fun UShortArray.plus(elements: Collection<UShort>): UShortArray {	commonMain/generated/_UArrays.kt:3931
-	var	index	-	0	var index = size	commonMain/generated/_UArrays.kt:3932
-	val	result	-	0	val result = storage.copyOf(size + elements.size)	commonMain/generated/_UArrays.kt:3933
1.3	fun	plus	UIntArray	0	public inline operator fun UIntArray.plus(elements: UIntArray): UIntArray {	commonMain/generated/_UArrays.kt:3944
1.3	fun	plus	ULongArray	0	public inline operator fun ULongArray.plus(elements: ULongArray): ULongArray {	commonMain/generated/_UArrays.kt:3954
1.3	fun	plus	UByteArray	0	public inline operator fun UByteArray.plus(elements: UByteArray): UByteArray {	commonMain/generated/_UArrays.kt:3964
1.3	fun	plus	UShortArray	0	public inline operator fun UShortArray.plus(elements: UShortArray): UShortArray {	commonMain/generated/_UArrays.kt:3974
1.3	fun	sort	UIntArray	0	public fun UIntArray.sort(): Unit {	commonMain/generated/_UArrays.kt:3985
1.3	fun	sort	ULongArray	0	public fun ULongArray.sort(): Unit {	commonMain/generated/_UArrays.kt:3996
1.3	fun	sort	UByteArray	0	public fun UByteArray.sort(): Unit {	commonMain/generated/_UArrays.kt:4007
1.3	fun	sort	UShortArray	0	public fun UShortArray.sort(): Unit {	commonMain/generated/_UArrays.kt:4018
1.4	fun	sort	UIntArray	1	public fun UIntArray.sort(fromIndex: Int = 0, toIndex: Int = size): Unit {	commonMain/generated/_UArrays.kt:4035
1.4	fun	sort	ULongArray	1	public fun ULongArray.sort(fromIndex: Int = 0, toIndex: Int = size): Unit {	commonMain/generated/_UArrays.kt:4053
1.4	fun	sort	UByteArray	1	public fun UByteArray.sort(fromIndex: Int = 0, toIndex: Int = size): Unit {	commonMain/generated/_UArrays.kt:4071
1.4	fun	sort	UShortArray	1	public fun UShortArray.sort(fromIndex: Int = 0, toIndex: Int = size): Unit {	commonMain/generated/_UArrays.kt:4089
1.4	fun	sortDescending	UIntArray	1	public fun UIntArray.sortDescending(fromIndex: Int, toIndex: Int): Unit {	commonMain/generated/_UArrays.kt:4106
1.4	fun	sortDescending	ULongArray	1	public fun ULongArray.sortDescending(fromIndex: Int, toIndex: Int): Unit {	commonMain/generated/_UArrays.kt:4123
1.4	fun	sortDescending	UByteArray	1	public fun UByteArray.sortDescending(fromIndex: Int, toIndex: Int): Unit {	commonMain/generated/_UArrays.kt:4140
1.4	fun	sortDescending	UShortArray	1	public fun UShortArray.sortDescending(fromIndex: Int, toIndex: Int): Unit {	commonMain/generated/_UArrays.kt:4157
1.3	fun	toByteArray	UByteArray	0	public inline fun UByteArray.toByteArray(): ByteArray {	commonMain/generated/_UArrays.kt:4169
1.3	fun	toIntArray	UIntArray	0	public inline fun UIntArray.toIntArray(): IntArray {	commonMain/generated/_UArrays.kt:4180
1.3	fun	toLongArray	ULongArray	0	public inline fun ULongArray.toLongArray(): LongArray {	commonMain/generated/_UArrays.kt:4191
1.3	fun	toShortArray	UShortArray	0	public inline fun UShortArray.toShortArray(): ShortArray {	commonMain/generated/_UArrays.kt:4202
1.3	fun	toTypedArray	UIntArray	0	public fun UIntArray.toTypedArray(): Array<UInt> {	commonMain/generated/_UArrays.kt:4211
1.3	fun	toTypedArray	ULongArray	0	public fun ULongArray.toTypedArray(): Array<ULong> {	commonMain/generated/_UArrays.kt:4220
1.3	fun	toTypedArray	UByteArray	0	public fun UByteArray.toTypedArray(): Array<UByte> {	commonMain/generated/_UArrays.kt:4229
1.3	fun	toTypedArray	UShortArray	0	public fun UShortArray.toTypedArray(): Array<UShort> {	commonMain/generated/_UArrays.kt:4238
1.3	fun	toUByteArray	-	0	public fun Array<out UByte>.toUByteArray(): UByteArray {	commonMain/generated/_UArrays.kt:4247
1.3	fun	toUByteArray	ByteArray	0	public inline fun ByteArray.toUByteArray(): UByteArray {	commonMain/generated/_UArrays.kt:4258
1.3	fun	toUIntArray	-	0	public fun Array<out UInt>.toUIntArray(): UIntArray {	commonMain/generated/_UArrays.kt:4267
1.3	fun	toUIntArray	IntArray	0	public inline fun IntArray.toUIntArray(): UIntArray {	commonMain/generated/_UArrays.kt:4278
1.3	fun	toULongArray	-	0	public fun Array<out ULong>.toULongArray(): ULongArray {	commonMain/generated/_UArrays.kt:4287
1.3	fun	toULongArray	LongArray	0	public inline fun LongArray.toULongArray(): ULongArray {	commonMain/generated/_UArrays.kt:4298
1.3	fun	toUShortArray	-	0	public fun Array<out UShort>.toUShortArray(): UShortArray {	commonMain/generated/_UArrays.kt:4307
1.3	fun	toUShortArray	ShortArray	0	public inline fun ShortArray.toUShortArray(): UShortArray {	commonMain/generated/_UArrays.kt:4318
1.4	fun	associateWith	UIntArray	1	public inline fun <V> UIntArray.associateWith(valueSelector: (UInt) -> V): Map<UInt, V> {	commonMain/generated/_UArrays.kt:4335
-	val	result	-	1	val result = LinkedHashMap<UInt, V>(mapCapacity(size).coerceAtLeast(16))	commonMain/generated/_UArrays.kt:4336
1.4	fun	associateWith	ULongArray	1	public inline fun <V> ULongArray.associateWith(valueSelector: (ULong) -> V): Map<ULong, V> {	commonMain/generated/_UArrays.kt:4353
-	val	result	-	1	val result = LinkedHashMap<ULong, V>(mapCapacity(size).coerceAtLeast(16))	commonMain/generated/_UArrays.kt:4354
1.4	fun	associateWith	UByteArray	1	public inline fun <V> UByteArray.associateWith(valueSelector: (UByte) -> V): Map<UByte, V> {	commonMain/generated/_UArrays.kt:4371
-	val	result	-	1	val result = LinkedHashMap<UByte, V>(mapCapacity(size).coerceAtLeast(16))	commonMain/generated/_UArrays.kt:4372
1.4	fun	associateWith	UShortArray	1	public inline fun <V> UShortArray.associateWith(valueSelector: (UShort) -> V): Map<UShort, V> {	commonMain/generated/_UArrays.kt:4389
-	val	result	-	1	val result = LinkedHashMap<UShort, V>(mapCapacity(size).coerceAtLeast(16))	commonMain/generated/_UArrays.kt:4390
1.4	fun	associateWithTo	UIntArray	3	public inline fun <V, M : MutableMap<in UInt, in V>> UIntArray.associateWithTo(destination: M, valueSelector: (UInt) -> V): M {	commonMain/generated/_UArrays.kt:4405
1.4	fun	associateWithTo	ULongArray	3	public inline fun <V, M : MutableMap<in ULong, in V>> ULongArray.associateWithTo(destination: M, valueSelector: (ULong) -> V): M {	commonMain/generated/_UArrays.kt:4423
1.4	fun	associateWithTo	UByteArray	3	public inline fun <V, M : MutableMap<in UByte, in V>> UByteArray.associateWithTo(destination: M, valueSelector: (UByte) -> V): M {	commonMain/generated/_UArrays.kt:4441
1.4	fun	associateWithTo	UShortArray	3	public inline fun <V, M : MutableMap<in UShort, in V>> UShortArray.associateWithTo(destination: M, valueSelector: (UShort) -> V): M {	commonMain/generated/_UArrays.kt:4459
1.3	fun	flatMap	UIntArray	0	public inline fun <R> UIntArray.flatMap(transform: (UInt) -> Iterable<R>): List<R> {	commonMain/generated/_UArrays.kt:4474
1.3	fun	flatMap	ULongArray	0	public inline fun <R> ULongArray.flatMap(transform: (ULong) -> Iterable<R>): List<R> {	commonMain/generated/_UArrays.kt:4486
1.3	fun	flatMap	UByteArray	0	public inline fun <R> UByteArray.flatMap(transform: (UByte) -> Iterable<R>): List<R> {	commonMain/generated/_UArrays.kt:4498
1.3	fun	flatMap	UShortArray	0	public inline fun <R> UShortArray.flatMap(transform: (UShort) -> Iterable<R>): List<R> {	commonMain/generated/_UArrays.kt:4510
1.4	fun	flatMapIndexed	UIntArray	1	public inline fun <R> UIntArray.flatMapIndexed(transform: (index: Int, UInt) -> Iterable<R>): List<R> {	commonMain/generated/_UArrays.kt:4525
1.4	fun	flatMapIndexed	ULongArray	1	public inline fun <R> ULongArray.flatMapIndexed(transform: (index: Int, ULong) -> Iterable<R>): List<R> {	commonMain/generated/_UArrays.kt:4540
1.4	fun	flatMapIndexed	UByteArray	1	public inline fun <R> UByteArray.flatMapIndexed(transform: (index: Int, UByte) -> Iterable<R>): List<R> {	commonMain/generated/_UArrays.kt:4555
1.4	fun	flatMapIndexed	UShortArray	1	public inline fun <R> UShortArray.flatMapIndexed(transform: (index: Int, UShort) -> Iterable<R>): List<R> {	commonMain/generated/_UArrays.kt:4570
1.4	fun	flatMapIndexedTo	UIntArray	3	public inline fun <R, C : MutableCollection<in R>> UIntArray.flatMapIndexedTo(destination: C, transform: (index: Int, UInt) -> Iterable<R>): C {	commonMain/generated/_UArrays.kt:4583
-	var	index	-	0	var index = 0	commonMain/generated/_UArrays.kt:4584
-	val	list	-	1	val list = transform(index++, element)	commonMain/generated/_UArrays.kt:4586
1.4	fun	flatMapIndexedTo	ULongArray	3	public inline fun <R, C : MutableCollection<in R>> ULongArray.flatMapIndexedTo(destination: C, transform: (index: Int, ULong) -> Iterable<R>): C {	commonMain/generated/_UArrays.kt:4601
-	var	index	-	0	var index = 0	commonMain/generated/_UArrays.kt:4602
-	val	list	-	1	val list = transform(index++, element)	commonMain/generated/_UArrays.kt:4604
1.4	fun	flatMapIndexedTo	UByteArray	3	public inline fun <R, C : MutableCollection<in R>> UByteArray.flatMapIndexedTo(destination: C, transform: (index: Int, UByte) -> Iterable<R>): C {	commonMain/generated/_UArrays.kt:4619
-	var	index	-	0	var index = 0	commonMain/generated/_UArrays.kt:4620
-	val	list	-	1	val list = transform(index++, element)	commonMain/generated/_UArrays.kt:4622
1.4	fun	flatMapIndexedTo	UShortArray	3	public inline fun <R, C : MutableCollection<in R>> UShortArray.flatMapIndexedTo(destination: C, transform: (index: Int, UShort) -> Iterable<R>): C {	commonMain/generated/_UArrays.kt:4637
-	var	index	-	0	var index = 0	commonMain/generated/_UArrays.kt:4638
-	val	list	-	1	val list = transform(index++, element)	commonMain/generated/_UArrays.kt:4640
1.3	fun	flatMapTo	UIntArray	2	public inline fun <R, C : MutableCollection<in R>> UIntArray.flatMapTo(destination: C, transform: (UInt) -> Iterable<R>): C {	commonMain/generated/_UArrays.kt:4652
-	val	list	-	0	val list = transform(element)	commonMain/generated/_UArrays.kt:4654
1.3	fun	flatMapTo	ULongArray	2	public inline fun <R, C : MutableCollection<in R>> ULongArray.flatMapTo(destination: C, transform: (ULong) -> Iterable<R>): C {	commonMain/generated/_UArrays.kt:4666
-	val	list	-	0	val list = transform(element)	commonMain/generated/_UArrays.kt:4668
1.3	fun	flatMapTo	UByteArray	2	public inline fun <R, C : MutableCollection<in R>> UByteArray.flatMapTo(destination: C, transform: (UByte) -> Iterable<R>): C {	commonMain/generated/_UArrays.kt:4680
-	val	list	-	0	val list = transform(element)	commonMain/generated/_UArrays.kt:4682
1.3	fun	flatMapTo	UShortArray	2	public inline fun <R, C : MutableCollection<in R>> UShortArray.flatMapTo(destination: C, transform: (UShort) -> Iterable<R>): C {	commonMain/generated/_UArrays.kt:4694
-	val	list	-	0	val list = transform(element)	commonMain/generated/_UArrays.kt:4696
1.3	fun	groupBy	UIntArray	1	public inline fun <K> UIntArray.groupBy(keySelector: (UInt) -> K): Map<K, List<UInt>> {	commonMain/generated/_UArrays.kt:4713
1.3	fun	groupBy	ULongArray	1	public inline fun <K> ULongArray.groupBy(keySelector: (ULong) -> K): Map<K, List<ULong>> {	commonMain/generated/_UArrays.kt:4728
1.3	fun	groupBy	UByteArray	1	public inline fun <K> UByteArray.groupBy(keySelector: (UByte) -> K): Map<K, List<UByte>> {	commonMain/generated/_UArrays.kt:4743
1.3	fun	groupBy	UShortArray	1	public inline fun <K> UShortArray.groupBy(keySelector: (UShort) -> K): Map<K, List<UShort>> {	commonMain/generated/_UArrays.kt:4758
1.3	fun	groupBy	UIntArray	3	public inline fun <K, V> UIntArray.groupBy(keySelector: (UInt) -> K, valueTransform: (UInt) -> V): Map<K, List<V>> {	commonMain/generated/_UArrays.kt:4774
1.3	fun	groupBy	ULongArray	3	public inline fun <K, V> ULongArray.groupBy(keySelector: (ULong) -> K, valueTransform: (ULong) -> V): Map<K, List<V>> {	commonMain/generated/_UArrays.kt:4790
1.3	fun	groupBy	UByteArray	3	public inline fun <K, V> UByteArray.groupBy(keySelector: (UByte) -> K, valueTransform: (UByte) -> V): Map<K, List<V>> {	commonMain/generated/_UArrays.kt:4806
1.3	fun	groupBy	UShortArray	3	public inline fun <K, V> UShortArray.groupBy(keySelector: (UShort) -> K, valueTransform: (UShort) -> V): Map<K, List<V>> {	commonMain/generated/_UArrays.kt:4822
1.3	fun	groupByTo	UIntArray	3	public inline fun <K, M : MutableMap<in K, MutableList<UInt>>> UIntArray.groupByTo(destination: M, keySelector: (UInt) -> K): M {	commonMain/generated/_UArrays.kt:4837
-	val	key	-	0	val key = keySelector(element)	commonMain/generated/_UArrays.kt:4839
-	val	list	-	0	val list = destination.getOrPut(key) { ArrayList<UInt>() }	commonMain/generated/_UArrays.kt:4840
1.3	fun	groupByTo	ULongArray	3	public inline fun <K, M : MutableMap<in K, MutableList<ULong>>> ULongArray.groupByTo(destination: M, keySelector: (ULong) -> K): M {	commonMain/generated/_UArrays.kt:4857
-	val	key	-	0	val key = keySelector(element)	commonMain/generated/_UArrays.kt:4859
-	val	list	-	0	val list = destination.getOrPut(key) { ArrayList<ULong>() }	commonMain/generated/_UArrays.kt:4860
1.3	fun	groupByTo	UByteArray	3	public inline fun <K, M : MutableMap<in K, MutableList<UByte>>> UByteArray.groupByTo(destination: M, keySelector: (UByte) -> K): M {	commonMain/generated/_UArrays.kt:4877
-	val	key	-	0	val key = keySelector(element)	commonMain/generated/_UArrays.kt:4879
-	val	list	-	0	val list = destination.getOrPut(key) { ArrayList<UByte>() }	commonMain/generated/_UArrays.kt:4880
1.3	fun	groupByTo	UShortArray	3	public inline fun <K, M : MutableMap<in K, MutableList<UShort>>> UShortArray.groupByTo(destination: M, keySelector: (UShort) -> K): M {	commonMain/generated/_UArrays.kt:4897
-	val	key	-	0	val key = keySelector(element)	commonMain/generated/_UArrays.kt:4899
-	val	list	-	0	val list = destination.getOrPut(key) { ArrayList<UShort>() }	commonMain/generated/_UArrays.kt:4900
1.3	fun	groupByTo	UIntArray	5	public inline fun <K, V, M : MutableMap<in K, MutableList<V>>> UIntArray.groupByTo(destination: M, keySelector: (UInt) -> K, valueTransform: (UInt) -> V): M {	commonMain/generated/_UArrays.kt:4918
-	val	key	-	0	val key = keySelector(element)	commonMain/generated/_UArrays.kt:4920
-	val	list	-	0	val list = destination.getOrPut(key) { ArrayList<V>() }	commonMain/generated/_UArrays.kt:4921
1.3	fun	groupByTo	ULongArray	5	public inline fun <K, V, M : MutableMap<in K, MutableList<V>>> ULongArray.groupByTo(destination: M, keySelector: (ULong) -> K, valueTransform: (ULong) -> V): M {	commonMain/generated/_UArrays.kt:4939
-	val	key	-	0	val key = keySelector(element)	commonMain/generated/_UArrays.kt:4941
-	val	list	-	0	val list = destination.getOrPut(key) { ArrayList<V>() }	commonMain/generated/_UArrays.kt:4942
1.3	fun	groupByTo	UByteArray	5	public inline fun <K, V, M : MutableMap<in K, MutableList<V>>> UByteArray.groupByTo(destination: M, keySelector: (UByte) -> K, valueTransform: (UByte) -> V): M {	commonMain/generated/_UArrays.kt:4960
-	val	key	-	0	val key = keySelector(element)	commonMain/generated/_UArrays.kt:4962
-	val	list	-	0	val list = destination.getOrPut(key) { ArrayList<V>() }	commonMain/generated/_UArrays.kt:4963
1.3	fun	groupByTo	UShortArray	5	public inline fun <K, V, M : MutableMap<in K, MutableList<V>>> UShortArray.groupByTo(destination: M, keySelector: (UShort) -> K, valueTransform: (UShort) -> V): M {	commonMain/generated/_UArrays.kt:4981
-	val	key	-	0	val key = keySelector(element)	commonMain/generated/_UArrays.kt:4983
-	val	list	-	0	val list = destination.getOrPut(key) { ArrayList<V>() }	commonMain/generated/_UArrays.kt:4984
1.3	fun	map	UIntArray	0	public inline fun <R> UIntArray.map(transform: (UInt) -> R): List<R> {	commonMain/generated/_UArrays.kt:4999
1.3	fun	map	ULongArray	0	public inline fun <R> ULongArray.map(transform: (ULong) -> R): List<R> {	commonMain/generated/_UArrays.kt:5012
1.3	fun	map	UByteArray	0	public inline fun <R> UByteArray.map(transform: (UByte) -> R): List<R> {	commonMain/generated/_UArrays.kt:5025
1.3	fun	map	UShortArray	0	public inline fun <R> UShortArray.map(transform: (UShort) -> R): List<R> {	commonMain/generated/_UArrays.kt:5038
1.3	fun	mapIndexed	UIntArray	1	public inline fun <R> UIntArray.mapIndexed(transform: (index: Int, UInt) -> R): List<R> {	commonMain/generated/_UArrays.kt:5051
1.3	fun	mapIndexed	ULongArray	1	public inline fun <R> ULongArray.mapIndexed(transform: (index: Int, ULong) -> R): List<R> {	commonMain/generated/_UArrays.kt:5064
1.3	fun	mapIndexed	UByteArray	1	public inline fun <R> UByteArray.mapIndexed(transform: (index: Int, UByte) -> R): List<R> {	commonMain/generated/_UArrays.kt:5077
1.3	fun	mapIndexed	UShortArray	1	public inline fun <R> UShortArray.mapIndexed(transform: (index: Int, UShort) -> R): List<R> {	commonMain/generated/_UArrays.kt:5090
1.3	fun	mapIndexedTo	UIntArray	3	public inline fun <R, C : MutableCollection<in R>> UIntArray.mapIndexedTo(destination: C, transform: (index: Int, UInt) -> R): C {	commonMain/generated/_UArrays.kt:5103
-	var	index	-	0	var index = 0	commonMain/generated/_UArrays.kt:5104
1.3	fun	mapIndexedTo	ULongArray	3	public inline fun <R, C : MutableCollection<in R>> ULongArray.mapIndexedTo(destination: C, transform: (index: Int, ULong) -> R): C {	commonMain/generated/_UArrays.kt:5119
-	var	index	-	0	var index = 0	commonMain/generated/_UArrays.kt:5120
1.3	fun	mapIndexedTo	UByteArray	3	public inline fun <R, C : MutableCollection<in R>> UByteArray.mapIndexedTo(destination: C, transform: (index: Int, UByte) -> R): C {	commonMain/generated/_UArrays.kt:5135
-	var	index	-	0	var index = 0	commonMain/generated/_UArrays.kt:5136
1.3	fun	mapIndexedTo	UShortArray	3	public inline fun <R, C : MutableCollection<in R>> UShortArray.mapIndexedTo(destination: C, transform: (index: Int, UShort) -> R): C {	commonMain/generated/_UArrays.kt:5151
-	var	index	-	0	var index = 0	commonMain/generated/_UArrays.kt:5152
1.3	fun	mapTo	UIntArray	2	public inline fun <R, C : MutableCollection<in R>> UIntArray.mapTo(destination: C, transform: (UInt) -> R): C {	commonMain/generated/_UArrays.kt:5165
1.3	fun	mapTo	ULongArray	2	public inline fun <R, C : MutableCollection<in R>> ULongArray.mapTo(destination: C, transform: (ULong) -> R): C {	commonMain/generated/_UArrays.kt:5178
1.3	fun	mapTo	UByteArray	2	public inline fun <R, C : MutableCollection<in R>> UByteArray.mapTo(destination: C, transform: (UByte) -> R): C {	commonMain/generated/_UArrays.kt:5191
1.3	fun	mapTo	UShortArray	2	public inline fun <R, C : MutableCollection<in R>> UShortArray.mapTo(destination: C, transform: (UShort) -> R): C {	commonMain/generated/_UArrays.kt:5204
1.3	fun	withIndex	UIntArray	0	public fun UIntArray.withIndex(): Iterable<IndexedValue<UInt>> {	commonMain/generated/_UArrays.kt:5216
1.3	fun	withIndex	ULongArray	0	public fun ULongArray.withIndex(): Iterable<IndexedValue<ULong>> {	commonMain/generated/_UArrays.kt:5226
1.3	fun	withIndex	UByteArray	0	public fun UByteArray.withIndex(): Iterable<IndexedValue<UByte>> {	commonMain/generated/_UArrays.kt:5236
1.3	fun	withIndex	UShortArray	0	public fun UShortArray.withIndex(): Iterable<IndexedValue<UShort>> {	commonMain/generated/_UArrays.kt:5246
1.3	fun	all	UIntArray	0	public inline fun UIntArray.all(predicate: (UInt) -> Boolean): Boolean {	commonMain/generated/_UArrays.kt:5262
1.3	fun	all	ULongArray	0	public inline fun ULongArray.all(predicate: (ULong) -> Boolean): Boolean {	commonMain/generated/_UArrays.kt:5279
1.3	fun	all	UByteArray	0	public inline fun UByteArray.all(predicate: (UByte) -> Boolean): Boolean {	commonMain/generated/_UArrays.kt:5296
1.3	fun	all	UShortArray	0	public inline fun UShortArray.all(predicate: (UShort) -> Boolean): Boolean {	commonMain/generated/_UArrays.kt:5313
1.3	fun	any	UIntArray	0	public inline fun UIntArray.any(): Boolean {	commonMain/generated/_UArrays.kt:5326
1.3	fun	any	ULongArray	0	public inline fun ULongArray.any(): Boolean {	commonMain/generated/_UArrays.kt:5338
1.3	fun	any	UByteArray	0	public inline fun UByteArray.any(): Boolean {	commonMain/generated/_UArrays.kt:5350
1.3	fun	any	UShortArray	0	public inline fun UShortArray.any(): Boolean {	commonMain/generated/_UArrays.kt:5362
1.3	fun	any	UIntArray	0	public inline fun UIntArray.any(predicate: (UInt) -> Boolean): Boolean {	commonMain/generated/_UArrays.kt:5374
1.3	fun	any	ULongArray	0	public inline fun ULongArray.any(predicate: (ULong) -> Boolean): Boolean {	commonMain/generated/_UArrays.kt:5387
1.3	fun	any	UByteArray	0	public inline fun UByteArray.any(predicate: (UByte) -> Boolean): Boolean {	commonMain/generated/_UArrays.kt:5400
1.3	fun	any	UShortArray	0	public inline fun UShortArray.any(predicate: (UShort) -> Boolean): Boolean {	commonMain/generated/_UArrays.kt:5413
1.3	fun	count	UIntArray	0	public inline fun UIntArray.count(predicate: (UInt) -> Boolean): Int {	commonMain/generated/_UArrays.kt:5424
-	var	count	-	0	var count = 0	commonMain/generated/_UArrays.kt:5425
1.3	fun	count	ULongArray	0	public inline fun ULongArray.count(predicate: (ULong) -> Boolean): Int {	commonMain/generated/_UArrays.kt:5436
-	var	count	-	0	var count = 0	commonMain/generated/_UArrays.kt:5437
1.3	fun	count	UByteArray	0	public inline fun UByteArray.count(predicate: (UByte) -> Boolean): Int {	commonMain/generated/_UArrays.kt:5448
-	var	count	-	0	var count = 0	commonMain/generated/_UArrays.kt:5449
1.3	fun	count	UShortArray	0	public inline fun UShortArray.count(predicate: (UShort) -> Boolean): Int {	commonMain/generated/_UArrays.kt:5460
-	var	count	-	0	var count = 0	commonMain/generated/_UArrays.kt:5461
1.3	fun	fold	UIntArray	2	public inline fun <R> UIntArray.fold(initial: R, operation: (acc: R, UInt) -> R): R {	commonMain/generated/_UArrays.kt:5477
-	var	accumulator	-	0	var accumulator = initial	commonMain/generated/_UArrays.kt:5478
1.3	fun	fold	ULongArray	2	public inline fun <R> ULongArray.fold(initial: R, operation: (acc: R, ULong) -> R): R {	commonMain/generated/_UArrays.kt:5494
-	var	accumulator	-	0	var accumulator = initial	commonMain/generated/_UArrays.kt:5495
1.3	fun	fold	UByteArray	2	public inline fun <R> UByteArray.fold(initial: R, operation: (acc: R, UByte) -> R): R {	commonMain/generated/_UArrays.kt:5511
-	var	accumulator	-	0	var accumulator = initial	commonMain/generated/_UArrays.kt:5512
1.3	fun	fold	UShortArray	2	public inline fun <R> UShortArray.fold(initial: R, operation: (acc: R, UShort) -> R): R {	commonMain/generated/_UArrays.kt:5528
-	var	accumulator	-	0	var accumulator = initial	commonMain/generated/_UArrays.kt:5529
1.3	fun	foldIndexed	UIntArray	3	public inline fun <R> UIntArray.foldIndexed(initial: R, operation: (index: Int, acc: R, UInt) -> R): R {	commonMain/generated/_UArrays.kt:5546
-	var	index	-	0	var index = 0	commonMain/generated/_UArrays.kt:5547
-	var	accumulator	-	0	var accumulator = initial	commonMain/generated/_UArrays.kt:5548
1.3	fun	foldIndexed	ULongArray	3	public inline fun <R> ULongArray.foldIndexed(initial: R, operation: (index: Int, acc: R, ULong) -> R): R {	commonMain/generated/_UArrays.kt:5565
-	var	index	-	0	var index = 0	commonMain/generated/_UArrays.kt:5566
-	var	accumulator	-	0	var accumulator = initial	commonMain/generated/_UArrays.kt:5567
1.3	fun	foldIndexed	UByteArray	3	public inline fun <R> UByteArray.foldIndexed(initial: R, operation: (index: Int, acc: R, UByte) -> R): R {	commonMain/generated/_UArrays.kt:5584
-	var	index	-	0	var index = 0	commonMain/generated/_UArrays.kt:5585
-	var	accumulator	-	0	var accumulator = initial	commonMain/generated/_UArrays.kt:5586
1.3	fun	foldIndexed	UShortArray	3	public inline fun <R> UShortArray.foldIndexed(initial: R, operation: (index: Int, acc: R, UShort) -> R): R {	commonMain/generated/_UArrays.kt:5603
-	var	index	-	0	var index = 0	commonMain/generated/_UArrays.kt:5604
-	var	accumulator	-	0	var accumulator = initial	commonMain/generated/_UArrays.kt:5605
1.3	fun	foldRight	UIntArray	2	public inline fun <R> UIntArray.foldRight(initial: R, operation: (UInt, acc: R) -> R): R {	commonMain/generated/_UArrays.kt:5621
-	var	index	-	0	var index = lastIndex	commonMain/generated/_UArrays.kt:5622
-	var	accumulator	-	0	var accumulator = initial	commonMain/generated/_UArrays.kt:5623
1.3	fun	foldRight	ULongArray	2	public inline fun <R> ULongArray.foldRight(initial: R, operation: (ULong, acc: R) -> R): R {	commonMain/generated/_UArrays.kt:5641
-	var	index	-	0	var index = lastIndex	commonMain/generated/_UArrays.kt:5642
-	var	accumulator	-	0	var accumulator = initial	commonMain/generated/_UArrays.kt:5643
1.3	fun	foldRight	UByteArray	2	public inline fun <R> UByteArray.foldRight(initial: R, operation: (UByte, acc: R) -> R): R {	commonMain/generated/_UArrays.kt:5661
-	var	index	-	0	var index = lastIndex	commonMain/generated/_UArrays.kt:5662
-	var	accumulator	-	0	var accumulator = initial	commonMain/generated/_UArrays.kt:5663
1.3	fun	foldRight	UShortArray	2	public inline fun <R> UShortArray.foldRight(initial: R, operation: (UShort, acc: R) -> R): R {	commonMain/generated/_UArrays.kt:5681
-	var	index	-	0	var index = lastIndex	commonMain/generated/_UArrays.kt:5682
-	var	accumulator	-	0	var accumulator = initial	commonMain/generated/_UArrays.kt:5683
1.3	fun	foldRightIndexed	UIntArray	3	public inline fun <R> UIntArray.foldRightIndexed(initial: R, operation: (index: Int, UInt, acc: R) -> R): R {	commonMain/generated/_UArrays.kt:5702
-	var	index	-	0	var index = lastIndex	commonMain/generated/_UArrays.kt:5703
-	var	accumulator	-	0	var accumulator = initial	commonMain/generated/_UArrays.kt:5704
1.3	fun	foldRightIndexed	ULongArray	3	public inline fun <R> ULongArray.foldRightIndexed(initial: R, operation: (index: Int, ULong, acc: R) -> R): R {	commonMain/generated/_UArrays.kt:5724
-	var	index	-	0	var index = lastIndex	commonMain/generated/_UArrays.kt:5725
-	var	accumulator	-	0	var accumulator = initial	commonMain/generated/_UArrays.kt:5726
1.3	fun	foldRightIndexed	UByteArray	3	public inline fun <R> UByteArray.foldRightIndexed(initial: R, operation: (index: Int, UByte, acc: R) -> R): R {	commonMain/generated/_UArrays.kt:5746
-	var	index	-	0	var index = lastIndex	commonMain/generated/_UArrays.kt:5747
-	var	accumulator	-	0	var accumulator = initial	commonMain/generated/_UArrays.kt:5748
1.3	fun	foldRightIndexed	UShortArray	3	public inline fun <R> UShortArray.foldRightIndexed(initial: R, operation: (index: Int, UShort, acc: R) -> R): R {	commonMain/generated/_UArrays.kt:5768
-	var	index	-	0	var index = lastIndex	commonMain/generated/_UArrays.kt:5769
-	var	accumulator	-	0	var accumulator = initial	commonMain/generated/_UArrays.kt:5770
1.3	fun	forEach	UIntArray	0	public inline fun UIntArray.forEach(action: (UInt) -> Unit): Unit {	commonMain/generated/_UArrays.kt:5784
1.3	fun	forEach	ULongArray	0	public inline fun ULongArray.forEach(action: (ULong) -> Unit): Unit {	commonMain/generated/_UArrays.kt:5794
1.3	fun	forEach	UByteArray	0	public inline fun UByteArray.forEach(action: (UByte) -> Unit): Unit {	commonMain/generated/_UArrays.kt:5804
1.3	fun	forEach	UShortArray	0	public inline fun UShortArray.forEach(action: (UShort) -> Unit): Unit {	commonMain/generated/_UArrays.kt:5814
1.3	fun	forEachIndexed	UIntArray	1	public inline fun UIntArray.forEachIndexed(action: (index: Int, UInt) -> Unit): Unit {	commonMain/generated/_UArrays.kt:5826
-	var	index	-	0	var index = 0	commonMain/generated/_UArrays.kt:5827
1.3	fun	forEachIndexed	ULongArray	1	public inline fun ULongArray.forEachIndexed(action: (index: Int, ULong) -> Unit): Unit {	commonMain/generated/_UArrays.kt:5839
-	var	index	-	0	var index = 0	commonMain/generated/_UArrays.kt:5840
1.3	fun	forEachIndexed	UByteArray	1	public inline fun UByteArray.forEachIndexed(action: (index: Int, UByte) -> Unit): Unit {	commonMain/generated/_UArrays.kt:5852
-	var	index	-	0	var index = 0	commonMain/generated/_UArrays.kt:5853
1.3	fun	forEachIndexed	UShortArray	1	public inline fun UShortArray.forEachIndexed(action: (index: Int, UShort) -> Unit): Unit {	commonMain/generated/_UArrays.kt:5865
-	var	index	-	0	var index = 0	commonMain/generated/_UArrays.kt:5866
1.7	fun	max	UIntArray	0	public fun UIntArray.max(): UInt {	commonMain/generated/_UArrays.kt:5881
-	var	max	-	0	var max = this[0]	commonMain/generated/_UArrays.kt:5883
-	val	e	-	0	val e = this[i]	commonMain/generated/_UArrays.kt:5885
1.7	fun	max	ULongArray	0	public fun ULongArray.max(): ULong {	commonMain/generated/_UArrays.kt:5902
-	var	max	-	0	var max = this[0]	commonMain/generated/_UArrays.kt:5904
-	val	e	-	0	val e = this[i]	commonMain/generated/_UArrays.kt:5906
1.7	fun	max	UByteArray	0	public fun UByteArray.max(): UByte {	commonMain/generated/_UArrays.kt:5923
-	var	max	-	0	var max = this[0]	commonMain/generated/_UArrays.kt:5925
-	val	e	-	0	val e = this[i]	commonMain/generated/_UArrays.kt:5927
1.7	fun	max	UShortArray	0	public fun UShortArray.max(): UShort {	commonMain/generated/_UArrays.kt:5944
-	var	max	-	0	var max = this[0]	commonMain/generated/_UArrays.kt:5946
-	val	e	-	0	val e = this[i]	commonMain/generated/_UArrays.kt:5948
1.7	fun	maxBy	UIntArray	0	public inline fun <R : Comparable<R>> UIntArray.maxBy(selector: (UInt) -> R): UInt {	commonMain/generated/_UArrays.kt:5973
-	var	maxElem	-	0	var maxElem = this[0]	commonMain/generated/_UArrays.kt:5975
-	val	lastIndex	-	0	val lastIndex = this.lastIndex	commonMain/generated/_UArrays.kt:5976
-	var	maxValue	-	0	var maxValue = selector(maxElem)	commonMain/generated/_UArrays.kt:5978
-	val	e	-	0	val e = this[i]	commonMain/generated/_UArrays.kt:5980
-	val	v	-	0	val v = selector(e)	commonMain/generated/_UArrays.kt:5981
1.7	fun	maxBy	ULongArray	0	public inline fun <R : Comparable<R>> ULongArray.maxBy(selector: (ULong) -> R): ULong {	commonMain/generated/_UArrays.kt:6009
-	var	maxElem	-	0	var maxElem = this[0]	commonMain/generated/_UArrays.kt:6011
-	val	lastIndex	-	0	val lastIndex = this.lastIndex	commonMain/generated/_UArrays.kt:6012
-	var	maxValue	-	0	var maxValue = selector(maxElem)	commonMain/generated/_UArrays.kt:6014
-	val	e	-	0	val e = this[i]	commonMain/generated/_UArrays.kt:6016
-	val	v	-	0	val v = selector(e)	commonMain/generated/_UArrays.kt:6017
1.7	fun	maxBy	UByteArray	0	public inline fun <R : Comparable<R>> UByteArray.maxBy(selector: (UByte) -> R): UByte {	commonMain/generated/_UArrays.kt:6045
-	var	maxElem	-	0	var maxElem = this[0]	commonMain/generated/_UArrays.kt:6047
-	val	lastIndex	-	0	val lastIndex = this.lastIndex	commonMain/generated/_UArrays.kt:6048
-	var	maxValue	-	0	var maxValue = selector(maxElem)	commonMain/generated/_UArrays.kt:6050
-	val	e	-	0	val e = this[i]	commonMain/generated/_UArrays.kt:6052
-	val	v	-	0	val v = selector(e)	commonMain/generated/_UArrays.kt:6053
1.7	fun	maxBy	UShortArray	0	public inline fun <R : Comparable<R>> UShortArray.maxBy(selector: (UShort) -> R): UShort {	commonMain/generated/_UArrays.kt:6081
-	var	maxElem	-	0	var maxElem = this[0]	commonMain/generated/_UArrays.kt:6083
-	val	lastIndex	-	0	val lastIndex = this.lastIndex	commonMain/generated/_UArrays.kt:6084
-	var	maxValue	-	0	var maxValue = selector(maxElem)	commonMain/generated/_UArrays.kt:6086
-	val	e	-	0	val e = this[i]	commonMain/generated/_UArrays.kt:6088
-	val	v	-	0	val v = selector(e)	commonMain/generated/_UArrays.kt:6089
1.4	fun	maxByOrNull	UIntArray	0	public inline fun <R : Comparable<R>> UIntArray.maxByOrNull(selector: (UInt) -> R): UInt? {	commonMain/generated/_UArrays.kt:6113
-	var	maxElem	-	0	var maxElem = this[0]	commonMain/generated/_UArrays.kt:6115
-	val	lastIndex	-	0	val lastIndex = this.lastIndex	commonMain/generated/_UArrays.kt:6116
-	var	maxValue	-	0	var maxValue = selector(maxElem)	commonMain/generated/_UArrays.kt:6118
-	val	e	-	0	val e = this[i]	commonMain/generated/_UArrays.kt:6120
-	val	v	-	0	val v = selector(e)	commonMain/generated/_UArrays.kt:6121
1.4	fun	maxByOrNull	ULongArray	0	public inline fun <R : Comparable<R>> ULongArray.maxByOrNull(selector: (ULong) -> R): ULong? {	commonMain/generated/_UArrays.kt:6145
-	var	maxElem	-	0	var maxElem = this[0]	commonMain/generated/_UArrays.kt:6147
-	val	lastIndex	-	0	val lastIndex = this.lastIndex	commonMain/generated/_UArrays.kt:6148
-	var	maxValue	-	0	var maxValue = selector(maxElem)	commonMain/generated/_UArrays.kt:6150
-	val	e	-	0	val e = this[i]	commonMain/generated/_UArrays.kt:6152
-	val	v	-	0	val v = selector(e)	commonMain/generated/_UArrays.kt:6153
1.4	fun	maxByOrNull	UByteArray	0	public inline fun <R : Comparable<R>> UByteArray.maxByOrNull(selector: (UByte) -> R): UByte? {	commonMain/generated/_UArrays.kt:6177
-	var	maxElem	-	0	var maxElem = this[0]	commonMain/generated/_UArrays.kt:6179
-	val	lastIndex	-	0	val lastIndex = this.lastIndex	commonMain/generated/_UArrays.kt:6180
-	var	maxValue	-	0	var maxValue = selector(maxElem)	commonMain/generated/_UArrays.kt:6182
-	val	e	-	0	val e = this[i]	commonMain/generated/_UArrays.kt:6184
-	val	v	-	0	val v = selector(e)	commonMain/generated/_UArrays.kt:6185
1.4	fun	maxByOrNull	UShortArray	0	public inline fun <R : Comparable<R>> UShortArray.maxByOrNull(selector: (UShort) -> R): UShort? {	commonMain/generated/_UArrays.kt:6209
-	var	maxElem	-	0	var maxElem = this[0]	commonMain/generated/_UArrays.kt:6211
-	val	lastIndex	-	0	val lastIndex = this.lastIndex	commonMain/generated/_UArrays.kt:6212
-	var	maxValue	-	0	var maxValue = selector(maxElem)	commonMain/generated/_UArrays.kt:6214
-	val	e	-	0	val e = this[i]	commonMain/generated/_UArrays.kt:6216
-	val	v	-	0	val v = selector(e)	commonMain/generated/_UArrays.kt:6217
1.4	fun	maxOf	UIntArray	0	public inline fun UIntArray.maxOf(selector: (UInt) -> Double): Double {	commonMain/generated/_UArrays.kt:6241
-	var	maxValue	-	0	var maxValue = selector(this[0])	commonMain/generated/_UArrays.kt:6243
-	val	v	-	0	val v = selector(this[i])	commonMain/generated/_UArrays.kt:6245
1.4	fun	maxOf	ULongArray	0	public inline fun ULongArray.maxOf(selector: (ULong) -> Double): Double {	commonMain/generated/_UArrays.kt:6266
-	var	maxValue	-	0	var maxValue = selector(this[0])	commonMain/generated/_UArrays.kt:6268
-	val	v	-	0	val v = selector(this[i])	commonMain/generated/_UArrays.kt:6270
1.4	fun	maxOf	UByteArray	0	public inline fun UByteArray.maxOf(selector: (UByte) -> Double): Double {	commonMain/generated/_UArrays.kt:6291
-	var	maxValue	-	0	var maxValue = selector(this[0])	commonMain/generated/_UArrays.kt:6293
-	val	v	-	0	val v = selector(this[i])	commonMain/generated/_UArrays.kt:6295
1.4	fun	maxOf	UShortArray	0	public inline fun UShortArray.maxOf(selector: (UShort) -> Double): Double {	commonMain/generated/_UArrays.kt:6316
-	var	maxValue	-	0	var maxValue = selector(this[0])	commonMain/generated/_UArrays.kt:6318
-	val	v	-	0	val v = selector(this[i])	commonMain/generated/_UArrays.kt:6320
1.4	fun	maxOf	UIntArray	0	public inline fun UIntArray.maxOf(selector: (UInt) -> Float): Float {	commonMain/generated/_UArrays.kt:6341
-	var	maxValue	-	0	var maxValue = selector(this[0])	commonMain/generated/_UArrays.kt:6343
-	val	v	-	0	val v = selector(this[i])	commonMain/generated/_UArrays.kt:6345
1.4	fun	maxOf	ULongArray	0	public inline fun ULongArray.maxOf(selector: (ULong) -> Float): Float {	commonMain/generated/_UArrays.kt:6366
-	var	maxValue	-	0	var maxValue = selector(this[0])	commonMain/generated/_UArrays.kt:6368
-	val	v	-	0	val v = selector(this[i])	commonMain/generated/_UArrays.kt:6370
1.4	fun	maxOf	UByteArray	0	public inline fun UByteArray.maxOf(selector: (UByte) -> Float): Float {	commonMain/generated/_UArrays.kt:6391
-	var	maxValue	-	0	var maxValue = selector(this[0])	commonMain/generated/_UArrays.kt:6393
-	val	v	-	0	val v = selector(this[i])	commonMain/generated/_UArrays.kt:6395
1.4	fun	maxOf	UShortArray	0	public inline fun UShortArray.maxOf(selector: (UShort) -> Float): Float {	commonMain/generated/_UArrays.kt:6416
-	var	maxValue	-	0	var maxValue = selector(this[0])	commonMain/generated/_UArrays.kt:6418
-	val	v	-	0	val v = selector(this[i])	commonMain/generated/_UArrays.kt:6420
1.4	fun	maxOf	UIntArray	0	public inline fun <R : Comparable<R>> UIntArray.maxOf(selector: (UInt) -> R): R {	commonMain/generated/_UArrays.kt:6441
-	var	maxValue	-	0	var maxValue = selector(this[0])	commonMain/generated/_UArrays.kt:6443
-	val	v	-	0	val v = selector(this[i])	commonMain/generated/_UArrays.kt:6445
1.4	fun	maxOf	ULongArray	0	public inline fun <R : Comparable<R>> ULongArray.maxOf(selector: (ULong) -> R): R {	commonMain/generated/_UArrays.kt:6468
-	var	maxValue	-	0	var maxValue = selector(this[0])	commonMain/generated/_UArrays.kt:6470
-	val	v	-	0	val v = selector(this[i])	commonMain/generated/_UArrays.kt:6472
1.4	fun	maxOf	UByteArray	0	public inline fun <R : Comparable<R>> UByteArray.maxOf(selector: (UByte) -> R): R {	commonMain/generated/_UArrays.kt:6495
-	var	maxValue	-	0	var maxValue = selector(this[0])	commonMain/generated/_UArrays.kt:6497
-	val	v	-	0	val v = selector(this[i])	commonMain/generated/_UArrays.kt:6499
1.4	fun	maxOf	UShortArray	0	public inline fun <R : Comparable<R>> UShortArray.maxOf(selector: (UShort) -> R): R {	commonMain/generated/_UArrays.kt:6522
-	var	maxValue	-	0	var maxValue = selector(this[0])	commonMain/generated/_UArrays.kt:6524
-	val	v	-	0	val v = selector(this[i])	commonMain/generated/_UArrays.kt:6526
1.4	fun	maxOfOrNull	UIntArray	0	public inline fun UIntArray.maxOfOrNull(selector: (UInt) -> Double): Double? {	commonMain/generated/_UArrays.kt:6547
-	var	maxValue	-	0	var maxValue = selector(this[0])	commonMain/generated/_UArrays.kt:6549
-	val	v	-	0	val v = selector(this[i])	commonMain/generated/_UArrays.kt:6551
1.4	fun	maxOfOrNull	ULongArray	0	public inline fun ULongArray.maxOfOrNull(selector: (ULong) -> Double): Double? {	commonMain/generated/_UArrays.kt:6570
-	var	maxValue	-	0	var maxValue = selector(this[0])	commonMain/generated/_UArrays.kt:6572
-	val	v	-	0	val v = selector(this[i])	commonMain/generated/_UArrays.kt:6574
1.4	fun	maxOfOrNull	UByteArray	0	public inline fun UByteArray.maxOfOrNull(selector: (UByte) -> Double): Double? {	commonMain/generated/_UArrays.kt:6593
-	var	maxValue	-	0	var maxValue = selector(this[0])	commonMain/generated/_UArrays.kt:6595
-	val	v	-	0	val v = selector(this[i])	commonMain/generated/_UArrays.kt:6597
1.4	fun	maxOfOrNull	UShortArray	0	public inline fun UShortArray.maxOfOrNull(selector: (UShort) -> Double): Double? {	commonMain/generated/_UArrays.kt:6616
-	var	maxValue	-	0	var maxValue = selector(this[0])	commonMain/generated/_UArrays.kt:6618
-	val	v	-	0	val v = selector(this[i])	commonMain/generated/_UArrays.kt:6620
1.4	fun	maxOfOrNull	UIntArray	0	public inline fun UIntArray.maxOfOrNull(selector: (UInt) -> Float): Float? {	commonMain/generated/_UArrays.kt:6639
-	var	maxValue	-	0	var maxValue = selector(this[0])	commonMain/generated/_UArrays.kt:6641
-	val	v	-	0	val v = selector(this[i])	commonMain/generated/_UArrays.kt:6643
1.4	fun	maxOfOrNull	ULongArray	0	public inline fun ULongArray.maxOfOrNull(selector: (ULong) -> Float): Float? {	commonMain/generated/_UArrays.kt:6662
-	var	maxValue	-	0	var maxValue = selector(this[0])	commonMain/generated/_UArrays.kt:6664
-	val	v	-	0	val v = selector(this[i])	commonMain/generated/_UArrays.kt:6666
1.4	fun	maxOfOrNull	UByteArray	0	public inline fun UByteArray.maxOfOrNull(selector: (UByte) -> Float): Float? {	commonMain/generated/_UArrays.kt:6685
-	var	maxValue	-	0	var maxValue = selector(this[0])	commonMain/generated/_UArrays.kt:6687
-	val	v	-	0	val v = selector(this[i])	commonMain/generated/_UArrays.kt:6689
1.4	fun	maxOfOrNull	UShortArray	0	public inline fun UShortArray.maxOfOrNull(selector: (UShort) -> Float): Float? {	commonMain/generated/_UArrays.kt:6708
-	var	maxValue	-	0	var maxValue = selector(this[0])	commonMain/generated/_UArrays.kt:6710
-	val	v	-	0	val v = selector(this[i])	commonMain/generated/_UArrays.kt:6712
1.4	fun	maxOfOrNull	UIntArray	0	public inline fun <R : Comparable<R>> UIntArray.maxOfOrNull(selector: (UInt) -> R): R? {	commonMain/generated/_UArrays.kt:6731
-	var	maxValue	-	0	var maxValue = selector(this[0])	commonMain/generated/_UArrays.kt:6733
-	val	v	-	0	val v = selector(this[i])	commonMain/generated/_UArrays.kt:6735
1.4	fun	maxOfOrNull	ULongArray	0	public inline fun <R : Comparable<R>> ULongArray.maxOfOrNull(selector: (ULong) -> R): R? {	commonMain/generated/_UArrays.kt:6756
-	var	maxValue	-	0	var maxValue = selector(this[0])	commonMain/generated/_UArrays.kt:6758
-	val	v	-	0	val v = selector(this[i])	commonMain/generated/_UArrays.kt:6760
1.4	fun	maxOfOrNull	UByteArray	0	public inline fun <R : Comparable<R>> UByteArray.maxOfOrNull(selector: (UByte) -> R): R? {	commonMain/generated/_UArrays.kt:6781
-	var	maxValue	-	0	var maxValue = selector(this[0])	commonMain/generated/_UArrays.kt:6783
-	val	v	-	0	val v = selector(this[i])	commonMain/generated/_UArrays.kt:6785
1.4	fun	maxOfOrNull	UShortArray	0	public inline fun <R : Comparable<R>> UShortArray.maxOfOrNull(selector: (UShort) -> R): R? {	commonMain/generated/_UArrays.kt:6806
-	var	maxValue	-	0	var maxValue = selector(this[0])	commonMain/generated/_UArrays.kt:6808
-	val	v	-	0	val v = selector(this[i])	commonMain/generated/_UArrays.kt:6810
1.4	fun	maxOfWith	UIntArray	1	public inline fun <R> UIntArray.maxOfWith(comparator: Comparator<in R>, selector: (UInt) -> R): R {	commonMain/generated/_UArrays.kt:6833
-	var	maxValue	-	0	var maxValue = selector(this[0])	commonMain/generated/_UArrays.kt:6835
-	val	v	-	0	val v = selector(this[i])	commonMain/generated/_UArrays.kt:6837
1.4	fun	maxOfWith	ULongArray	1	public inline fun <R> ULongArray.maxOfWith(comparator: Comparator<in R>, selector: (ULong) -> R): R {	commonMain/generated/_UArrays.kt:6860
-	var	maxValue	-	0	var maxValue = selector(this[0])	commonMain/generated/_UArrays.kt:6862
-	val	v	-	0	val v = selector(this[i])	commonMain/generated/_UArrays.kt:6864
1.4	fun	maxOfWith	UByteArray	1	public inline fun <R> UByteArray.maxOfWith(comparator: Comparator<in R>, selector: (UByte) -> R): R {	commonMain/generated/_UArrays.kt:6887
-	var	maxValue	-	0	var maxValue = selector(this[0])	commonMain/generated/_UArrays.kt:6889
-	val	v	-	0	val v = selector(this[i])	commonMain/generated/_UArrays.kt:6891
1.4	fun	maxOfWith	UShortArray	1	public inline fun <R> UShortArray.maxOfWith(comparator: Comparator<in R>, selector: (UShort) -> R): R {	commonMain/generated/_UArrays.kt:6914
-	var	maxValue	-	0	var maxValue = selector(this[0])	commonMain/generated/_UArrays.kt:6916
-	val	v	-	0	val v = selector(this[i])	commonMain/generated/_UArrays.kt:6918
1.4	fun	maxOfWithOrNull	UIntArray	1	public inline fun <R> UIntArray.maxOfWithOrNull(comparator: Comparator<in R>, selector: (UInt) -> R): R? {	commonMain/generated/_UArrays.kt:6939
-	var	maxValue	-	0	var maxValue = selector(this[0])	commonMain/generated/_UArrays.kt:6941
-	val	v	-	0	val v = selector(this[i])	commonMain/generated/_UArrays.kt:6943
1.4	fun	maxOfWithOrNull	ULongArray	1	public inline fun <R> ULongArray.maxOfWithOrNull(comparator: Comparator<in R>, selector: (ULong) -> R): R? {	commonMain/generated/_UArrays.kt:6964
-	var	maxValue	-	0	var maxValue = selector(this[0])	commonMain/generated/_UArrays.kt:6966
-	val	v	-	0	val v = selector(this[i])	commonMain/generated/_UArrays.kt:6968
1.4	fun	maxOfWithOrNull	UByteArray	1	public inline fun <R> UByteArray.maxOfWithOrNull(comparator: Comparator<in R>, selector: (UByte) -> R): R? {	commonMain/generated/_UArrays.kt:6989
-	var	maxValue	-	0	var maxValue = selector(this[0])	commonMain/generated/_UArrays.kt:6991
-	val	v	-	0	val v = selector(this[i])	commonMain/generated/_UArrays.kt:6993
1.4	fun	maxOfWithOrNull	UShortArray	1	public inline fun <R> UShortArray.maxOfWithOrNull(comparator: Comparator<in R>, selector: (UShort) -> R): R? {	commonMain/generated/_UArrays.kt:7014
-	var	maxValue	-	0	var maxValue = selector(this[0])	commonMain/generated/_UArrays.kt:7016
-	val	v	-	0	val v = selector(this[i])	commonMain/generated/_UArrays.kt:7018
1.4	fun	maxOrNull	UIntArray	0	public fun UIntArray.maxOrNull(): UInt? {	commonMain/generated/_UArrays.kt:7033
-	var	max	-	0	var max = this[0]	commonMain/generated/_UArrays.kt:7035
-	val	e	-	0	val e = this[i]	commonMain/generated/_UArrays.kt:7037
1.4	fun	maxOrNull	ULongArray	0	public fun ULongArray.maxOrNull(): ULong? {	commonMain/generated/_UArrays.kt:7050
-	var	max	-	0	var max = this[0]	commonMain/generated/_UArrays.kt:7052
-	val	e	-	0	val e = this[i]	commonMain/generated/_UArrays.kt:7054
1.4	fun	maxOrNull	UByteArray	0	public fun UByteArray.maxOrNull(): UByte? {	commonMain/generated/_UArrays.kt:7067
-	var	max	-	0	var max = this[0]	commonMain/generated/_UArrays.kt:7069
-	val	e	-	0	val e = this[i]	commonMain/generated/_UArrays.kt:7071
1.4	fun	maxOrNull	UShortArray	0	public fun UShortArray.maxOrNull(): UShort? {	commonMain/generated/_UArrays.kt:7084
-	var	max	-	0	var max = this[0]	commonMain/generated/_UArrays.kt:7086
-	val	e	-	0	val e = this[i]	commonMain/generated/_UArrays.kt:7088
1.7	fun	maxWith	UIntArray	0	public fun UIntArray.maxWith(comparator: Comparator<in UInt>): UInt {	commonMain/generated/_UArrays.kt:7103
-	var	max	-	0	var max = this[0]	commonMain/generated/_UArrays.kt:7105
-	val	e	-	0	val e = this[i]	commonMain/generated/_UArrays.kt:7107
1.7	fun	maxWith	ULongArray	0	public fun ULongArray.maxWith(comparator: Comparator<in ULong>): ULong {	commonMain/generated/_UArrays.kt:7122
-	var	max	-	0	var max = this[0]	commonMain/generated/_UArrays.kt:7124
-	val	e	-	0	val e = this[i]	commonMain/generated/_UArrays.kt:7126
1.7	fun	maxWith	UByteArray	0	public fun UByteArray.maxWith(comparator: Comparator<in UByte>): UByte {	commonMain/generated/_UArrays.kt:7141
-	var	max	-	0	var max = this[0]	commonMain/generated/_UArrays.kt:7143
-	val	e	-	0	val e = this[i]	commonMain/generated/_UArrays.kt:7145
1.7	fun	maxWith	UShortArray	0	public fun UShortArray.maxWith(comparator: Comparator<in UShort>): UShort {	commonMain/generated/_UArrays.kt:7160
-	var	max	-	0	var max = this[0]	commonMain/generated/_UArrays.kt:7162
-	val	e	-	0	val e = this[i]	commonMain/generated/_UArrays.kt:7164
1.4	fun	maxWithOrNull	UIntArray	0	public fun UIntArray.maxWithOrNull(comparator: Comparator<in UInt>): UInt? {	commonMain/generated/_UArrays.kt:7175
-	var	max	-	0	var max = this[0]	commonMain/generated/_UArrays.kt:7177
-	val	e	-	0	val e = this[i]	commonMain/generated/_UArrays.kt:7179
1.4	fun	maxWithOrNull	ULongArray	0	public fun ULongArray.maxWithOrNull(comparator: Comparator<in ULong>): ULong? {	commonMain/generated/_UArrays.kt:7190
-	var	max	-	0	var max = this[0]	commonMain/generated/_UArrays.kt:7192
-	val	e	-	0	val e = this[i]	commonMain/generated/_UArrays.kt:7194
1.4	fun	maxWithOrNull	UByteArray	0	public fun UByteArray.maxWithOrNull(comparator: Comparator<in UByte>): UByte? {	commonMain/generated/_UArrays.kt:7205
-	var	max	-	0	var max = this[0]	commonMain/generated/_UArrays.kt:7207
-	val	e	-	0	val e = this[i]	commonMain/generated/_UArrays.kt:7209
1.4	fun	maxWithOrNull	UShortArray	0	public fun UShortArray.maxWithOrNull(comparator: Comparator<in UShort>): UShort? {	commonMain/generated/_UArrays.kt:7220
-	var	max	-	0	var max = this[0]	commonMain/generated/_UArrays.kt:7222
-	val	e	-	0	val e = this[i]	commonMain/generated/_UArrays.kt:7224
1.7	fun	min	UIntArray	0	public fun UIntArray.min(): UInt {	commonMain/generated/_UArrays.kt:7241
-	var	min	-	0	var min = this[0]	commonMain/generated/_UArrays.kt:7243
-	val	e	-	0	val e = this[i]	commonMain/generated/_UArrays.kt:7245
1.7	fun	min	ULongArray	0	public fun ULongArray.min(): ULong {	commonMain/generated/_UArrays.kt:7262
-	var	min	-	0	var min = this[0]	commonMain/generated/_UArrays.kt:7264
-	val	e	-	0	val e = this[i]	commonMain/generated/_UArrays.kt:7266
1.7	fun	min	UByteArray	0	public fun UByteArray.min(): UByte {	commonMain/generated/_UArrays.kt:7283
-	var	min	-	0	var min = this[0]	commonMain/generated/_UArrays.kt:7285
-	val	e	-	0	val e = this[i]	commonMain/generated/_UArrays.kt:7287
1.7	fun	min	UShortArray	0	public fun UShortArray.min(): UShort {	commonMain/generated/_UArrays.kt:7304
-	var	min	-	0	var min = this[0]	commonMain/generated/_UArrays.kt:7306
-	val	e	-	0	val e = this[i]	commonMain/generated/_UArrays.kt:7308
1.7	fun	minBy	UIntArray	0	public inline fun <R : Comparable<R>> UIntArray.minBy(selector: (UInt) -> R): UInt {	commonMain/generated/_UArrays.kt:7333
-	var	minElem	-	0	var minElem = this[0]	commonMain/generated/_UArrays.kt:7335
-	val	lastIndex	-	0	val lastIndex = this.lastIndex	commonMain/generated/_UArrays.kt:7336
-	var	minValue	-	0	var minValue = selector(minElem)	commonMain/generated/_UArrays.kt:7338
-	val	e	-	0	val e = this[i]	commonMain/generated/_UArrays.kt:7340
-	val	v	-	0	val v = selector(e)	commonMain/generated/_UArrays.kt:7341
1.7	fun	minBy	ULongArray	0	public inline fun <R : Comparable<R>> ULongArray.minBy(selector: (ULong) -> R): ULong {	commonMain/generated/_UArrays.kt:7369
-	var	minElem	-	0	var minElem = this[0]	commonMain/generated/_UArrays.kt:7371
-	val	lastIndex	-	0	val lastIndex = this.lastIndex	commonMain/generated/_UArrays.kt:7372
-	var	minValue	-	0	var minValue = selector(minElem)	commonMain/generated/_UArrays.kt:7374
-	val	e	-	0	val e = this[i]	commonMain/generated/_UArrays.kt:7376
-	val	v	-	0	val v = selector(e)	commonMain/generated/_UArrays.kt:7377
1.7	fun	minBy	UByteArray	0	public inline fun <R : Comparable<R>> UByteArray.minBy(selector: (UByte) -> R): UByte {	commonMain/generated/_UArrays.kt:7405
-	var	minElem	-	0	var minElem = this[0]	commonMain/generated/_UArrays.kt:7407
-	val	lastIndex	-	0	val lastIndex = this.lastIndex	commonMain/generated/_UArrays.kt:7408
-	var	minValue	-	0	var minValue = selector(minElem)	commonMain/generated/_UArrays.kt:7410
-	val	e	-	0	val e = this[i]	commonMain/generated/_UArrays.kt:7412
-	val	v	-	0	val v = selector(e)	commonMain/generated/_UArrays.kt:7413
1.7	fun	minBy	UShortArray	0	public inline fun <R : Comparable<R>> UShortArray.minBy(selector: (UShort) -> R): UShort {	commonMain/generated/_UArrays.kt:7441
-	var	minElem	-	0	var minElem = this[0]	commonMain/generated/_UArrays.kt:7443
-	val	lastIndex	-	0	val lastIndex = this.lastIndex	commonMain/generated/_UArrays.kt:7444
-	var	minValue	-	0	var minValue = selector(minElem)	commonMain/generated/_UArrays.kt:7446
-	val	e	-	0	val e = this[i]	commonMain/generated/_UArrays.kt:7448
-	val	v	-	0	val v = selector(e)	commonMain/generated/_UArrays.kt:7449
1.4	fun	minByOrNull	UIntArray	0	public inline fun <R : Comparable<R>> UIntArray.minByOrNull(selector: (UInt) -> R): UInt? {	commonMain/generated/_UArrays.kt:7473
-	var	minElem	-	0	var minElem = this[0]	commonMain/generated/_UArrays.kt:7475
-	val	lastIndex	-	0	val lastIndex = this.lastIndex	commonMain/generated/_UArrays.kt:7476
-	var	minValue	-	0	var minValue = selector(minElem)	commonMain/generated/_UArrays.kt:7478
-	val	e	-	0	val e = this[i]	commonMain/generated/_UArrays.kt:7480
-	val	v	-	0	val v = selector(e)	commonMain/generated/_UArrays.kt:7481
1.4	fun	minByOrNull	ULongArray	0	public inline fun <R : Comparable<R>> ULongArray.minByOrNull(selector: (ULong) -> R): ULong? {	commonMain/generated/_UArrays.kt:7505
-	var	minElem	-	0	var minElem = this[0]	commonMain/generated/_UArrays.kt:7507
-	val	lastIndex	-	0	val lastIndex = this.lastIndex	commonMain/generated/_UArrays.kt:7508
-	var	minValue	-	0	var minValue = selector(minElem)	commonMain/generated/_UArrays.kt:7510
-	val	e	-	0	val e = this[i]	commonMain/generated/_UArrays.kt:7512
-	val	v	-	0	val v = selector(e)	commonMain/generated/_UArrays.kt:7513
1.4	fun	minByOrNull	UByteArray	0	public inline fun <R : Comparable<R>> UByteArray.minByOrNull(selector: (UByte) -> R): UByte? {	commonMain/generated/_UArrays.kt:7537
-	var	minElem	-	0	var minElem = this[0]	commonMain/generated/_UArrays.kt:7539
-	val	lastIndex	-	0	val lastIndex = this.lastIndex	commonMain/generated/_UArrays.kt:7540
-	var	minValue	-	0	var minValue = selector(minElem)	commonMain/generated/_UArrays.kt:7542
-	val	e	-	0	val e = this[i]	commonMain/generated/_UArrays.kt:7544
-	val	v	-	0	val v = selector(e)	commonMain/generated/_UArrays.kt:7545
1.4	fun	minByOrNull	UShortArray	0	public inline fun <R : Comparable<R>> UShortArray.minByOrNull(selector: (UShort) -> R): UShort? {	commonMain/generated/_UArrays.kt:7569
-	var	minElem	-	0	var minElem = this[0]	commonMain/generated/_UArrays.kt:7571
-	val	lastIndex	-	0	val lastIndex = this.lastIndex	commonMain/generated/_UArrays.kt:7572
-	var	minValue	-	0	var minValue = selector(minElem)	commonMain/generated/_UArrays.kt:7574
-	val	e	-	0	val e = this[i]	commonMain/generated/_UArrays.kt:7576
-	val	v	-	0	val v = selector(e)	commonMain/generated/_UArrays.kt:7577
1.4	fun	minOf	UIntArray	0	public inline fun UIntArray.minOf(selector: (UInt) -> Double): Double {	commonMain/generated/_UArrays.kt:7601
-	var	minValue	-	0	var minValue = selector(this[0])	commonMain/generated/_UArrays.kt:7603
-	val	v	-	0	val v = selector(this[i])	commonMain/generated/_UArrays.kt:7605
1.4	fun	minOf	ULongArray	0	public inline fun ULongArray.minOf(selector: (ULong) -> Double): Double {	commonMain/generated/_UArrays.kt:7626
-	var	minValue	-	0	var minValue = selector(this[0])	commonMain/generated/_UArrays.kt:7628
-	val	v	-	0	val v = selector(this[i])	commonMain/generated/_UArrays.kt:7630
1.4	fun	minOf	UByteArray	0	public inline fun UByteArray.minOf(selector: (UByte) -> Double): Double {	commonMain/generated/_UArrays.kt:7651
-	var	minValue	-	0	var minValue = selector(this[0])	commonMain/generated/_UArrays.kt:7653
-	val	v	-	0	val v = selector(this[i])	commonMain/generated/_UArrays.kt:7655
1.4	fun	minOf	UShortArray	0	public inline fun UShortArray.minOf(selector: (UShort) -> Double): Double {	commonMain/generated/_UArrays.kt:7676
-	var	minValue	-	0	var minValue = selector(this[0])	commonMain/generated/_UArrays.kt:7678
-	val	v	-	0	val v = selector(this[i])	commonMain/generated/_UArrays.kt:7680
1.4	fun	minOf	UIntArray	0	public inline fun UIntArray.minOf(selector: (UInt) -> Float): Float {	commonMain/generated/_UArrays.kt:7701
-	var	minValue	-	0	var minValue = selector(this[0])	commonMain/generated/_UArrays.kt:7703
-	val	v	-	0	val v = selector(this[i])	commonMain/generated/_UArrays.kt:7705
1.4	fun	minOf	ULongArray	0	public inline fun ULongArray.minOf(selector: (ULong) -> Float): Float {	commonMain/generated/_UArrays.kt:7726
-	var	minValue	-	0	var minValue = selector(this[0])	commonMain/generated/_UArrays.kt:7728
-	val	v	-	0	val v = selector(this[i])	commonMain/generated/_UArrays.kt:7730
1.4	fun	minOf	UByteArray	0	public inline fun UByteArray.minOf(selector: (UByte) -> Float): Float {	commonMain/generated/_UArrays.kt:7751
-	var	minValue	-	0	var minValue = selector(this[0])	commonMain/generated/_UArrays.kt:7753
-	val	v	-	0	val v = selector(this[i])	commonMain/generated/_UArrays.kt:7755
1.4	fun	minOf	UShortArray	0	public inline fun UShortArray.minOf(selector: (UShort) -> Float): Float {	commonMain/generated/_UArrays.kt:7776
-	var	minValue	-	0	var minValue = selector(this[0])	commonMain/generated/_UArrays.kt:7778
-	val	v	-	0	val v = selector(this[i])	commonMain/generated/_UArrays.kt:7780
1.4	fun	minOf	UIntArray	0	public inline fun <R : Comparable<R>> UIntArray.minOf(selector: (UInt) -> R): R {	commonMain/generated/_UArrays.kt:7801
-	var	minValue	-	0	var minValue = selector(this[0])	commonMain/generated/_UArrays.kt:7803
-	val	v	-	0	val v = selector(this[i])	commonMain/generated/_UArrays.kt:7805
1.4	fun	minOf	ULongArray	0	public inline fun <R : Comparable<R>> ULongArray.minOf(selector: (ULong) -> R): R {	commonMain/generated/_UArrays.kt:7828
-	var	minValue	-	0	var minValue = selector(this[0])	commonMain/generated/_UArrays.kt:7830
-	val	v	-	0	val v = selector(this[i])	commonMain/generated/_UArrays.kt:7832
1.4	fun	minOf	UByteArray	0	public inline fun <R : Comparable<R>> UByteArray.minOf(selector: (UByte) -> R): R {	commonMain/generated/_UArrays.kt:7855
-	var	minValue	-	0	var minValue = selector(this[0])	commonMain/generated/_UArrays.kt:7857
-	val	v	-	0	val v = selector(this[i])	commonMain/generated/_UArrays.kt:7859
1.4	fun	minOf	UShortArray	0	public inline fun <R : Comparable<R>> UShortArray.minOf(selector: (UShort) -> R): R {	commonMain/generated/_UArrays.kt:7882
-	var	minValue	-	0	var minValue = selector(this[0])	commonMain/generated/_UArrays.kt:7884
-	val	v	-	0	val v = selector(this[i])	commonMain/generated/_UArrays.kt:7886
1.4	fun	minOfOrNull	UIntArray	0	public inline fun UIntArray.minOfOrNull(selector: (UInt) -> Double): Double? {	commonMain/generated/_UArrays.kt:7907
-	var	minValue	-	0	var minValue = selector(this[0])	commonMain/generated/_UArrays.kt:7909
-	val	v	-	0	val v = selector(this[i])	commonMain/generated/_UArrays.kt:7911
1.4	fun	minOfOrNull	ULongArray	0	public inline fun ULongArray.minOfOrNull(selector: (ULong) -> Double): Double? {	commonMain/generated/_UArrays.kt:7930
-	var	minValue	-	0	var minValue = selector(this[0])	commonMain/generated/_UArrays.kt:7932
-	val	v	-	0	val v = selector(this[i])	commonMain/generated/_UArrays.kt:7934
1.4	fun	minOfOrNull	UByteArray	0	public inline fun UByteArray.minOfOrNull(selector: (UByte) -> Double): Double? {	commonMain/generated/_UArrays.kt:7953
-	var	minValue	-	0	var minValue = selector(this[0])	commonMain/generated/_UArrays.kt:7955
-	val	v	-	0	val v = selector(this[i])	commonMain/generated/_UArrays.kt:7957
1.4	fun	minOfOrNull	UShortArray	0	public inline fun UShortArray.minOfOrNull(selector: (UShort) -> Double): Double? {	commonMain/generated/_UArrays.kt:7976
-	var	minValue	-	0	var minValue = selector(this[0])	commonMain/generated/_UArrays.kt:7978
-	val	v	-	0	val v = selector(this[i])	commonMain/generated/_UArrays.kt:7980
1.4	fun	minOfOrNull	UIntArray	0	public inline fun UIntArray.minOfOrNull(selector: (UInt) -> Float): Float? {	commonMain/generated/_UArrays.kt:7999
-	var	minValue	-	0	var minValue = selector(this[0])	commonMain/generated/_UArrays.kt:8001
-	val	v	-	0	val v = selector(this[i])	commonMain/generated/_UArrays.kt:8003
1.4	fun	minOfOrNull	ULongArray	0	public inline fun ULongArray.minOfOrNull(selector: (ULong) -> Float): Float? {	commonMain/generated/_UArrays.kt:8022
-	var	minValue	-	0	var minValue = selector(this[0])	commonMain/generated/_UArrays.kt:8024
-	val	v	-	0	val v = selector(this[i])	commonMain/generated/_UArrays.kt:8026
1.4	fun	minOfOrNull	UByteArray	0	public inline fun UByteArray.minOfOrNull(selector: (UByte) -> Float): Float? {	commonMain/generated/_UArrays.kt:8045
-	var	minValue	-	0	var minValue = selector(this[0])	commonMain/generated/_UArrays.kt:8047
-	val	v	-	0	val v = selector(this[i])	commonMain/generated/_UArrays.kt:8049
1.4	fun	minOfOrNull	UShortArray	0	public inline fun UShortArray.minOfOrNull(selector: (UShort) -> Float): Float? {	commonMain/generated/_UArrays.kt:8068
-	var	minValue	-	0	var minValue = selector(this[0])	commonMain/generated/_UArrays.kt:8070
-	val	v	-	0	val v = selector(this[i])	commonMain/generated/_UArrays.kt:8072
1.4	fun	minOfOrNull	UIntArray	0	public inline fun <R : Comparable<R>> UIntArray.minOfOrNull(selector: (UInt) -> R): R? {	commonMain/generated/_UArrays.kt:8091
-	var	minValue	-	0	var minValue = selector(this[0])	commonMain/generated/_UArrays.kt:8093
-	val	v	-	0	val v = selector(this[i])	commonMain/generated/_UArrays.kt:8095
1.4	fun	minOfOrNull	ULongArray	0	public inline fun <R : Comparable<R>> ULongArray.minOfOrNull(selector: (ULong) -> R): R? {	commonMain/generated/_UArrays.kt:8116
-	var	minValue	-	0	var minValue = selector(this[0])	commonMain/generated/_UArrays.kt:8118
-	val	v	-	0	val v = selector(this[i])	commonMain/generated/_UArrays.kt:8120
1.4	fun	minOfOrNull	UByteArray	0	public inline fun <R : Comparable<R>> UByteArray.minOfOrNull(selector: (UByte) -> R): R? {	commonMain/generated/_UArrays.kt:8141
-	var	minValue	-	0	var minValue = selector(this[0])	commonMain/generated/_UArrays.kt:8143
-	val	v	-	0	val v = selector(this[i])	commonMain/generated/_UArrays.kt:8145
1.4	fun	minOfOrNull	UShortArray	0	public inline fun <R : Comparable<R>> UShortArray.minOfOrNull(selector: (UShort) -> R): R? {	commonMain/generated/_UArrays.kt:8166
-	var	minValue	-	0	var minValue = selector(this[0])	commonMain/generated/_UArrays.kt:8168
-	val	v	-	0	val v = selector(this[i])	commonMain/generated/_UArrays.kt:8170
1.4	fun	minOfWith	UIntArray	1	public inline fun <R> UIntArray.minOfWith(comparator: Comparator<in R>, selector: (UInt) -> R): R {	commonMain/generated/_UArrays.kt:8193
-	var	minValue	-	0	var minValue = selector(this[0])	commonMain/generated/_UArrays.kt:8195
-	val	v	-	0	val v = selector(this[i])	commonMain/generated/_UArrays.kt:8197
1.4	fun	minOfWith	ULongArray	1	public inline fun <R> ULongArray.minOfWith(comparator: Comparator<in R>, selector: (ULong) -> R): R {	commonMain/generated/_UArrays.kt:8220
-	var	minValue	-	0	var minValue = selector(this[0])	commonMain/generated/_UArrays.kt:8222
-	val	v	-	0	val v = selector(this[i])	commonMain/generated/_UArrays.kt:8224
1.4	fun	minOfWith	UByteArray	1	public inline fun <R> UByteArray.minOfWith(comparator: Comparator<in R>, selector: (UByte) -> R): R {	commonMain/generated/_UArrays.kt:8247
-	var	minValue	-	0	var minValue = selector(this[0])	commonMain/generated/_UArrays.kt:8249
-	val	v	-	0	val v = selector(this[i])	commonMain/generated/_UArrays.kt:8251
1.4	fun	minOfWith	UShortArray	1	public inline fun <R> UShortArray.minOfWith(comparator: Comparator<in R>, selector: (UShort) -> R): R {	commonMain/generated/_UArrays.kt:8274
-	var	minValue	-	0	var minValue = selector(this[0])	commonMain/generated/_UArrays.kt:8276
-	val	v	-	0	val v = selector(this[i])	commonMain/generated/_UArrays.kt:8278
1.4	fun	minOfWithOrNull	UIntArray	1	public inline fun <R> UIntArray.minOfWithOrNull(comparator: Comparator<in R>, selector: (UInt) -> R): R? {	commonMain/generated/_UArrays.kt:8299
-	var	minValue	-	0	var minValue = selector(this[0])	commonMain/generated/_UArrays.kt:8301
-	val	v	-	0	val v = selector(this[i])	commonMain/generated/_UArrays.kt:8303
1.4	fun	minOfWithOrNull	ULongArray	1	public inline fun <R> ULongArray.minOfWithOrNull(comparator: Comparator<in R>, selector: (ULong) -> R): R? {	commonMain/generated/_UArrays.kt:8324
-	var	minValue	-	0	var minValue = selector(this[0])	commonMain/generated/_UArrays.kt:8326
-	val	v	-	0	val v = selector(this[i])	commonMain/generated/_UArrays.kt:8328
1.4	fun	minOfWithOrNull	UByteArray	1	public inline fun <R> UByteArray.minOfWithOrNull(comparator: Comparator<in R>, selector: (UByte) -> R): R? {	commonMain/generated/_UArrays.kt:8349
-	var	minValue	-	0	var minValue = selector(this[0])	commonMain/generated/_UArrays.kt:8351
-	val	v	-	0	val v = selector(this[i])	commonMain/generated/_UArrays.kt:8353
1.4	fun	minOfWithOrNull	UShortArray	1	public inline fun <R> UShortArray.minOfWithOrNull(comparator: Comparator<in R>, selector: (UShort) -> R): R? {	commonMain/generated/_UArrays.kt:8374
-	var	minValue	-	0	var minValue = selector(this[0])	commonMain/generated/_UArrays.kt:8376
-	val	v	-	0	val v = selector(this[i])	commonMain/generated/_UArrays.kt:8378
1.4	fun	minOrNull	UIntArray	0	public fun UIntArray.minOrNull(): UInt? {	commonMain/generated/_UArrays.kt:8393
-	var	min	-	0	var min = this[0]	commonMain/generated/_UArrays.kt:8395
-	val	e	-	0	val e = this[i]	commonMain/generated/_UArrays.kt:8397
1.4	fun	minOrNull	ULongArray	0	public fun ULongArray.minOrNull(): ULong? {	commonMain/generated/_UArrays.kt:8410
-	var	min	-	0	var min = this[0]	commonMain/generated/_UArrays.kt:8412
-	val	e	-	0	val e = this[i]	commonMain/generated/_UArrays.kt:8414
1.4	fun	minOrNull	UByteArray	0	public fun UByteArray.minOrNull(): UByte? {	commonMain/generated/_UArrays.kt:8427
-	var	min	-	0	var min = this[0]	commonMain/generated/_UArrays.kt:8429
-	val	e	-	0	val e = this[i]	commonMain/generated/_UArrays.kt:8431
1.4	fun	minOrNull	UShortArray	0	public fun UShortArray.minOrNull(): UShort? {	commonMain/generated/_UArrays.kt:8444
-	var	min	-	0	var min = this[0]	commonMain/generated/_UArrays.kt:8446
-	val	e	-	0	val e = this[i]	commonMain/generated/_UArrays.kt:8448
1.7	fun	minWith	UIntArray	0	public fun UIntArray.minWith(comparator: Comparator<in UInt>): UInt {	commonMain/generated/_UArrays.kt:8463
-	var	min	-	0	var min = this[0]	commonMain/generated/_UArrays.kt:8465
-	val	e	-	0	val e = this[i]	commonMain/generated/_UArrays.kt:8467
1.7	fun	minWith	ULongArray	0	public fun ULongArray.minWith(comparator: Comparator<in ULong>): ULong {	commonMain/generated/_UArrays.kt:8482
-	var	min	-	0	var min = this[0]	commonMain/generated/_UArrays.kt:8484
-	val	e	-	0	val e = this[i]	commonMain/generated/_UArrays.kt:8486
1.7	fun	minWith	UByteArray	0	public fun UByteArray.minWith(comparator: Comparator<in UByte>): UByte {	commonMain/generated/_UArrays.kt:8501
-	var	min	-	0	var min = this[0]	commonMain/generated/_UArrays.kt:8503
-	val	e	-	0	val e = this[i]	commonMain/generated/_UArrays.kt:8505
1.7	fun	minWith	UShortArray	0	public fun UShortArray.minWith(comparator: Comparator<in UShort>): UShort {	commonMain/generated/_UArrays.kt:8520
-	var	min	-	0	var min = this[0]	commonMain/generated/_UArrays.kt:8522
-	val	e	-	0	val e = this[i]	commonMain/generated/_UArrays.kt:8524
1.4	fun	minWithOrNull	UIntArray	0	public fun UIntArray.minWithOrNull(comparator: Comparator<in UInt>): UInt? {	commonMain/generated/_UArrays.kt:8535
-	var	min	-	0	var min = this[0]	commonMain/generated/_UArrays.kt:8537
-	val	e	-	0	val e = this[i]	commonMain/generated/_UArrays.kt:8539
1.4	fun	minWithOrNull	ULongArray	0	public fun ULongArray.minWithOrNull(comparator: Comparator<in ULong>): ULong? {	commonMain/generated/_UArrays.kt:8550
-	var	min	-	0	var min = this[0]	commonMain/generated/_UArrays.kt:8552
-	val	e	-	0	val e = this[i]	commonMain/generated/_UArrays.kt:8554
1.4	fun	minWithOrNull	UByteArray	0	public fun UByteArray.minWithOrNull(comparator: Comparator<in UByte>): UByte? {	commonMain/generated/_UArrays.kt:8565
-	var	min	-	0	var min = this[0]	commonMain/generated/_UArrays.kt:8567
-	val	e	-	0	val e = this[i]	commonMain/generated/_UArrays.kt:8569
1.4	fun	minWithOrNull	UShortArray	0	public fun UShortArray.minWithOrNull(comparator: Comparator<in UShort>): UShort? {	commonMain/generated/_UArrays.kt:8580
-	var	min	-	0	var min = this[0]	commonMain/generated/_UArrays.kt:8582
-	val	e	-	0	val e = this[i]	commonMain/generated/_UArrays.kt:8584
1.3	fun	none	UIntArray	0	public inline fun UIntArray.none(): Boolean {	commonMain/generated/_UArrays.kt:8598
1.3	fun	none	ULongArray	0	public inline fun ULongArray.none(): Boolean {	commonMain/generated/_UArrays.kt:8610
1.3	fun	none	UByteArray	0	public inline fun UByteArray.none(): Boolean {	commonMain/generated/_UArrays.kt:8622
1.3	fun	none	UShortArray	0	public inline fun UShortArray.none(): Boolean {	commonMain/generated/_UArrays.kt:8634
1.3	fun	none	UIntArray	0	public inline fun UIntArray.none(predicate: (UInt) -> Boolean): Boolean {	commonMain/generated/_UArrays.kt:8646
1.3	fun	none	ULongArray	0	public inline fun ULongArray.none(predicate: (ULong) -> Boolean): Boolean {	commonMain/generated/_UArrays.kt:8659
1.3	fun	none	UByteArray	0	public inline fun UByteArray.none(predicate: (UByte) -> Boolean): Boolean {	commonMain/generated/_UArrays.kt:8672
1.3	fun	none	UShortArray	0	public inline fun UShortArray.none(predicate: (UShort) -> Boolean): Boolean {	commonMain/generated/_UArrays.kt:8685
1.4	fun	onEach	UIntArray	0	public inline fun UIntArray.onEach(action: (UInt) -> Unit): UIntArray {	commonMain/generated/_UArrays.kt:8696
1.4	fun	onEach	ULongArray	0	public inline fun ULongArray.onEach(action: (ULong) -> Unit): ULongArray {	commonMain/generated/_UArrays.kt:8706
1.4	fun	onEach	UByteArray	0	public inline fun UByteArray.onEach(action: (UByte) -> Unit): UByteArray {	commonMain/generated/_UArrays.kt:8716
1.4	fun	onEach	UShortArray	0	public inline fun UShortArray.onEach(action: (UShort) -> Unit): UShortArray {	commonMain/generated/_UArrays.kt:8726
1.4	fun	onEachIndexed	UIntArray	1	public inline fun UIntArray.onEachIndexed(action: (index: Int, UInt) -> Unit): UIntArray {	commonMain/generated/_UArrays.kt:8739
1.4	fun	onEachIndexed	ULongArray	1	public inline fun ULongArray.onEachIndexed(action: (index: Int, ULong) -> Unit): ULongArray {	commonMain/generated/_UArrays.kt:8752
1.4	fun	onEachIndexed	UByteArray	1	public inline fun UByteArray.onEachIndexed(action: (index: Int, UByte) -> Unit): UByteArray {	commonMain/generated/_UArrays.kt:8765
1.4	fun	onEachIndexed	UShortArray	1	public inline fun UShortArray.onEachIndexed(action: (index: Int, UShort) -> Unit): UShortArray {	commonMain/generated/_UArrays.kt:8778
1.3	fun	reduce	UIntArray	1	public inline fun UIntArray.reduce(operation: (acc: UInt, UInt) -> UInt): UInt {	commonMain/generated/_UArrays.kt:8797
-	var	accumulator	-	0	var accumulator = this[0]	commonMain/generated/_UArrays.kt:8800
1.3	fun	reduce	ULongArray	1	public inline fun ULongArray.reduce(operation: (acc: ULong, ULong) -> ULong): ULong {	commonMain/generated/_UArrays.kt:8822
-	var	accumulator	-	0	var accumulator = this[0]	commonMain/generated/_UArrays.kt:8825
1.3	fun	reduce	UByteArray	1	public inline fun UByteArray.reduce(operation: (acc: UByte, UByte) -> UByte): UByte {	commonMain/generated/_UArrays.kt:8847
-	var	accumulator	-	0	var accumulator = this[0]	commonMain/generated/_UArrays.kt:8850
1.3	fun	reduce	UShortArray	1	public inline fun UShortArray.reduce(operation: (acc: UShort, UShort) -> UShort): UShort {	commonMain/generated/_UArrays.kt:8872
-	var	accumulator	-	0	var accumulator = this[0]	commonMain/generated/_UArrays.kt:8875
1.3	fun	reduceIndexed	UIntArray	2	public inline fun UIntArray.reduceIndexed(operation: (index: Int, acc: UInt, UInt) -> UInt): UInt {	commonMain/generated/_UArrays.kt:8897
-	var	accumulator	-	0	var accumulator = this[0]	commonMain/generated/_UArrays.kt:8900
1.3	fun	reduceIndexed	ULongArray	2	public inline fun ULongArray.reduceIndexed(operation: (index: Int, acc: ULong, ULong) -> ULong): ULong {	commonMain/generated/_UArrays.kt:8922
-	var	accumulator	-	0	var accumulator = this[0]	commonMain/generated/_UArrays.kt:8925
1.3	fun	reduceIndexed	UByteArray	2	public inline fun UByteArray.reduceIndexed(operation: (index: Int, acc: UByte, UByte) -> UByte): UByte {	commonMain/generated/_UArrays.kt:8947
-	var	accumulator	-	0	var accumulator = this[0]	commonMain/generated/_UArrays.kt:8950
1.3	fun	reduceIndexed	UShortArray	2	public inline fun UShortArray.reduceIndexed(operation: (index: Int, acc: UShort, UShort) -> UShort): UShort {	commonMain/generated/_UArrays.kt:8972
-	var	accumulator	-	0	var accumulator = this[0]	commonMain/generated/_UArrays.kt:8975
1.4	fun	reduceIndexedOrNull	UIntArray	2	public inline fun UIntArray.reduceIndexedOrNull(operation: (index: Int, acc: UInt, UInt) -> UInt): UInt? {	commonMain/generated/_UArrays.kt:8996
-	var	accumulator	-	0	var accumulator = this[0]	commonMain/generated/_UArrays.kt:8999
1.4	fun	reduceIndexedOrNull	ULongArray	2	public inline fun ULongArray.reduceIndexedOrNull(operation: (index: Int, acc: ULong, ULong) -> ULong): ULong? {	commonMain/generated/_UArrays.kt:9020
-	var	accumulator	-	0	var accumulator = this[0]	commonMain/generated/_UArrays.kt:9023
1.4	fun	reduceIndexedOrNull	UByteArray	2	public inline fun UByteArray.reduceIndexedOrNull(operation: (index: Int, acc: UByte, UByte) -> UByte): UByte? {	commonMain/generated/_UArrays.kt:9044
-	var	accumulator	-	0	var accumulator = this[0]	commonMain/generated/_UArrays.kt:9047
1.4	fun	reduceIndexedOrNull	UShortArray	2	public inline fun UShortArray.reduceIndexedOrNull(operation: (index: Int, acc: UShort, UShort) -> UShort): UShort? {	commonMain/generated/_UArrays.kt:9068
-	var	accumulator	-	0	var accumulator = this[0]	commonMain/generated/_UArrays.kt:9071
1.4	fun	reduceOrNull	UIntArray	1	public inline fun UIntArray.reduceOrNull(operation: (acc: UInt, UInt) -> UInt): UInt? {	commonMain/generated/_UArrays.kt:9092
-	var	accumulator	-	0	var accumulator = this[0]	commonMain/generated/_UArrays.kt:9095
1.4	fun	reduceOrNull	ULongArray	1	public inline fun ULongArray.reduceOrNull(operation: (acc: ULong, ULong) -> ULong): ULong? {	commonMain/generated/_UArrays.kt:9116
-	var	accumulator	-	0	var accumulator = this[0]	commonMain/generated/_UArrays.kt:9119
1.4	fun	reduceOrNull	UByteArray	1	public inline fun UByteArray.reduceOrNull(operation: (acc: UByte, UByte) -> UByte): UByte? {	commonMain/generated/_UArrays.kt:9140
-	var	accumulator	-	0	var accumulator = this[0]	commonMain/generated/_UArrays.kt:9143
1.4	fun	reduceOrNull	UShortArray	1	public inline fun UShortArray.reduceOrNull(operation: (acc: UShort, UShort) -> UShort): UShort? {	commonMain/generated/_UArrays.kt:9164
-	var	accumulator	-	0	var accumulator = this[0]	commonMain/generated/_UArrays.kt:9167
1.3	fun	reduceRight	UIntArray	1	public inline fun UIntArray.reduceRight(operation: (UInt, acc: UInt) -> UInt): UInt {	commonMain/generated/_UArrays.kt:9189
-	var	index	-	0	var index = lastIndex	commonMain/generated/_UArrays.kt:9190
-	var	accumulator	-	0	var accumulator = get(index--)	commonMain/generated/_UArrays.kt:9192
1.3	fun	reduceRight	ULongArray	1	public inline fun ULongArray.reduceRight(operation: (ULong, acc: ULong) -> ULong): ULong {	commonMain/generated/_UArrays.kt:9214
-	var	index	-	0	var index = lastIndex	commonMain/generated/_UArrays.kt:9215
-	var	accumulator	-	0	var accumulator = get(index--)	commonMain/generated/_UArrays.kt:9217
1.3	fun	reduceRight	UByteArray	1	public inline fun UByteArray.reduceRight(operation: (UByte, acc: UByte) -> UByte): UByte {	commonMain/generated/_UArrays.kt:9239
-	var	index	-	0	var index = lastIndex	commonMain/generated/_UArrays.kt:9240
-	var	accumulator	-	0	var accumulator = get(index--)	commonMain/generated/_UArrays.kt:9242
1.3	fun	reduceRight	UShortArray	1	public inline fun UShortArray.reduceRight(operation: (UShort, acc: UShort) -> UShort): UShort {	commonMain/generated/_UArrays.kt:9264
-	var	index	-	0	var index = lastIndex	commonMain/generated/_UArrays.kt:9265
-	var	accumulator	-	0	var accumulator = get(index--)	commonMain/generated/_UArrays.kt:9267
1.3	fun	reduceRightIndexed	UIntArray	2	public inline fun UIntArray.reduceRightIndexed(operation: (index: Int, UInt, acc: UInt) -> UInt): UInt {	commonMain/generated/_UArrays.kt:9289
-	var	index	-	0	var index = lastIndex	commonMain/generated/_UArrays.kt:9290
-	var	accumulator	-	0	var accumulator = get(index--)	commonMain/generated/_UArrays.kt:9292
1.3	fun	reduceRightIndexed	ULongArray	2	public inline fun ULongArray.reduceRightIndexed(operation: (index: Int, ULong, acc: ULong) -> ULong): ULong {	commonMain/generated/_UArrays.kt:9315
-	var	index	-	0	var index = lastIndex	commonMain/generated/_UArrays.kt:9316
-	var	accumulator	-	0	var accumulator = get(index--)	commonMain/generated/_UArrays.kt:9318
1.3	fun	reduceRightIndexed	UByteArray	2	public inline fun UByteArray.reduceRightIndexed(operation: (index: Int, UByte, acc: UByte) -> UByte): UByte {	commonMain/generated/_UArrays.kt:9341
-	var	index	-	0	var index = lastIndex	commonMain/generated/_UArrays.kt:9342
-	var	accumulator	-	0	var accumulator = get(index--)	commonMain/generated/_UArrays.kt:9344
1.3	fun	reduceRightIndexed	UShortArray	2	public inline fun UShortArray.reduceRightIndexed(operation: (index: Int, UShort, acc: UShort) -> UShort): UShort {	commonMain/generated/_UArrays.kt:9367
-	var	index	-	0	var index = lastIndex	commonMain/generated/_UArrays.kt:9368
-	var	accumulator	-	0	var accumulator = get(index--)	commonMain/generated/_UArrays.kt:9370
1.4	fun	reduceRightIndexedOrNull	UIntArray	2	public inline fun UIntArray.reduceRightIndexedOrNull(operation: (index: Int, UInt, acc: UInt) -> UInt): UInt? {	commonMain/generated/_UArrays.kt:9392
-	var	index	-	0	var index = lastIndex	commonMain/generated/_UArrays.kt:9393
-	var	accumulator	-	0	var accumulator = get(index--)	commonMain/generated/_UArrays.kt:9395
1.4	fun	reduceRightIndexedOrNull	ULongArray	2	public inline fun ULongArray.reduceRightIndexedOrNull(operation: (index: Int, ULong, acc: ULong) -> ULong): ULong? {	commonMain/generated/_UArrays.kt:9417
-	var	index	-	0	var index = lastIndex	commonMain/generated/_UArrays.kt:9418
-	var	accumulator	-	0	var accumulator = get(index--)	commonMain/generated/_UArrays.kt:9420
1.4	fun	reduceRightIndexedOrNull	UByteArray	2	public inline fun UByteArray.reduceRightIndexedOrNull(operation: (index: Int, UByte, acc: UByte) -> UByte): UByte? {	commonMain/generated/_UArrays.kt:9442
-	var	index	-	0	var index = lastIndex	commonMain/generated/_UArrays.kt:9443
-	var	accumulator	-	0	var accumulator = get(index--)	commonMain/generated/_UArrays.kt:9445
1.4	fun	reduceRightIndexedOrNull	UShortArray	2	public inline fun UShortArray.reduceRightIndexedOrNull(operation: (index: Int, UShort, acc: UShort) -> UShort): UShort? {	commonMain/generated/_UArrays.kt:9467
-	var	index	-	0	var index = lastIndex	commonMain/generated/_UArrays.kt:9468
-	var	accumulator	-	0	var accumulator = get(index--)	commonMain/generated/_UArrays.kt:9470
1.4	fun	reduceRightOrNull	UIntArray	1	public inline fun UIntArray.reduceRightOrNull(operation: (UInt, acc: UInt) -> UInt): UInt? {	commonMain/generated/_UArrays.kt:9492
-	var	index	-	0	var index = lastIndex	commonMain/generated/_UArrays.kt:9493
-	var	accumulator	-	0	var accumulator = get(index--)	commonMain/generated/_UArrays.kt:9495
1.4	fun	reduceRightOrNull	ULongArray	1	public inline fun ULongArray.reduceRightOrNull(operation: (ULong, acc: ULong) -> ULong): ULong? {	commonMain/generated/_UArrays.kt:9516
-	var	index	-	0	var index = lastIndex	commonMain/generated/_UArrays.kt:9517
-	var	accumulator	-	0	var accumulator = get(index--)	commonMain/generated/_UArrays.kt:9519
1.4	fun	reduceRightOrNull	UByteArray	1	public inline fun UByteArray.reduceRightOrNull(operation: (UByte, acc: UByte) -> UByte): UByte? {	commonMain/generated/_UArrays.kt:9540
-	var	index	-	0	var index = lastIndex	commonMain/generated/_UArrays.kt:9541
-	var	accumulator	-	0	var accumulator = get(index--)	commonMain/generated/_UArrays.kt:9543
1.4	fun	reduceRightOrNull	UShortArray	1	public inline fun UShortArray.reduceRightOrNull(operation: (UShort, acc: UShort) -> UShort): UShort? {	commonMain/generated/_UArrays.kt:9564
-	var	index	-	0	var index = lastIndex	commonMain/generated/_UArrays.kt:9565
-	var	accumulator	-	0	var accumulator = get(index--)	commonMain/generated/_UArrays.kt:9567
1.4	fun	runningFold	UIntArray	2	public inline fun <R> UIntArray.runningFold(initial: R, operation: (acc: R, UInt) -> R): List<R> {	commonMain/generated/_UArrays.kt:9588
-	val	result	-	0	val result = ArrayList<R>(size + 1).apply { add(initial) }	commonMain/generated/_UArrays.kt:9590
-	var	accumulator	-	0	var accumulator = initial	commonMain/generated/_UArrays.kt:9591
1.4	fun	runningFold	ULongArray	2	public inline fun <R> ULongArray.runningFold(initial: R, operation: (acc: R, ULong) -> R): List<R> {	commonMain/generated/_UArrays.kt:9613
-	val	result	-	0	val result = ArrayList<R>(size + 1).apply { add(initial) }	commonMain/generated/_UArrays.kt:9615
-	var	accumulator	-	0	var accumulator = initial	commonMain/generated/_UArrays.kt:9616
1.4	fun	runningFold	UByteArray	2	public inline fun <R> UByteArray.runningFold(initial: R, operation: (acc: R, UByte) -> R): List<R> {	commonMain/generated/_UArrays.kt:9638
-	val	result	-	0	val result = ArrayList<R>(size + 1).apply { add(initial) }	commonMain/generated/_UArrays.kt:9640
-	var	accumulator	-	0	var accumulator = initial	commonMain/generated/_UArrays.kt:9641
1.4	fun	runningFold	UShortArray	2	public inline fun <R> UShortArray.runningFold(initial: R, operation: (acc: R, UShort) -> R): List<R> {	commonMain/generated/_UArrays.kt:9663
-	val	result	-	0	val result = ArrayList<R>(size + 1).apply { add(initial) }	commonMain/generated/_UArrays.kt:9665
-	var	accumulator	-	0	var accumulator = initial	commonMain/generated/_UArrays.kt:9666
1.4	fun	runningFoldIndexed	UIntArray	3	public inline fun <R> UIntArray.runningFoldIndexed(initial: R, operation: (index: Int, acc: R, UInt) -> R): List<R> {	commonMain/generated/_UArrays.kt:9689
-	val	result	-	0	val result = ArrayList<R>(size + 1).apply { add(initial) }	commonMain/generated/_UArrays.kt:9691
-	var	accumulator	-	0	var accumulator = initial	commonMain/generated/_UArrays.kt:9692
1.4	fun	runningFoldIndexed	ULongArray	3	public inline fun <R> ULongArray.runningFoldIndexed(initial: R, operation: (index: Int, acc: R, ULong) -> R): List<R> {	commonMain/generated/_UArrays.kt:9715
-	val	result	-	0	val result = ArrayList<R>(size + 1).apply { add(initial) }	commonMain/generated/_UArrays.kt:9717
-	var	accumulator	-	0	var accumulator = initial	commonMain/generated/_UArrays.kt:9718
1.4	fun	runningFoldIndexed	UByteArray	3	public inline fun <R> UByteArray.runningFoldIndexed(initial: R, operation: (index: Int, acc: R, UByte) -> R): List<R> {	commonMain/generated/_UArrays.kt:9741
-	val	result	-	0	val result = ArrayList<R>(size + 1).apply { add(initial) }	commonMain/generated/_UArrays.kt:9743
-	var	accumulator	-	0	var accumulator = initial	commonMain/generated/_UArrays.kt:9744
1.4	fun	runningFoldIndexed	UShortArray	3	public inline fun <R> UShortArray.runningFoldIndexed(initial: R, operation: (index: Int, acc: R, UShort) -> R): List<R> {	commonMain/generated/_UArrays.kt:9767
-	val	result	-	0	val result = ArrayList<R>(size + 1).apply { add(initial) }	commonMain/generated/_UArrays.kt:9769
-	var	accumulator	-	0	var accumulator = initial	commonMain/generated/_UArrays.kt:9770
1.4	fun	runningReduce	UIntArray	1	public inline fun UIntArray.runningReduce(operation: (acc: UInt, UInt) -> UInt): List<UInt> {	commonMain/generated/_UArrays.kt:9792
-	var	accumulator	-	0	var accumulator = this[0]	commonMain/generated/_UArrays.kt:9794
-	val	result	-	0	val result = ArrayList<UInt>(size).apply { add(accumulator) }	commonMain/generated/_UArrays.kt:9795
1.4	fun	runningReduce	ULongArray	1	public inline fun ULongArray.runningReduce(operation: (acc: ULong, ULong) -> ULong): List<ULong> {	commonMain/generated/_UArrays.kt:9817
-	var	accumulator	-	0	var accumulator = this[0]	commonMain/generated/_UArrays.kt:9819
-	val	result	-	0	val result = ArrayList<ULong>(size).apply { add(accumulator) }	commonMain/generated/_UArrays.kt:9820
1.4	fun	runningReduce	UByteArray	1	public inline fun UByteArray.runningReduce(operation: (acc: UByte, UByte) -> UByte): List<UByte> {	commonMain/generated/_UArrays.kt:9842
-	var	accumulator	-	0	var accumulator = this[0]	commonMain/generated/_UArrays.kt:9844
-	val	result	-	0	val result = ArrayList<UByte>(size).apply { add(accumulator) }	commonMain/generated/_UArrays.kt:9845
1.4	fun	runningReduce	UShortArray	1	public inline fun UShortArray.runningReduce(operation: (acc: UShort, UShort) -> UShort): List<UShort> {	commonMain/generated/_UArrays.kt:9867
-	var	accumulator	-	0	var accumulator = this[0]	commonMain/generated/_UArrays.kt:9869
-	val	result	-	0	val result = ArrayList<UShort>(size).apply { add(accumulator) }	commonMain/generated/_UArrays.kt:9870
1.4	fun	runningReduceIndexed	UIntArray	2	public inline fun UIntArray.runningReduceIndexed(operation: (index: Int, acc: UInt, UInt) -> UInt): List<UInt> {	commonMain/generated/_UArrays.kt:9893
-	var	accumulator	-	0	var accumulator = this[0]	commonMain/generated/_UArrays.kt:9895
-	val	result	-	0	val result = ArrayList<UInt>(size).apply { add(accumulator) }	commonMain/generated/_UArrays.kt:9896
1.4	fun	runningReduceIndexed	ULongArray	2	public inline fun ULongArray.runningReduceIndexed(operation: (index: Int, acc: ULong, ULong) -> ULong): List<ULong> {	commonMain/generated/_UArrays.kt:9919
-	var	accumulator	-	0	var accumulator = this[0]	commonMain/generated/_UArrays.kt:9921
-	val	result	-	0	val result = ArrayList<ULong>(size).apply { add(accumulator) }	commonMain/generated/_UArrays.kt:9922
1.4	fun	runningReduceIndexed	UByteArray	2	public inline fun UByteArray.runningReduceIndexed(operation: (index: Int, acc: UByte, UByte) -> UByte): List<UByte> {	commonMain/generated/_UArrays.kt:9945
-	var	accumulator	-	0	var accumulator = this[0]	commonMain/generated/_UArrays.kt:9947
-	val	result	-	0	val result = ArrayList<UByte>(size).apply { add(accumulator) }	commonMain/generated/_UArrays.kt:9948
1.4	fun	runningReduceIndexed	UShortArray	2	public inline fun UShortArray.runningReduceIndexed(operation: (index: Int, acc: UShort, UShort) -> UShort): List<UShort> {	commonMain/generated/_UArrays.kt:9971
-	var	accumulator	-	0	var accumulator = this[0]	commonMain/generated/_UArrays.kt:9973
-	val	result	-	0	val result = ArrayList<UShort>(size).apply { add(accumulator) }	commonMain/generated/_UArrays.kt:9974
1.4	fun	scan	UIntArray	2	public inline fun <R> UIntArray.scan(initial: R, operation: (acc: R, UInt) -> R): List<R> {	commonMain/generated/_UArrays.kt:9996
1.4	fun	scan	ULongArray	2	public inline fun <R> ULongArray.scan(initial: R, operation: (acc: R, ULong) -> R): List<R> {	commonMain/generated/_UArrays.kt:10014
1.4	fun	scan	UByteArray	2	public inline fun <R> UByteArray.scan(initial: R, operation: (acc: R, UByte) -> R): List<R> {	commonMain/generated/_UArrays.kt:10032
1.4	fun	scan	UShortArray	2	public inline fun <R> UShortArray.scan(initial: R, operation: (acc: R, UShort) -> R): List<R> {	commonMain/generated/_UArrays.kt:10050
1.4	fun	scanIndexed	UIntArray	3	public inline fun <R> UIntArray.scanIndexed(initial: R, operation: (index: Int, acc: R, UInt) -> R): List<R> {	commonMain/generated/_UArrays.kt:10069
1.4	fun	scanIndexed	ULongArray	3	public inline fun <R> ULongArray.scanIndexed(initial: R, operation: (index: Int, acc: R, ULong) -> R): List<R> {	commonMain/generated/_UArrays.kt:10088
1.4	fun	scanIndexed	UByteArray	3	public inline fun <R> UByteArray.scanIndexed(initial: R, operation: (index: Int, acc: R, UByte) -> R): List<R> {	commonMain/generated/_UArrays.kt:10107
1.4	fun	scanIndexed	UShortArray	3	public inline fun <R> UShortArray.scanIndexed(initial: R, operation: (index: Int, acc: R, UShort) -> R): List<R> {	commonMain/generated/_UArrays.kt:10126
1.3	fun	sumBy	UIntArray	0	public inline fun UIntArray.sumBy(selector: (UInt) -> UInt): UInt {	commonMain/generated/_UArrays.kt:10138
-	var	UInt	-	0	var sum: UInt = 0u	commonMain/generated/_UArrays.kt:10139
1.3	fun	sumBy	ULongArray	0	public inline fun ULongArray.sumBy(selector: (ULong) -> UInt): UInt {	commonMain/generated/_UArrays.kt:10154
-	var	UInt	-	0	var sum: UInt = 0u	commonMain/generated/_UArrays.kt:10155
1.3	fun	sumBy	UByteArray	0	public inline fun UByteArray.sumBy(selector: (UByte) -> UInt): UInt {	commonMain/generated/_UArrays.kt:10170
-	var	UInt	-	0	var sum: UInt = 0u	commonMain/generated/_UArrays.kt:10171
1.3	fun	sumBy	UShortArray	0	public inline fun UShortArray.sumBy(selector: (UShort) -> UInt): UInt {	commonMain/generated/_UArrays.kt:10186
-	var	UInt	-	0	var sum: UInt = 0u	commonMain/generated/_UArrays.kt:10187
1.3	fun	sumByDouble	UIntArray	0	public inline fun UIntArray.sumByDouble(selector: (UInt) -> Double): Double {	commonMain/generated/_UArrays.kt:10202
-	var	Double	-	0	var sum: Double = 0.0	commonMain/generated/_UArrays.kt:10203
1.3	fun	sumByDouble	ULongArray	0	public inline fun ULongArray.sumByDouble(selector: (ULong) -> Double): Double {	commonMain/generated/_UArrays.kt:10218
-	var	Double	-	0	var sum: Double = 0.0	commonMain/generated/_UArrays.kt:10219
1.3	fun	sumByDouble	UByteArray	0	public inline fun UByteArray.sumByDouble(selector: (UByte) -> Double): Double {	commonMain/generated/_UArrays.kt:10234
-	var	Double	-	0	var sum: Double = 0.0	commonMain/generated/_UArrays.kt:10235
1.3	fun	sumByDouble	UShortArray	0	public inline fun UShortArray.sumByDouble(selector: (UShort) -> Double): Double {	commonMain/generated/_UArrays.kt:10250
-	var	Double	-	0	var sum: Double = 0.0	commonMain/generated/_UArrays.kt:10251
-	fun	sumOf	UIntArray	0	public inline fun UIntArray.sumOf(selector: (UInt) -> Double): Double {	commonMain/generated/_UArrays.kt:10268
-	var	Double	-	0	var sum: Double = 0.toDouble()	commonMain/generated/_UArrays.kt:10269
-	fun	sumOf	ULongArray	0	public inline fun ULongArray.sumOf(selector: (ULong) -> Double): Double {	commonMain/generated/_UArrays.kt:10286
-	var	Double	-	0	var sum: Double = 0.toDouble()	commonMain/generated/_UArrays.kt:10287
-	fun	sumOf	UByteArray	0	public inline fun UByteArray.sumOf(selector: (UByte) -> Double): Double {	commonMain/generated/_UArrays.kt:10304
-	var	Double	-	0	var sum: Double = 0.toDouble()	commonMain/generated/_UArrays.kt:10305
-	fun	sumOf	UShortArray	0	public inline fun UShortArray.sumOf(selector: (UShort) -> Double): Double {	commonMain/generated/_UArrays.kt:10322
-	var	Double	-	0	var sum: Double = 0.toDouble()	commonMain/generated/_UArrays.kt:10323
1.4	fun	sumOf	UIntArray	0	public inline fun UIntArray.sumOf(selector: (UInt) -> Int): Int {	commonMain/generated/_UArrays.kt:10338
-	var	Int	-	0	var sum: Int = 0.toInt()	commonMain/generated/_UArrays.kt:10339
1.4	fun	sumOf	ULongArray	0	public inline fun ULongArray.sumOf(selector: (ULong) -> Int): Int {	commonMain/generated/_UArrays.kt:10354
-	var	Int	-	0	var sum: Int = 0.toInt()	commonMain/generated/_UArrays.kt:10355
1.4	fun	sumOf	UByteArray	0	public inline fun UByteArray.sumOf(selector: (UByte) -> Int): Int {	commonMain/generated/_UArrays.kt:10370
-	var	Int	-	0	var sum: Int = 0.toInt()	commonMain/generated/_UArrays.kt:10371
1.4	fun	sumOf	UShortArray	0	public inline fun UShortArray.sumOf(selector: (UShort) -> Int): Int {	commonMain/generated/_UArrays.kt:10386
-	var	Int	-	0	var sum: Int = 0.toInt()	commonMain/generated/_UArrays.kt:10387
-	fun	sumOf	UIntArray	0	public inline fun UIntArray.sumOf(selector: (UInt) -> Long): Long {	commonMain/generated/_UArrays.kt:10404
-	var	Long	-	0	var sum: Long = 0.toLong()	commonMain/generated/_UArrays.kt:10405
-	fun	sumOf	ULongArray	0	public inline fun ULongArray.sumOf(selector: (ULong) -> Long): Long {	commonMain/generated/_UArrays.kt:10422
-	var	Long	-	0	var sum: Long = 0.toLong()	commonMain/generated/_UArrays.kt:10423
-	fun	sumOf	UByteArray	0	public inline fun UByteArray.sumOf(selector: (UByte) -> Long): Long {	commonMain/generated/_UArrays.kt:10440
-	var	Long	-	0	var sum: Long = 0.toLong()	commonMain/generated/_UArrays.kt:10441
-	fun	sumOf	UShortArray	0	public inline fun UShortArray.sumOf(selector: (UShort) -> Long): Long {	commonMain/generated/_UArrays.kt:10458
-	var	Long	-	0	var sum: Long = 0.toLong()	commonMain/generated/_UArrays.kt:10459
1.5	fun	sumOf	UIntArray	0	public inline fun UIntArray.sumOf(selector: (UInt) -> UInt): UInt {	commonMain/generated/_UArrays.kt:10474
-	var	UInt	-	0	var sum: UInt = 0.toUInt()	commonMain/generated/_UArrays.kt:10475
1.5	fun	sumOf	ULongArray	0	public inline fun ULongArray.sumOf(selector: (ULong) -> UInt): UInt {	commonMain/generated/_UArrays.kt:10490
-	var	UInt	-	0	var sum: UInt = 0.toUInt()	commonMain/generated/_UArrays.kt:10491
1.5	fun	sumOf	UByteArray	0	public inline fun UByteArray.sumOf(selector: (UByte) -> UInt): UInt {	commonMain/generated/_UArrays.kt:10506
-	var	UInt	-	0	var sum: UInt = 0.toUInt()	commonMain/generated/_UArrays.kt:10507
1.5	fun	sumOf	UShortArray	0	public inline fun UShortArray.sumOf(selector: (UShort) -> UInt): UInt {	commonMain/generated/_UArrays.kt:10522
-	var	UInt	-	0	var sum: UInt = 0.toUInt()	commonMain/generated/_UArrays.kt:10523
-	fun	sumOf	UIntArray	0	public inline fun UIntArray.sumOf(selector: (UInt) -> ULong): ULong {	commonMain/generated/_UArrays.kt:10540
-	var	ULong	-	0	var sum: ULong = 0.toULong()	commonMain/generated/_UArrays.kt:10541
-	fun	sumOf	ULongArray	0	public inline fun ULongArray.sumOf(selector: (ULong) -> ULong): ULong {	commonMain/generated/_UArrays.kt:10558
-	var	ULong	-	0	var sum: ULong = 0.toULong()	commonMain/generated/_UArrays.kt:10559
-	fun	sumOf	UByteArray	0	public inline fun UByteArray.sumOf(selector: (UByte) -> ULong): ULong {	commonMain/generated/_UArrays.kt:10576
-	var	ULong	-	0	var sum: ULong = 0.toULong()	commonMain/generated/_UArrays.kt:10577
-	fun	sumOf	UShortArray	0	public inline fun UShortArray.sumOf(selector: (UShort) -> ULong): ULong {	commonMain/generated/_UArrays.kt:10594
-	var	ULong	-	0	var sum: ULong = 0.toULong()	commonMain/generated/_UArrays.kt:10595
1.3	fun	zip	UIntArray	1	public infix fun <R> UIntArray.zip(other: Array<out R>): List<Pair<UInt, R>> {	commonMain/generated/_UArrays.kt:10610
1.3	fun	zip	ULongArray	1	public infix fun <R> ULongArray.zip(other: Array<out R>): List<Pair<ULong, R>> {	commonMain/generated/_UArrays.kt:10622
1.3	fun	zip	UByteArray	1	public infix fun <R> UByteArray.zip(other: Array<out R>): List<Pair<UByte, R>> {	commonMain/generated/_UArrays.kt:10634
1.3	fun	zip	UShortArray	1	public infix fun <R> UShortArray.zip(other: Array<out R>): List<Pair<UShort, R>> {	commonMain/generated/_UArrays.kt:10646
1.3	fun	zip	UIntArray	3	public inline fun <R, V> UIntArray.zip(other: Array<out R>, transform: (a: UInt, b: R) -> V): List<V> {	commonMain/generated/_UArrays.kt:10660
-	val	size	-	1	val size = minOf(size, other.size)	commonMain/generated/_UArrays.kt:10661
-	val	list	-	0	val list = ArrayList<V>(size)	commonMain/generated/_UArrays.kt:10662
1.3	fun	zip	ULongArray	3	public inline fun <R, V> ULongArray.zip(other: Array<out R>, transform: (a: ULong, b: R) -> V): List<V> {	commonMain/generated/_UArrays.kt:10679
-	val	size	-	1	val size = minOf(size, other.size)	commonMain/generated/_UArrays.kt:10680
-	val	list	-	0	val list = ArrayList<V>(size)	commonMain/generated/_UArrays.kt:10681
1.3	fun	zip	UByteArray	3	public inline fun <R, V> UByteArray.zip(other: Array<out R>, transform: (a: UByte, b: R) -> V): List<V> {	commonMain/generated/_UArrays.kt:10698
-	val	size	-	1	val size = minOf(size, other.size)	commonMain/generated/_UArrays.kt:10699
-	val	list	-	0	val list = ArrayList<V>(size)	commonMain/generated/_UArrays.kt:10700
1.3	fun	zip	UShortArray	3	public inline fun <R, V> UShortArray.zip(other: Array<out R>, transform: (a: UShort, b: R) -> V): List<V> {	commonMain/generated/_UArrays.kt:10717
-	val	size	-	1	val size = minOf(size, other.size)	commonMain/generated/_UArrays.kt:10718
-	val	list	-	0	val list = ArrayList<V>(size)	commonMain/generated/_UArrays.kt:10719
1.3	fun	zip	UIntArray	1	public infix fun <R> UIntArray.zip(other: Iterable<R>): List<Pair<UInt, R>> {	commonMain/generated/_UArrays.kt:10734
1.3	fun	zip	ULongArray	1	public infix fun <R> ULongArray.zip(other: Iterable<R>): List<Pair<ULong, R>> {	commonMain/generated/_UArrays.kt:10746
1.3	fun	zip	UByteArray	1	public infix fun <R> UByteArray.zip(other: Iterable<R>): List<Pair<UByte, R>> {	commonMain/generated/_UArrays.kt:10758
1.3	fun	zip	UShortArray	1	public infix fun <R> UShortArray.zip(other: Iterable<R>): List<Pair<UShort, R>> {	commonMain/generated/_UArrays.kt:10770
1.3	fun	zip	UIntArray	3	public inline fun <R, V> UIntArray.zip(other: Iterable<R>, transform: (a: UInt, b: R) -> V): List<V> {	commonMain/generated/_UArrays.kt:10784
-	val	arraySize	-	0	val arraySize = size	commonMain/generated/_UArrays.kt:10785
-	val	list	-	1	val list = ArrayList<V>(minOf(other.collectionSizeOrDefault(10), arraySize))	commonMain/generated/_UArrays.kt:10786
-	var	i	-	0	var i = 0	commonMain/generated/_UArrays.kt:10787
1.3	fun	zip	ULongArray	3	public inline fun <R, V> ULongArray.zip(other: Iterable<R>, transform: (a: ULong, b: R) -> V): List<V> {	commonMain/generated/_UArrays.kt:10805
-	val	arraySize	-	0	val arraySize = size	commonMain/generated/_UArrays.kt:10806
-	val	list	-	1	val list = ArrayList<V>(minOf(other.collectionSizeOrDefault(10), arraySize))	commonMain/generated/_UArrays.kt:10807
-	var	i	-	0	var i = 0	commonMain/generated/_UArrays.kt:10808
1.3	fun	zip	UByteArray	3	public inline fun <R, V> UByteArray.zip(other: Iterable<R>, transform: (a: UByte, b: R) -> V): List<V> {	commonMain/generated/_UArrays.kt:10826
-	val	arraySize	-	0	val arraySize = size	commonMain/generated/_UArrays.kt:10827
-	val	list	-	1	val list = ArrayList<V>(minOf(other.collectionSizeOrDefault(10), arraySize))	commonMain/generated/_UArrays.kt:10828
-	var	i	-	0	var i = 0	commonMain/generated/_UArrays.kt:10829
1.3	fun	zip	UShortArray	3	public inline fun <R, V> UShortArray.zip(other: Iterable<R>, transform: (a: UShort, b: R) -> V): List<V> {	commonMain/generated/_UArrays.kt:10847
-	val	arraySize	-	0	val arraySize = size	commonMain/generated/_UArrays.kt:10848
-	val	list	-	1	val list = ArrayList<V>(minOf(other.collectionSizeOrDefault(10), arraySize))	commonMain/generated/_UArrays.kt:10849
-	var	i	-	0	var i = 0	commonMain/generated/_UArrays.kt:10850
1.3	fun	zip	UIntArray	1	public infix fun UIntArray.zip(other: UIntArray): List<Pair<UInt, UInt>> {	commonMain/generated/_UArrays.kt:10866
1.3	fun	zip	ULongArray	1	public infix fun ULongArray.zip(other: ULongArray): List<Pair<ULong, ULong>> {	commonMain/generated/_UArrays.kt:10878
1.3	fun	zip	UByteArray	1	public infix fun UByteArray.zip(other: UByteArray): List<Pair<UByte, UByte>> {	commonMain/generated/_UArrays.kt:10890
1.3	fun	zip	UShortArray	1	public infix fun UShortArray.zip(other: UShortArray): List<Pair<UShort, UShort>> {	commonMain/generated/_UArrays.kt:10902
1.3	fun	zip	UIntArray	2	public inline fun <V> UIntArray.zip(other: UIntArray, transform: (a: UInt, b: UInt) -> V): List<V> {	commonMain/generated/_UArrays.kt:10916
-	val	size	-	1	val size = minOf(size, other.size)	commonMain/generated/_UArrays.kt:10917
-	val	list	-	0	val list = ArrayList<V>(size)	commonMain/generated/_UArrays.kt:10918
1.3	fun	zip	ULongArray	2	public inline fun <V> ULongArray.zip(other: ULongArray, transform: (a: ULong, b: ULong) -> V): List<V> {	commonMain/generated/_UArrays.kt:10935
-	val	size	-	1	val size = minOf(size, other.size)	commonMain/generated/_UArrays.kt:10936
-	val	list	-	0	val list = ArrayList<V>(size)	commonMain/generated/_UArrays.kt:10937
1.3	fun	zip	UByteArray	2	public inline fun <V> UByteArray.zip(other: UByteArray, transform: (a: UByte, b: UByte) -> V): List<V> {	commonMain/generated/_UArrays.kt:10954
-	val	size	-	1	val size = minOf(size, other.size)	commonMain/generated/_UArrays.kt:10955
-	val	list	-	0	val list = ArrayList<V>(size)	commonMain/generated/_UArrays.kt:10956
1.3	fun	zip	UShortArray	2	public inline fun <V> UShortArray.zip(other: UShortArray, transform: (a: UShort, b: UShort) -> V): List<V> {	commonMain/generated/_UArrays.kt:10973
-	val	size	-	1	val size = minOf(size, other.size)	commonMain/generated/_UArrays.kt:10974
-	val	list	-	0	val list = ArrayList<V>(size)	commonMain/generated/_UArrays.kt:10975
1.5	fun	sum	-	0	public fun Array<out UInt>.sum(): UInt {	commonMain/generated/_UArrays.kt:10987
-	var	UInt	-	0	var sum: UInt = 0u	commonMain/generated/_UArrays.kt:10988
1.5	fun	sum	-	0	public fun Array<out ULong>.sum(): ULong {	commonMain/generated/_UArrays.kt:11000
-	var	ULong	-	0	var sum: ULong = 0uL	commonMain/generated/_UArrays.kt:11001
1.5	fun	sum	-	0	public fun Array<out UByte>.sum(): UInt {	commonMain/generated/_UArrays.kt:11013
-	var	UInt	-	0	var sum: UInt = 0u	commonMain/generated/_UArrays.kt:11014
1.5	fun	sum	-	0	public fun Array<out UShort>.sum(): UInt {	commonMain/generated/_UArrays.kt:11026
-	var	UInt	-	0	var sum: UInt = 0u	commonMain/generated/_UArrays.kt:11027
1.3	fun	sum	UIntArray	0	public inline fun UIntArray.sum(): UInt {	commonMain/generated/_UArrays.kt:11040
1.3	fun	sum	ULongArray	0	public inline fun ULongArray.sum(): ULong {	commonMain/generated/_UArrays.kt:11050
1.3	fun	sum	UByteArray	0	public inline fun UByteArray.sum(): UInt {	commonMain/generated/_UArrays.kt:11060
1.3	fun	sum	UShortArray	0	public inline fun UShortArray.sum(): UInt {	commonMain/generated/_UArrays.kt:11070
1.3	fun	toUByteArray	-	0	public fun Collection<UByte>.toUByteArray(): UByteArray {	commonMain/generated/_UCollections.kt:26
-	val	result	-	0	val result = UByteArray(size)	commonMain/generated/_UCollections.kt:27
-	var	index	-	0	var index = 0	commonMain/generated/_UCollections.kt:28
1.3	fun	toUIntArray	-	0	public fun Collection<UInt>.toUIntArray(): UIntArray {	commonMain/generated/_UCollections.kt:39
-	val	result	-	0	val result = UIntArray(size)	commonMain/generated/_UCollections.kt:40
-	var	index	-	0	var index = 0	commonMain/generated/_UCollections.kt:41
1.3	fun	toULongArray	-	0	public fun Collection<ULong>.toULongArray(): ULongArray {	commonMain/generated/_UCollections.kt:52
-	val	result	-	0	val result = ULongArray(size)	commonMain/generated/_UCollections.kt:53
-	var	index	-	0	var index = 0	commonMain/generated/_UCollections.kt:54
1.3	fun	toUShortArray	-	0	public fun Collection<UShort>.toUShortArray(): UShortArray {	commonMain/generated/_UCollections.kt:65
-	val	result	-	0	val result = UShortArray(size)	commonMain/generated/_UCollections.kt:66
-	var	index	-	0	var index = 0	commonMain/generated/_UCollections.kt:67
1.5	fun	sum	-	0	public fun Iterable<UInt>.sum(): UInt {	commonMain/generated/_UCollections.kt:78
-	var	UInt	-	0	var sum: UInt = 0u	commonMain/generated/_UCollections.kt:79
1.5	fun	sum	-	0	public fun Iterable<ULong>.sum(): ULong {	commonMain/generated/_UCollections.kt:91
-	var	ULong	-	0	var sum: ULong = 0uL	commonMain/generated/_UCollections.kt:92
1.5	fun	sum	-	0	public fun Iterable<UByte>.sum(): UInt {	commonMain/generated/_UCollections.kt:104
-	var	UInt	-	0	var sum: UInt = 0u	commonMain/generated/_UCollections.kt:105
1.5	fun	sum	-	0	public fun Iterable<UShort>.sum(): UInt {	commonMain/generated/_UCollections.kt:117
-	var	UInt	-	0	var sum: UInt = 0u	commonMain/generated/_UCollections.kt:118
1.1	class	AbstractCollection	-	0	public abstract class AbstractCollection<out E> protected constructor() : Collection<E> {	commonMain/kotlin/collections/AbstractCollection.kt:15
-	fun	toArray	-	0	protected open fun toArray(): Array<Any?> = collectionToArray(this)	commonMain/kotlin/collections/AbstractCollection.kt:34
-	fun	toArray	-	1	protected open fun <T> toArray(array: Array<T>): Array<T> = collectionToArray(this, array)	commonMain/kotlin/collections/AbstractCollection.kt:48
-	object	State	-	0	private object State {	commonMain/kotlin/collections/AbstractIterator.kt:15
-	val	Int	-	0	const val NOT_READY: Int = 0	commonMain/kotlin/collections/AbstractIterator.kt:16
-	val	Int	-	0	const val READY: Int = 1	commonMain/kotlin/collections/AbstractIterator.kt:17
-	val	Int	-	0	const val DONE: Int = 2	commonMain/kotlin/collections/AbstractIterator.kt:18
-	val	Int	-	0	const val FAILED: Int = 3	commonMain/kotlin/collections/AbstractIterator.kt:19
-	class	AbstractIterator	-	0	public abstract class AbstractIterator<T> : Iterator<T> {	commonMain/kotlin/collections/AbstractIterator.kt:26
-	var	state	-	0	private var state = State.NOT_READY	commonMain/kotlin/collections/AbstractIterator.kt:27
-	var	T	-	0	private var nextValue: T? = null	commonMain/kotlin/collections/AbstractIterator.kt:28
-	fun	tryToComputeNext	-	0	private fun tryToComputeNext(): Boolean {	commonMain/kotlin/collections/AbstractIterator.kt:53
-	fun	computeNext	-	0	protected abstract fun computeNext(): Unit	commonMain/kotlin/collections/AbstractIterator.kt:69
-	fun	setNext	-	0	protected fun setNext(value: T): Unit {	commonMain/kotlin/collections/AbstractIterator.kt:74
-	fun	done	-	0	protected fun done() {	commonMain/kotlin/collections/AbstractIterator.kt:82
1.1	class	AbstractList	-	1	public abstract class AbstractList<out E> protected constructor() : AbstractCollection<E>(), List<E> {	commonMain/kotlin/collections/AbstractList.kt:21
-	class	SubList	-	3	private class SubList<out E>(private val list: AbstractList<E>, private val fromIndex: Int, toIndex: Int) : AbstractList<E>(), RandomAccess {	commonMain/kotlin/collections/AbstractList.kt:37
-	var	Int	-	0	private var _size: Int = 0	commonMain/kotlin/collections/AbstractList.kt:38
-	var	index	-	0	protected var index = 0	commonMain/kotlin/collections/AbstractList.kt:83
-	fun	checkElementIndex	-	1	internal fun checkElementIndex(index: Int, size: Int) {	commonMain/kotlin/collections/AbstractList.kt:116
-	fun	checkPositionIndex	-	1	internal fun checkPositionIndex(index: Int, size: Int) {	commonMain/kotlin/collections/AbstractList.kt:122
-	fun	checkRangeIndexes	-	2	internal fun checkRangeIndexes(fromIndex: Int, toIndex: Int, size: Int) {	commonMain/kotlin/collections/AbstractList.kt:128
-	fun	checkBoundsIndexes	-	2	internal fun checkBoundsIndexes(startIndex: Int, endIndex: Int, size: Int) {	commonMain/kotlin/collections/AbstractList.kt:137
-	val	maxArraySize	-	0	private const val maxArraySize = Int.MAX_VALUE - 8	commonMain/kotlin/collections/AbstractList.kt:146
-	fun	newCapacity	-	1	internal fun newCapacity(oldCapacity: Int, minCapacity: Int): Int {	commonMain/kotlin/collections/AbstractList.kt:149
-	var	newCapacity	-	0	var newCapacity = oldCapacity + (oldCapacity shr 1)	commonMain/kotlin/collections/AbstractList.kt:151
-	fun	orderedHashCode	-	0	internal fun orderedHashCode(c: Collection<*>): Int {	commonMain/kotlin/collections/AbstractList.kt:159
-	var	hashCode	-	0	var hashCode = 1	commonMain/kotlin/collections/AbstractList.kt:160
-	fun	orderedEquals	-	1	internal fun orderedEquals(c: Collection<*>, other: Collection<*>): Boolean {	commonMain/kotlin/collections/AbstractList.kt:167
-	val	otherIterator	-	0	val otherIterator = other.iterator()	commonMain/kotlin/collections/AbstractList.kt:170
-	val	elemOther	-	0	val elemOther = otherIterator.next()	commonMain/kotlin/collections/AbstractList.kt:172
1.1	class	AbstractMap	-	2	public abstract class AbstractMap<K, out V> protected constructor() : Map<K, V> {	commonMain/kotlin/collections/AbstractMap.kt:22
-	fun	containsEntry	-	1	internal fun containsEntry(entry: Map.Entry<*, *>?): Boolean {	commonMain/kotlin/collections/AbstractMap.kt:30
-	val	key	-	0	val key = entry.key	commonMain/kotlin/collections/AbstractMap.kt:33
-	val	value	-	0	val value = entry.value	commonMain/kotlin/collections/AbstractMap.kt:34
-	val	ourValue	-	0	val ourValue = get(key)	commonMain/kotlin/collections/AbstractMap.kt:35
-	val	entryIterator	-	0	val entryIterator = entries.iterator()	commonMain/kotlin/collections/AbstractMap.kt:89
-	fun	toString	-	1	private fun toString(entry: Map.Entry<K, V>): String = toString(entry.key) + "=" + toString(entry.value)	commonMain/kotlin/collections/AbstractMap.kt:108
-	fun	toString	-	0	private fun toString(o: Any?): String = if (o === this) "(this Map)" else o.toString()	commonMain/kotlin/collections/AbstractMap.kt:110
-	val	entryIterator	-	0	val entryIterator = entries.iterator()	commonMain/kotlin/collections/AbstractMap.kt:125
-	fun	implFindEntry	-	1	private fun implFindEntry(key: K): Map.Entry<K, V>? = entries.firstOrNull { it.key == key }	commonMain/kotlin/collections/AbstractMap.kt:141
-	fun	entryHashCode	-	1	internal fun entryHashCode(e: Map.Entry<*, *>): Int = with(e) { (key?.hashCode() ?: 0) xor (value?.hashCode() ?: 0) }	commonMain/kotlin/collections/AbstractMap.kt:145
-	fun	entryToString	-	1	internal fun entryToString(e: Map.Entry<*, *>): String = with(e) { "$key=$value" }	commonMain/kotlin/collections/AbstractMap.kt:146
-	fun	entryEquals	-	2	internal fun entryEquals(e: Map.Entry<*, *>, other: Any?): Boolean {	commonMain/kotlin/collections/AbstractMap.kt:147
1.3	class	AbstractMutableCollection	-	0	public expect abstract class AbstractMutableCollection<E> : MutableCollection<E> {	commonMain/kotlin/collections/AbstractMutableCollection.kt:14
-	class	AbstractMutableList	-	0	public expect abstract class AbstractMutableList<E> : MutableList<E> {	commonMain/kotlin/collections/AbstractMutableList.kt:13
2.0	var	Int	-	0	protected var modCount: Int	commonMain/kotlin/collections/AbstractMutableList.kt:25
2.0	fun	removeRange	-	1	protected open fun removeRange(fromIndex: Int, toIndex: Int): Unit	commonMain/kotlin/collections/AbstractMutableList.kt:33
1.3	class	AbstractMutableMap	-	2	public expect abstract class AbstractMutableMap<K, V> : MutableMap<K, V> {	commonMain/kotlin/collections/AbstractMutableMap.kt:17
1.3	class	AbstractMutableSet	-	0	public expect abstract class AbstractMutableSet<E> : MutableSet<E> {	commonMain/kotlin/collections/AbstractMutableSet.kt:14
1.1	class	AbstractSet	-	1	public abstract class AbstractSet<out E> protected constructor() : AbstractCollection<E>(), Set<E> {	commonMain/kotlin/collections/AbstractSet.kt:15
-	fun	unorderedHashCode	-	0	internal fun unorderedHashCode(c: Collection<*>): Int {	commonMain/kotlin/collections/AbstractSet.kt:34
-	var	hashCode	-	0	var hashCode = 0	commonMain/kotlin/collections/AbstractSet.kt:35
-	fun	setEquals	-	1	internal fun setEquals(c: Set<*>, other: Set<*>): Boolean {	commonMain/kotlin/collections/AbstractSet.kt:42
1.4	class	ArrayDeque	-	0	public class ArrayDeque<E> : AbstractMutableList<E> {	commonMain/kotlin/collections/ArrayDeque.kt:17
-	var	Int	-	0	private var head: Int = 0	commonMain/kotlin/collections/ArrayDeque.kt:18
-	var	Array	-	0	private var elementData: Array<Any?>	commonMain/kotlin/collections/ArrayDeque.kt:19
-	fun	ensureCapacity	-	0	private fun ensureCapacity(minCapacity: Int) {	commonMain/kotlin/collections/ArrayDeque.kt:57
-	val	newCapacity	-	1	val newCapacity = AbstractList.newCapacity(elementData.size, minCapacity)	commonMain/kotlin/collections/ArrayDeque.kt:65
-	fun	copyElements	-	0	private fun copyElements(newCapacity: Int) {	commonMain/kotlin/collections/ArrayDeque.kt:72
-	val	newElements	-	0	val newElements = arrayOfNulls<Any?>(newCapacity)	commonMain/kotlin/collections/ArrayDeque.kt:73
-	fun	internalGet	-	0	private inline fun internalGet(internalIndex: Int): E {	commonMain/kotlin/collections/ArrayDeque.kt:81
-	fun	positiveMod	-	0	private fun positiveMod(index: Int): Int = if (index >= elementData.size) index - elementData.size else index	commonMain/kotlin/collections/ArrayDeque.kt:86
-	fun	negativeMod	-	0	private fun negativeMod(index: Int): Int = if (index < 0) index + elementData.size else index	commonMain/kotlin/collections/ArrayDeque.kt:88
-	fun	internalIndex	-	0	private inline fun internalIndex(index: Int): Int = positiveMod(head + index)	commonMain/kotlin/collections/ArrayDeque.kt:91
-	fun	incremented	-	0	private fun incremented(index: Int): Int = if (index == elementData.lastIndex) 0 else index + 1	commonMain/kotlin/collections/ArrayDeque.kt:93
-	fun	decremented	-	0	private fun decremented(index: Int): Int = if (index == 0) elementData.lastIndex else index - 1	commonMain/kotlin/collections/ArrayDeque.kt:95
-	fun	first	-	0	public fun first(): E = if (isEmpty()) throw NoSuchElementException("ArrayDeque is empty.") else internalGet(head)	commonMain/kotlin/collections/ArrayDeque.kt:102
-	fun	firstOrNull	-	0	public fun firstOrNull(): E? = if (isEmpty()) null else internalGet(head)	commonMain/kotlin/collections/ArrayDeque.kt:107
-	fun	last	-	0	public fun last(): E = if (isEmpty()) throw NoSuchElementException("ArrayDeque is empty.") else internalGet(internalIndex(lastIndex))	commonMain/kotlin/collections/ArrayDeque.kt:112
-	fun	lastOrNull	-	0	public fun lastOrNull(): E? = if (isEmpty()) null else internalGet(internalIndex(lastIndex))	commonMain/kotlin/collections/ArrayDeque.kt:117
-	fun	addFirst	-	0	public fun addFirst(element: E) {	commonMain/kotlin/collections/ArrayDeque.kt:122
-	fun	addLast	-	0	public fun addLast(element: E) {	commonMain/kotlin/collections/ArrayDeque.kt:134
-	fun	removeFirst	-	0	public fun removeFirst(): E {	commonMain/kotlin/collections/ArrayDeque.kt:145
-	val	element	-	0	val element = internalGet(head)	commonMain/kotlin/collections/ArrayDeque.kt:149
-	fun	removeFirstOrNull	-	0	public fun removeFirstOrNull(): E? = if (isEmpty()) null else removeFirst()	commonMain/kotlin/collections/ArrayDeque.kt:159
-	fun	removeLast	-	0	public fun removeLast(): E {	commonMain/kotlin/collections/ArrayDeque.kt:164
-	val	internalLastIndex	-	0	val internalLastIndex = internalIndex(lastIndex)	commonMain/kotlin/collections/ArrayDeque.kt:168
-	val	element	-	0	val element = internalGet(internalLastIndex)	commonMain/kotlin/collections/ArrayDeque.kt:169
-	fun	removeLastOrNull	-	0	public fun removeLastOrNull(): E? = if (isEmpty()) null else removeLast()	commonMain/kotlin/collections/ArrayDeque.kt:178
-	val	internalIndex	-	0	val internalIndex = internalIndex(index)	commonMain/kotlin/collections/ArrayDeque.kt:225
-	val	decrementedInternalIndex	-	0	val decrementedInternalIndex = decremented(internalIndex)	commonMain/kotlin/collections/ArrayDeque.kt:229
-	val	decrementedHead	-	0	val decrementedHead = decremented(head)	commonMain/kotlin/collections/ArrayDeque.kt:230
-	val	tail	-	0	val tail = internalIndex(size)	commonMain/kotlin/collections/ArrayDeque.kt:245
-	fun	copyCollectionElements	-	1	private fun copyCollectionElements(internalIndex: Int, elements: Collection<E>) {	commonMain/kotlin/collections/ArrayDeque.kt:260
-	val	iterator	-	0	val iterator = elements.iterator()	commonMain/kotlin/collections/ArrayDeque.kt:261
-	val	tail	-	0	val tail = internalIndex(size)	commonMain/kotlin/collections/ArrayDeque.kt:296
-	val	internalIndex	-	0	val internalIndex = internalIndex(index)	commonMain/kotlin/collections/ArrayDeque.kt:297
-	val	elementsSize	-	0	val elementsSize = elements.size	commonMain/kotlin/collections/ArrayDeque.kt:298
-	var	shiftedHead	-	0	var shiftedHead = head - elementsSize	commonMain/kotlin/collections/ArrayDeque.kt:303
-	val	elementsToShift	-	0	val elementsToShift = internalIndex - head	commonMain/kotlin/collections/ArrayDeque.kt:310
-	val	shiftToBack	-	0	val shiftToBack = elementData.size - shiftedHead	commonMain/kotlin/collections/ArrayDeque.kt:311
-	val	shiftedInternalIndex	-	0	val shiftedInternalIndex = internalIndex + elementsSize	commonMain/kotlin/collections/ArrayDeque.kt:334
-	val	shiftToFront	-	0	val shiftToFront = tail + elementsSize - elementData.size	commonMain/kotlin/collections/ArrayDeque.kt:343
-	val	internalIndex	-	0	val internalIndex = internalIndex(index)	commonMain/kotlin/collections/ArrayDeque.kt:372
-	val	oldElement	-	0	val oldElement = internalGet(internalIndex)	commonMain/kotlin/collections/ArrayDeque.kt:373
-	val	tail	-	0	val tail = internalIndex(size)	commonMain/kotlin/collections/ArrayDeque.kt:382
-	val	tail	-	0	val tail = internalIndex(size)	commonMain/kotlin/collections/ArrayDeque.kt:401
-	val	index	-	0	val index = indexOf(element)	commonMain/kotlin/collections/ArrayDeque.kt:420
-	val	internalIndex	-	0	val internalIndex = internalIndex(index)	commonMain/kotlin/collections/ArrayDeque.kt:437
-	val	element	-	0	val element = internalGet(internalIndex)	commonMain/kotlin/collections/ArrayDeque.kt:438
-	val	internalLastIndex	-	0	val internalLastIndex = internalIndex(lastIndex)	commonMain/kotlin/collections/ArrayDeque.kt:454
-	fun	filterInPlace	-	0	private inline fun filterInPlace(predicate: (E) -> Boolean): Boolean {	commonMain/kotlin/collections/ArrayDeque.kt:475
-	val	tail	-	0	val tail = internalIndex(size)	commonMain/kotlin/collections/ArrayDeque.kt:479
-	var	newTail	-	0	var newTail = head	commonMain/kotlin/collections/ArrayDeque.kt:480
-	var	modified	-	0	var modified = false	commonMain/kotlin/collections/ArrayDeque.kt:481
-	val	element	-	0	val element = elementData[index]	commonMain/kotlin/collections/ArrayDeque.kt:485
-	val	element	-	0	val element = elementData[index]	commonMain/kotlin/collections/ArrayDeque.kt:498
-	val	element	-	0	val element = elementData[index]	commonMain/kotlin/collections/ArrayDeque.kt:511
-	val	tail	-	0	val tail = internalIndex(size)	commonMain/kotlin/collections/ArrayDeque.kt:535
-	val	dest	-	1	val dest = (if (array.size >= size) array else arrayOfNulls(array, size)) as Array<Any?>	commonMain/kotlin/collections/ArrayDeque.kt:545
-	val	tail	-	0	val tail = internalIndex(size)	commonMain/kotlin/collections/ArrayDeque.kt:547
-	val	length	-	0	val length = toIndex - fromIndex	commonMain/kotlin/collections/ArrayDeque.kt:567
-	val	newHead	-	0	val newHead = positiveMod(head + length)	commonMain/kotlin/collections/ArrayDeque.kt:586
-	val	tail	-	0	val tail = internalIndex(size)	commonMain/kotlin/collections/ArrayDeque.kt:593
-	fun	removeRangeShiftPreceding	-	1	private fun removeRangeShiftPreceding(fromIndex: Int, toIndex: Int) {	commonMain/kotlin/collections/ArrayDeque.kt:600
-	var	copyFromIndex	-	0	var copyFromIndex = internalIndex(fromIndex - 1)	commonMain/kotlin/collections/ArrayDeque.kt:601
-	var	copyToIndex	-	0	var copyToIndex = internalIndex(toIndex - 1)	commonMain/kotlin/collections/ArrayDeque.kt:602
-	var	copyCount	-	0	var copyCount = fromIndex	commonMain/kotlin/collections/ArrayDeque.kt:603
-	val	segmentLength	-	2	val segmentLength = minOf(copyCount, copyFromIndex + 1, copyToIndex + 1)	commonMain/kotlin/collections/ArrayDeque.kt:606
-	fun	removeRangeShiftSucceeding	-	1	private fun removeRangeShiftSucceeding(fromIndex: Int, toIndex: Int) {	commonMain/kotlin/collections/ArrayDeque.kt:615
-	var	copyFromIndex	-	0	var copyFromIndex = internalIndex(toIndex)	commonMain/kotlin/collections/ArrayDeque.kt:616
-	var	copyToIndex	-	0	var copyToIndex = internalIndex(fromIndex)	commonMain/kotlin/collections/ArrayDeque.kt:617
-	var	copyCount	-	0	var copyCount = size - toIndex	commonMain/kotlin/collections/ArrayDeque.kt:618
-	val	segmentLength	-	2	val segmentLength = minOf(copyCount, elementData.size - copyFromIndex, elementData.size - copyToIndex)	commonMain/kotlin/collections/ArrayDeque.kt:621
-	fun	nullifyNonEmpty	-	1	private fun nullifyNonEmpty(internalFromIndex: Int, internalToIndex: Int) {	commonMain/kotlin/collections/ArrayDeque.kt:631
-	fun	registerModification	-	0	private fun registerModification() {	commonMain/kotlin/collections/ArrayDeque.kt:640
-	fun	testToArray	-	0	internal fun <T> testToArray(array: Array<T>): Array<T> = toArray(array)	commonMain/kotlin/collections/ArrayDeque.kt:645
-	fun	testToArray	-	0	internal fun testToArray(): Array<Any?> = toArray()	commonMain/kotlin/collections/ArrayDeque.kt:646
-	fun	testRemoveRange	-	2	internal fun testRemoveRange(fromIndex: Int, toIndex: Int) = removeRange(fromIndex, toIndex)	commonMain/kotlin/collections/ArrayDeque.kt:647
-	val	emptyElementData	-	0	private val emptyElementData = emptyArray<Any?>()	commonMain/kotlin/collections/ArrayDeque.kt:650
-	val	defaultMinCapacity	-	0	private const val defaultMinCapacity = 10	commonMain/kotlin/collections/ArrayDeque.kt:651
-	fun	internalStructure	-	1	internal fun internalStructure(structure: (head: Int, elements: Array<Any?>) -> Unit) {	commonMain/kotlin/collections/ArrayDeque.kt:655
-	val	tail	-	0	val tail = internalIndex(size)	commonMain/kotlin/collections/ArrayDeque.kt:656
-	val	head	-	0	val head = if (isEmpty() || head < tail) head else head - elementData.size	commonMain/kotlin/collections/ArrayDeque.kt:657
-	class	ArrayList	-	1	public expect class ArrayList<E> : MutableList<E>, RandomAccess {	commonMain/kotlin/collections/ArrayList.kt:8
-	fun	trimToSize	-	0	public fun trimToSize()	commonMain/kotlin/collections/ArrayList.kt:36
-	fun	ensureCapacity	-	0	public fun ensureCapacity(minCapacity: Int)	commonMain/kotlin/collections/ArrayList.kt:37
-	fun	flatten	-	0	public fun <T> Array<out Array<out T>>.flatten(): List<T> {	commonMain/kotlin/collections/Arrays.kt:19
-	val	result	-	0	val result = ArrayList<T>(sumOf { it.size })	commonMain/kotlin/collections/Arrays.kt:20
-	fun	unzip	-	3	public fun <T, R> Array<out Pair<T, R>>.unzip(): Pair<List<T>, List<R>> {	commonMain/kotlin/collections/Arrays.kt:33
-	val	listT	-	0	val listT = ArrayList<T>(size)	commonMain/kotlin/collections/Arrays.kt:34
-	val	listR	-	0	val listR = ArrayList<R>(size)	commonMain/kotlin/collections/Arrays.kt:35
1.3	fun	isNullOrEmpty	-	0	public inline fun Array<*>?.isNullOrEmpty(): Boolean {	commonMain/kotlin/collections/Arrays.kt:49
1.3	fun	ifEmpty	C	2	public inline fun <C, R> C.ifEmpty(defaultValue: () -> R): R where C : Array<*>, C : R {	commonMain/kotlin/collections/Arrays.kt:66
1.3	fun	contentDeepEqualsImpl	-	0	internal fun <T> Array<out T>?.contentDeepEqualsImpl(other: Array<out T>?): Boolean {	commonMain/kotlin/collections/Arrays.kt:79
-	val	v1	-	0	val v1 = this[i]	commonMain/kotlin/collections/Arrays.kt:84
-	val	v2	-	0	val v2 = other[i]	commonMain/kotlin/collections/Arrays.kt:85
1.3	fun	contentDeepToStringImpl	-	0	internal fun <T> Array<out T>?.contentDeepToStringImpl(): String {	commonMain/kotlin/collections/Arrays.kt:120
-	val	length	-	0	val length = size.coerceAtMost((Int.MAX_VALUE - 2) / 5) * 5 + 2	commonMain/kotlin/collections/Arrays.kt:122
-	fun	contentDeepToStringInternal	-	1	private fun <T> Array<out T>.contentDeepToStringInternal(result: StringBuilder, processed: MutableList<Array<*>>) {	commonMain/kotlin/collections/Arrays.kt:129
-	val	element	-	0	val element = this[i]	commonMain/kotlin/collections/Arrays.kt:141
-	object	EmptyIterator	-	0	internal object EmptyIterator : ListIterator<Nothing> {	commonMain/kotlin/collections/Collections.kt:16
-	object	EmptyList	-	2	internal object EmptyList : List<Nothing>, Serializable, RandomAccess {	commonMain/kotlin/collections/Collections.kt:25
-	val	Long	-	0	private const val serialVersionUID: Long = -7390468764508069838L	commonMain/kotlin/collections/Collections.kt:26
-	fun	readResolve	-	0	private fun readResolve(): Any = EmptyList	commonMain/kotlin/collections/Collections.kt:53
-	fun	asArrayList	-	0	internal expect inline fun <T> Array<out T>.asArrayList(): ArrayList<T>	commonMain/kotlin/collections/Collections.kt:57
-	fun	asCollection	-	1	internal fun <T> Array<out T>.asCollection(isVarargs: Boolean = false): Collection<T> = ArrayAsCollection(this, isVarargs = isVarargs)	commonMain/kotlin/collections/Collections.kt:59
-	class	ArrayAsCollection	-	1	private class ArrayAsCollection<T>(val values: Array<out T>, val isVarargs: Boolean) : Collection<T> {	commonMain/kotlin/collections/Collections.kt:61
-	fun	toArray	-	0	public fun toArray(): Array<out Any?> = values.copyToArrayOfAny(isVarargs)	commonMain/kotlin/collections/Collections.kt:68
-	fun	emptyList	-	0	public fun <T> emptyList(): List<T> = EmptyList	commonMain/kotlin/collections/Collections.kt:75
-	fun	listOf	-	0	public fun <T> listOf(vararg elements: T): List<T> = if (elements.size > 0) elements.asList() else emptyList()	commonMain/kotlin/collections/Collections.kt:81
1.9	fun	listOf	-	0	public expect fun <T> listOf(element: T): List<T>	commonMain/kotlin/collections/Collections.kt:91
-	fun	listOf	-	0	public inline fun <T> listOf(): List<T> = emptyList()	commonMain/kotlin/collections/Collections.kt:98
1.1	fun	mutableListOf	-	0	public inline fun <T> mutableListOf(): MutableList<T> = ArrayList()	commonMain/kotlin/collections/Collections.kt:106
1.1	fun	arrayListOf	-	0	public inline fun <T> arrayListOf(): ArrayList<T> = ArrayList()	commonMain/kotlin/collections/Collections.kt:114
-	fun	mutableListOf	-	0	public fun <T> mutableListOf(vararg elements: T): MutableList<T> =	commonMain/kotlin/collections/Collections.kt:120
-	fun	arrayListOf	-	0	public fun <T> arrayListOf(vararg elements: T): ArrayList<T> =	commonMain/kotlin/collections/Collections.kt:127
-	fun	listOfNotNull	-	0	public fun <T : Any> listOfNotNull(element: T?): List<T> = if (element != null) listOf(element) else emptyList()	commonMain/kotlin/collections/Collections.kt:134
-	fun	listOfNotNull	-	0	public fun <T : Any> listOfNotNull(vararg elements: T?): List<T> = elements.filterNotNull()	commonMain/kotlin/collections/Collections.kt:140
1.1	fun	List	-	2	public inline fun <T> List(size: Int, init: (index: Int) -> T): List<T> = MutableList(size, init)	commonMain/kotlin/collections/Collections.kt:153
1.1	fun	MutableList	-	1	public inline fun <T> MutableList(size: Int, init: (index: Int) -> T): MutableList<T> {	commonMain/kotlin/collections/Collections.kt:166
-	val	list	-	0	val list = ArrayList<T>(size)	commonMain/kotlin/collections/Collections.kt:167
1.6	fun	buildList	-	0	public inline fun <E> buildList(@BuilderInference builderAction: MutableList<E>.() -> Unit): List<E> {	commonMain/kotlin/collections/Collections.kt:186
1.3	fun	buildListInternal	-	0	internal expect inline fun <E> buildListInternal(builderAction: MutableList<E>.() -> Unit): List<E>	commonMain/kotlin/collections/Collections.kt:194
1.6	fun	buildList	-	1	public inline fun <E> buildList(capacity: Int, @BuilderInference builderAction: MutableList<E>.() -> Unit): List<E> {	commonMain/kotlin/collections/Collections.kt:214
1.3	fun	buildListInternal	-	1	internal expect inline fun <E> buildListInternal(capacity: Int, builderAction: MutableList<E>.() -> Unit): List<E>	commonMain/kotlin/collections/Collections.kt:222
-	val	IntRange	-	0	public val Collection<*>.indices: IntRange	commonMain/kotlin/collections/Collections.kt:228
-	val	Int	-	0	public val <T> List<T>.lastIndex: Int	commonMain/kotlin/collections/Collections.kt:236
-	fun	isNotEmpty	-	0	public inline fun <T> Collection<T>.isNotEmpty(): Boolean = !isEmpty()	commonMain/kotlin/collections/Collections.kt:244
1.3	fun	isNullOrEmpty	-	0	public inline fun <T> Collection<T>?.isNullOrEmpty(): Boolean {	commonMain/kotlin/collections/Collections.kt:252
-	fun	orEmpty	-	0	public inline fun <T> Collection<T>?.orEmpty(): Collection<T> = this ?: emptyList()	commonMain/kotlin/collections/Collections.kt:265
-	fun	orEmpty	-	0	public inline fun <T> List<T>?.orEmpty(): List<T> = this ?: emptyList()	commonMain/kotlin/collections/Collections.kt:272
1.3	fun	ifEmpty	C	2	public inline fun <C, R> C.ifEmpty(defaultValue: () -> R): R where C : Collection<*>, C : R {	commonMain/kotlin/collections/Collections.kt:282
-	fun	containsAll	-	0	public inline fun <@kotlin.internal.OnlyInputTypes T> Collection<T>.containsAll(elements: Collection<T>): Boolean = this.containsAll(elements)	commonMain/kotlin/collections/Collections.kt:298
1.3	fun	shuffled	-	0	public fun <T> Iterable<T>.shuffled(random: Random): List<T> = toMutableList().apply { shuffle(random) }	commonMain/kotlin/collections/Collections.kt:306
-	fun	optimizeReadOnlyList	-	0	internal fun <T> List<T>.optimizeReadOnlyList() = when (size) {	commonMain/kotlin/collections/Collections.kt:309
-	fun	binarySearch	-	2	public fun <T : Comparable<T>> List<T?>.binarySearch(element: T?, fromIndex: Int = 0, toIndex: Int = size): Int {	commonMain/kotlin/collections/Collections.kt:331
-	var	low	-	0	var low = fromIndex	commonMain/kotlin/collections/Collections.kt:334
-	var	high	-	0	var high = toIndex - 1	commonMain/kotlin/collections/Collections.kt:335
-	val	mid	-	0	val mid = (low + high).ushr(1)	commonMain/kotlin/collections/Collections.kt:338
-	val	midVal	-	0	val midVal = get(mid)	commonMain/kotlin/collections/Collections.kt:339
-	val	cmp	-	1	val cmp = compareValues(midVal, element)	commonMain/kotlin/collections/Collections.kt:340
-	fun	binarySearch	-	3	public fun <T> List<T>.binarySearch(element: T, comparator: Comparator<in T>, fromIndex: Int = 0, toIndex: Int = size): Int {	commonMain/kotlin/collections/Collections.kt:367
-	var	low	-	0	var low = fromIndex	commonMain/kotlin/collections/Collections.kt:370
-	var	high	-	0	var high = toIndex - 1	commonMain/kotlin/collections/Collections.kt:371
-	val	mid	-	0	val mid = (low + high).ushr(1)	commonMain/kotlin/collections/Collections.kt:374
-	val	midVal	-	0	val midVal = get(mid)	commonMain/kotlin/collections/Collections.kt:375
-	val	cmp	-	1	val cmp = comparator.compare(midVal, element)	commonMain/kotlin/collections/Collections.kt:376
-	fun	binarySearchBy	-	1	public inline fun <T, K : Comparable<K>> List<T>.binarySearchBy(	commonMain/kotlin/collections/Collections.kt:404
-	fun	binarySearch	-	2	public fun <T> List<T>.binarySearch(fromIndex: Int = 0, toIndex: Int = size, comparison: (T) -> Int): Int {	commonMain/kotlin/collections/Collections.kt:436
-	var	low	-	0	var low = fromIndex	commonMain/kotlin/collections/Collections.kt:439
-	var	high	-	0	var high = toIndex - 1	commonMain/kotlin/collections/Collections.kt:440
-	val	mid	-	0	val mid = (low + high).ushr(1)	commonMain/kotlin/collections/Collections.kt:443
-	val	midVal	-	0	val midVal = get(mid)	commonMain/kotlin/collections/Collections.kt:444
-	val	cmp	-	0	val cmp = comparison(midVal)	commonMain/kotlin/collections/Collections.kt:445
-	fun	rangeCheck	-	2	private fun rangeCheck(size: Int, fromIndex: Int, toIndex: Int) {	commonMain/kotlin/collections/Collections.kt:461
1.3	fun	checkIndexOverflow	-	0	internal expect fun checkIndexOverflow(index: Int): Int	commonMain/kotlin/collections/Collections.kt:472
1.3	fun	checkCountOverflow	-	0	internal expect fun checkCountOverflow(count: Int): Int	commonMain/kotlin/collections/Collections.kt:476
1.3	fun	throwIndexOverflow	-	0	internal fun throwIndexOverflow() { throw ArithmeticException("Index overflow has happened.") }	commonMain/kotlin/collections/Collections.kt:481
1.3	fun	throwCountOverflow	-	0	internal fun throwCountOverflow() { throw ArithmeticException("Count overflow has happened.") }	commonMain/kotlin/collections/Collections.kt:485
-	fun	collectionToArrayCommonImpl	-	0	internal fun collectionToArrayCommonImpl(collection: Collection<*>): Array<Any?> {	commonMain/kotlin/collections/Collections.kt:488
-	val	destination	-	0	val destination = arrayOfNulls<Any>(collection.size)	commonMain/kotlin/collections/Collections.kt:491
-	val	iterator	-	0	val iterator = collection.iterator()	commonMain/kotlin/collections/Collections.kt:493
-	var	index	-	0	var index = 0	commonMain/kotlin/collections/Collections.kt:494
-	fun	collectionToArrayCommonImpl	-	1	internal fun <T> collectionToArrayCommonImpl(collection: Collection<*>, array: Array<T>): Array<T> {	commonMain/kotlin/collections/Collections.kt:502
-	val	destination	-	0	val destination = if (array.size < collection.size) {	commonMain/kotlin/collections/Collections.kt:505
-	val	iterator	-	0	val iterator = collection.iterator()	commonMain/kotlin/collections/Collections.kt:511
-	var	index	-	0	var index = 0	commonMain/kotlin/collections/Collections.kt:512
-	fun	terminateCollectionToArray	-	1	internal expect fun <T> terminateCollectionToArray(collectionSize: Int, array: Array<T>): Array<T>	commonMain/kotlin/collections/Collections.kt:526
-	interface	RandomAccess	-	0	public expect interface RandomAccess	commonMain/kotlin/collections/CollectionsH.kt:11
-	fun	orEmpty	-	0	public expect inline fun <reified T> Array<out T>?.orEmpty(): Array<out T>	commonMain/kotlin/collections/CollectionsH.kt:17
-	fun	toTypedArray	-	0	public expect inline fun <reified T> Collection<T>.toTypedArray(): Array<T>	commonMain/kotlin/collections/CollectionsH.kt:26
1.2	fun	fill	-	0	public expect fun <T> MutableList<T>.fill(value: T): Unit	commonMain/kotlin/collections/CollectionsH.kt:34
1.2	fun	shuffle	-	0	public expect fun <T> MutableList<T>.shuffle(): Unit	commonMain/kotlin/collections/CollectionsH.kt:42
1.2	fun	shuffled	-	0	public expect fun <T> Iterable<T>.shuffled(): List<T>	commonMain/kotlin/collections/CollectionsH.kt:48
-	fun	sort	-	0	public expect fun <T : Comparable<T>> MutableList<T>.sort(): Unit	commonMain/kotlin/collections/CollectionsH.kt:57
-	fun	sortWith	-	0	public expect fun <T> MutableList<T>.sortWith(comparator: Comparator<in T>): Unit	commonMain/kotlin/collections/CollectionsH.kt:67
1.1	fun	eachCount	-	3	public expect fun <T, K> Grouping<T, K>.eachCount(): Map<K, Int>	commonMain/kotlin/collections/CollectionsH.kt:79
-	fun	collectionToArray	-	0	internal expect fun collectionToArray(collection: Collection<*>): Array<Any?>	commonMain/kotlin/collections/CollectionsH.kt:82
-	fun	collectionToArray	-	1	internal expect fun <T> collectionToArray(collection: Collection<*>, array: Array<T>): Array<T>	commonMain/kotlin/collections/CollectionsH.kt:84
-	fun	arrayOfNulls	-	1	internal expect fun <T> arrayOfNulls(reference: Array<T>, size: Int): Array<T>	commonMain/kotlin/collections/CollectionsH.kt:86
-	fun	toSingletonMapOrSelf	-	3	internal expect fun <K, V> Map<K, V>.toSingletonMapOrSelf(): Map<K, V>	commonMain/kotlin/collections/CollectionsH.kt:87
-	fun	toSingletonMap	-	3	internal expect fun <K, V> Map<out K, V>.toSingletonMap(): Map<K, V>	commonMain/kotlin/collections/CollectionsH.kt:88
-	fun	copyToArrayOfAny	-	0	internal expect fun <T> Array<out T>.copyToArrayOfAny(isVarargs: Boolean): Array<out Any?>	commonMain/kotlin/collections/CollectionsH.kt:89
1.1	interface	Grouping	-	1	public interface Grouping<T, out K> {	commonMain/kotlin/collections/Grouping.kt:27
-	fun	sourceIterator	-	0	public fun sourceIterator(): Iterator<T>	commonMain/kotlin/collections/Grouping.kt:29
-	fun	keyOf	-	0	public fun keyOf(element: T): K	commonMain/kotlin/collections/Grouping.kt:31
1.1	fun	aggregate	-	3	public inline fun <T, K, R> Grouping<T, K>.aggregate(	commonMain/kotlin/collections/Grouping.kt:50
1.1	fun	aggregateTo	-	5	public inline fun <T, K, R, M : MutableMap<in K, R>> Grouping<T, K>.aggregateTo(	commonMain/kotlin/collections/Grouping.kt:76
-	val	key	-	0	val key = keyOf(e)	commonMain/kotlin/collections/Grouping.kt:81
-	val	accumulator	-	0	val accumulator = destination[key]	commonMain/kotlin/collections/Grouping.kt:82
1.1	fun	fold	-	3	public inline fun <T, K, R> Grouping<T, K>.fold(	commonMain/kotlin/collections/Grouping.kt:107
1.1	fun	foldTo	-	5	public inline fun <T, K, R, M : MutableMap<in K, R>> Grouping<T, K>.foldTo(	commonMain/kotlin/collections/Grouping.kt:137
1.1	fun	fold	-	3	public inline fun <T, K, R> Grouping<T, K>.fold(	commonMain/kotlin/collections/Grouping.kt:159
1.1	fun	foldTo	-	5	public inline fun <T, K, R, M : MutableMap<in K, R>> Grouping<T, K>.foldTo(	commonMain/kotlin/collections/Grouping.kt:183
1.1	fun	reduce	-	3	public inline fun <S, T : S, K> Grouping<T, K>.reduce(	commonMain/kotlin/collections/Grouping.kt:208
1.1	fun	reduceTo	-	5	public inline fun <S, T : S, K, M : MutableMap<in K, S>> Grouping<T, K>.reduceTo(	commonMain/kotlin/collections/Grouping.kt:235
1.1	fun	eachCountTo	-	4	public fun <T, K, M : MutableMap<in K, Int>> Grouping<T, K>.eachCountTo(destination: M): M =	commonMain/kotlin/collections/Grouping.kt:256
1.1	fun	eachSumOfTo	-	5	public inline fun <T, K, M : MutableMap<in K, Int>> Grouping<T, K>.eachSumOfTo(destination: M, valueSelector: (T) -> Int): M =	commonMain/kotlin/collections/Grouping.kt:271
-	class	HashMap	-	2	public expect class HashMap<K, V> : MutableMap<K, V> {	commonMain/kotlin/collections/HashMap.kt:8
-	class	HashSet	-	0	public expect class HashSet<E> : MutableSet<E> {	commonMain/kotlin/collections/HashSet.kt:8
-	class	IndexedValue	-	1	public data class IndexedValue<out T>(public val index: Int, public val value: T)	commonMain/kotlin/collections/IndexedValue.kt:14
-	fun	Iterable	-	0	public inline fun <T> Iterable(crossinline iterator: () -> Iterator<T>): Iterable<T> = object : Iterable<T> {	commonMain/kotlin/collections/Iterables.kt:16
-	class	IndexingIterable	-	0	internal class IndexingIterable<out T>(private val iteratorFactory: () -> Iterator<T>) : Iterable<IndexedValue<T>> {	commonMain/kotlin/collections/Iterables.kt:24
-	fun	collectionSizeOrNull	-	0	internal fun <T> Iterable<T>.collectionSizeOrNull(): Int? = if (this is Collection<*>) this.size else null	commonMain/kotlin/collections/Iterables.kt:33
-	fun	collectionSizeOrDefault	-	0	internal fun <T> Iterable<T>.collectionSizeOrDefault(default: Int): Int = if (this is Collection<*>) this.size else default	commonMain/kotlin/collections/Iterables.kt:39
-	fun	flatten	-	0	public fun <T> Iterable<Iterable<T>>.flatten(): List<T> {	commonMain/kotlin/collections/Iterables.kt:46
-	val	result	-	0	val result = ArrayList<T>()	commonMain/kotlin/collections/Iterables.kt:47
-	fun	unzip	-	3	public fun <T, R> Iterable<Pair<T, R>>.unzip(): Pair<List<T>, List<R>> {	commonMain/kotlin/collections/Iterables.kt:60
-	val	expectedSize	-	0	val expectedSize = collectionSizeOrDefault(10)	commonMain/kotlin/collections/Iterables.kt:61
-	val	listT	-	0	val listT = ArrayList<T>(expectedSize)	commonMain/kotlin/collections/Iterables.kt:62
-	val	listR	-	0	val listR = ArrayList<R>(expectedSize)	commonMain/kotlin/collections/Iterables.kt:63
-	fun	iterator	-	0	public inline operator fun <T> Iterator<T>.iterator(): Iterator<T> = this	commonMain/kotlin/collections/Iterators.kt:17
-	fun	withIndex	-	0	public fun <T> Iterator<T>.withIndex(): Iterator<IndexedValue<T>> = IndexingIterator(this)	commonMain/kotlin/collections/Iterators.kt:25
-	fun	forEach	-	0	public inline fun <T> Iterator<T>.forEach(operation: (T) -> Unit): Unit {	commonMain/kotlin/collections/Iterators.kt:31
-	class	IndexingIterator	-	0	internal class IndexingIterator<out T>(private val iterator: Iterator<T>) : Iterator<IndexedValue<T>> {	commonMain/kotlin/collections/Iterators.kt:38
-	var	index	-	0	private var index = 0	commonMain/kotlin/collections/Iterators.kt:39
-	class	LinkedHashMap	-	2	public expect class LinkedHashMap<K, V> : MutableMap<K, V> {	commonMain/kotlin/collections/LinkedHashMap.kt:8
-	class	LinkedHashSet	-	0	public expect class LinkedHashSet<E> : MutableSet<E> {	commonMain/kotlin/collections/LinkedHashSet.kt:8
-	fun	getValue	-	3	public inline operator fun <V, V1 : V> Map<in String, @Exact V>.getValue(thisRef: Any?, property: KProperty<*>): V1 =	commonMain/kotlin/collections/MapAccessors.kt:22
-	fun	getValue	-	3	public inline operator fun <V, V1 : V> MutableMap<in String, out @Exact V>.getValue(thisRef: Any?, property: KProperty<*>): V1 =	commonMain/kotlin/collections/MapAccessors.kt:35
-	fun	setValue	-	3	public inline operator fun <V> MutableMap<in String, in V>.setValue(thisRef: Any?, property: KProperty<*>, value: V) {	commonMain/kotlin/collections/MapAccessors.kt:45
-	object	EmptyMap	-	2	private object EmptyMap : Map<Any?, Nothing>, Serializable {	commonMain/kotlin/collections/Maps.kt:14
-	val	Long	-	0	private const val serialVersionUID: Long = 8246714829545688274	commonMain/kotlin/collections/Maps.kt:15
-	fun	readResolve	-	0	private fun readResolve(): Any = EmptyMap	commonMain/kotlin/collections/Maps.kt:31
-	fun	emptyMap	-	3	public fun <K, V> emptyMap(): Map<K, V> = @Suppress("UNCHECKED_CAST") (EmptyMap as Map<K, V>)	commonMain/kotlin/collections/Maps.kt:40
-	fun	mapOf	-	3	public fun <K, V> mapOf(vararg pairs: Pair<K, V>): Map<K, V> =	commonMain/kotlin/collections/Maps.kt:54
1.9	fun	mapOf	-	3	public expect fun <K, V> mapOf(pair: Pair<K, V>): Map<K, V>	commonMain/kotlin/collections/Maps.kt:66
-	fun	mapOf	-	2	public inline fun <K, V> mapOf(): Map<K, V> = emptyMap()	commonMain/kotlin/collections/Maps.kt:75
1.1	fun	mutableMapOf	-	2	public inline fun <K, V> mutableMapOf(): MutableMap<K, V> = LinkedHashMap()	commonMain/kotlin/collections/Maps.kt:85
-	fun	mutableMapOf	-	3	public fun <K, V> mutableMapOf(vararg pairs: Pair<K, V>): MutableMap<K, V> =	commonMain/kotlin/collections/Maps.kt:98
1.1	fun	hashMapOf	-	3	public inline fun <K, V> hashMapOf(): HashMap<K, V> = HashMap<K, V>()	commonMain/kotlin/collections/Maps.kt:108
-	fun	hashMapOf	-	4	public fun <K, V> hashMapOf(vararg pairs: Pair<K, V>): HashMap<K, V> = HashMap<K, V>(mapCapacity(pairs.size)).apply { putAll(pairs) }	commonMain/kotlin/collections/Maps.kt:116
1.1	fun	linkedMapOf	-	3	public inline fun <K, V> linkedMapOf(): LinkedHashMap<K, V> = LinkedHashMap<K, V>()	commonMain/kotlin/collections/Maps.kt:123
-	fun	linkedMapOf	-	3	public fun <K, V> linkedMapOf(vararg pairs: Pair<K, V>): LinkedHashMap<K, V> = pairs.toMap(LinkedHashMap(mapCapacity(pairs.size)))	commonMain/kotlin/collections/Maps.kt:135
1.6	fun	buildMap	-	3	public inline fun <K, V> buildMap(@BuilderInference builderAction: MutableMap<K, V>.() -> Unit): Map<K, V> {	commonMain/kotlin/collections/Maps.kt:153
1.3	fun	buildMapInternal	-	3	internal expect inline fun <K, V> buildMapInternal(builderAction: MutableMap<K, V>.() -> Unit): Map<K, V>	commonMain/kotlin/collections/Maps.kt:161
1.6	fun	buildMap	-	4	public inline fun <K, V> buildMap(capacity: Int, @BuilderInference builderAction: MutableMap<K, V>.() -> Unit): Map<K, V> {	commonMain/kotlin/collections/Maps.kt:183
1.3	fun	buildMapInternal	-	4	internal expect inline fun <K, V> buildMapInternal(capacity: Int, builderAction: MutableMap<K, V>.() -> Unit): Map<K, V>	commonMain/kotlin/collections/Maps.kt:191
-	fun	mapCapacity	-	0	internal expect fun mapCapacity(expectedSize: Int): Int	commonMain/kotlin/collections/Maps.kt:197
-	fun	isNotEmpty	-	2	public inline fun <K, V> Map<out K, V>.isNotEmpty(): Boolean = !isEmpty()	commonMain/kotlin/collections/Maps.kt:204
1.3	fun	isNullOrEmpty	-	2	public inline fun <K, V> Map<out K, V>?.isNullOrEmpty(): Boolean {	commonMain/kotlin/collections/Maps.kt:212
-	fun	orEmpty	-	3	public inline fun <K, V> Map<K, V>?.orEmpty(): Map<K, V> = this ?: emptyMap()	commonMain/kotlin/collections/Maps.kt:226
1.3	fun	ifEmpty	M	3	public inline fun <M, R> M.ifEmpty(defaultValue: () -> R): R where M : Map<*, *>, M : R {	commonMain/kotlin/collections/Maps.kt:236
-	fun	contains	-	2	public inline operator fun <@kotlin.internal.OnlyInputTypes K, V> Map<out K, V>.contains(key: K): Boolean = containsKey(key)	commonMain/kotlin/collections/Maps.kt:251
-	fun	get	-	2	public inline operator fun <@kotlin.internal.OnlyInputTypes K, V> Map<out K, V>.get(key: K): V? =	commonMain/kotlin/collections/Maps.kt:257
-	fun	set	-	3	public inline operator fun <K, V> MutableMap<K, V>.set(key: K, value: V): Unit {	commonMain/kotlin/collections/Maps.kt:264
-	fun	containsKey	-	1	public inline fun <@kotlin.internal.OnlyInputTypes K> Map<out K, *>.containsKey(key: K): Boolean =	commonMain/kotlin/collections/Maps.kt:274
-	fun	containsValue	-	2	public inline fun <K, @kotlin.internal.OnlyInputTypes V> Map<K, V>.containsValue(value: V): Boolean = this.containsValue(value)	commonMain/kotlin/collections/Maps.kt:286
-	fun	remove	-	2	public inline fun <@kotlin.internal.OnlyInputTypes K, V> MutableMap<out K, V>.remove(key: K): V? =	commonMain/kotlin/collections/Maps.kt:297
-	fun	component1	-	2	public inline operator fun <K, V> Map.Entry<K, V>.component1(): K = key	commonMain/kotlin/collections/Maps.kt:311
-	fun	component2	-	2	public inline operator fun <K, V> Map.Entry<K, V>.component2(): V = value	commonMain/kotlin/collections/Maps.kt:324
-	fun	toPair	-	4	public inline fun <K, V> Map.Entry<K, V>.toPair(): Pair<K, V> = Pair(key, value)	commonMain/kotlin/collections/Maps.kt:330
-	fun	getOrElse	-	3	public inline fun <K, V> Map<K, V>.getOrElse(key: K, defaultValue: () -> V): V {	commonMain/kotlin/collections/Maps.kt:339
-	fun	getOrElseNullable	-	3	internal inline fun <K, V> Map<K, V>.getOrElseNullable(key: K, defaultValue: () -> V): V {	commonMain/kotlin/collections/Maps.kt:347
-	val	value	-	0	val value = get(key)	commonMain/kotlin/collections/Maps.kt:348
1.1	fun	getValue	-	2	public fun <K, V> Map<K, V>.getValue(key: K): V = getOrImplicitDefault(key)	commonMain/kotlin/collections/Maps.kt:370
-	fun	getOrPut	-	3	public inline fun <K, V> MutableMap<K, V>.getOrPut(key: K, defaultValue: () -> V): V {	commonMain/kotlin/collections/Maps.kt:381
-	val	value	-	0	val value = get(key)	commonMain/kotlin/collections/Maps.kt:382
-	val	answer	-	0	val answer = defaultValue()	commonMain/kotlin/collections/Maps.kt:384
-	fun	iterator	-	3	public inline operator fun <K, V> Map<out K, V>.iterator(): Iterator<Map.Entry<K, V>> = entries.iterator()	commonMain/kotlin/collections/Maps.kt:398
-	fun	iterator	-	3	public inline operator fun <K, V> MutableMap<K, V>.iterator(): MutableIterator<MutableMap.MutableEntry<K, V>> = entries.iterator()	commonMain/kotlin/collections/Maps.kt:406
-	fun	mapValuesTo	-	7	public inline fun <K, V, R, M : MutableMap<in K, in R>> Map<out K, V>.mapValuesTo(destination: M, transform: (Map.Entry<K, V>) -> R): M {	commonMain/kotlin/collections/Maps.kt:412
-	fun	mapKeysTo	-	7	public inline fun <K, V, R, M : MutableMap<in R, in V>> Map<out K, V>.mapKeysTo(destination: M, transform: (Map.Entry<K, V>) -> R): M {	commonMain/kotlin/collections/Maps.kt:423
-	fun	putAll	-	3	public fun <K, V> MutableMap<in K, in V>.putAll(pairs: Array<out Pair<K, V>>): Unit {	commonMain/kotlin/collections/Maps.kt:430
-	fun	putAll	-	3	public fun <K, V> MutableMap<in K, in V>.putAll(pairs: Iterable<Pair<K, V>>): Unit {	commonMain/kotlin/collections/Maps.kt:439
-	fun	putAll	-	3	public fun <K, V> MutableMap<in K, in V>.putAll(pairs: Sequence<Pair<K, V>>): Unit {	commonMain/kotlin/collections/Maps.kt:448
-	fun	mapValues	-	5	public inline fun <K, V, R> Map<out K, V>.mapValues(transform: (Map.Entry<K, V>) -> R): Map<K, R> {	commonMain/kotlin/collections/Maps.kt:462
-	fun	mapKeys	-	5	public inline fun <K, V, R> Map<out K, V>.mapKeys(transform: (Map.Entry<K, V>) -> R): Map<R, V> {	commonMain/kotlin/collections/Maps.kt:477
-	fun	filterKeys	-	3	public inline fun <K, V> Map<out K, V>.filterKeys(predicate: (K) -> Boolean): Map<K, V> {	commonMain/kotlin/collections/Maps.kt:487
-	val	result	-	1	val result = LinkedHashMap<K, V>()	commonMain/kotlin/collections/Maps.kt:488
-	fun	filterValues	-	3	public inline fun <K, V> Map<out K, V>.filterValues(predicate: (V) -> Boolean): Map<K, V> {	commonMain/kotlin/collections/Maps.kt:503
-	val	result	-	1	val result = LinkedHashMap<K, V>()	commonMain/kotlin/collections/Maps.kt:504
-	fun	filterTo	-	6	public inline fun <K, V, M : MutableMap<in K, in V>> Map<out K, V>.filterTo(destination: M, predicate: (Map.Entry<K, V>) -> Boolean): M {	commonMain/kotlin/collections/Maps.kt:520
-	fun	filter	-	4	public inline fun <K, V> Map<out K, V>.filter(predicate: (Map.Entry<K, V>) -> Boolean): Map<K, V> {	commonMain/kotlin/collections/Maps.kt:535
-	fun	filterNotTo	-	6	public inline fun <K, V, M : MutableMap<in K, in V>> Map<out K, V>.filterNotTo(destination: M, predicate: (Map.Entry<K, V>) -> Boolean): M {	commonMain/kotlin/collections/Maps.kt:545
-	fun	filterNot	-	4	public inline fun <K, V> Map<out K, V>.filterNot(predicate: (Map.Entry<K, V>) -> Boolean): Map<K, V> {	commonMain/kotlin/collections/Maps.kt:560
-	fun	toMap	-	3	public fun <K, V> Iterable<Pair<K, V>>.toMap(): Map<K, V> {	commonMain/kotlin/collections/Maps.kt:570
-	fun	toMap	-	4	public fun <K, V, M : MutableMap<in K, in V>> Iterable<Pair<K, V>>.toMap(destination: M): M =	commonMain/kotlin/collections/Maps.kt:584
-	fun	toMap	-	3	public fun <K, V> Array<out Pair<K, V>>.toMap(): Map<K, V> = when (size) {	commonMain/kotlin/collections/Maps.kt:593
-	fun	toMap	-	4	public fun <K, V, M : MutableMap<in K, in V>> Array<out Pair<K, V>>.toMap(destination: M): M =	commonMain/kotlin/collections/Maps.kt:602
-	fun	toMap	-	4	public fun <K, V> Sequence<Pair<K, V>>.toMap(): Map<K, V> = toMap(LinkedHashMap<K, V>()).optimizeReadOnlyMap()	commonMain/kotlin/collections/Maps.kt:611
-	fun	toMap	-	4	public fun <K, V, M : MutableMap<in K, in V>> Sequence<Pair<K, V>>.toMap(destination: M): M =	commonMain/kotlin/collections/Maps.kt:616
1.1	fun	toMap	-	3	public fun <K, V> Map<out K, V>.toMap(): Map<K, V> = when (size) {	commonMain/kotlin/collections/Maps.kt:625
1.1	fun	toMutableMap	-	3	public fun <K, V> Map<out K, V>.toMutableMap(): MutableMap<K, V> = LinkedHashMap(this)	commonMain/kotlin/collections/Maps.kt:637
1.1	fun	toMap	-	4	public fun <K, V, M : MutableMap<in K, in V>> Map<out K, V>.toMap(destination: M): M =	commonMain/kotlin/collections/Maps.kt:643
-	fun	plus	-	4	public operator fun <K, V> Map<out K, V>.plus(pair: Pair<K, V>): Map<K, V> =	commonMain/kotlin/collections/Maps.kt:652
-	fun	plus	-	4	public operator fun <K, V> Map<out K, V>.plus(pairs: Iterable<Pair<K, V>>): Map<K, V> =	commonMain/kotlin/collections/Maps.kt:661
-	fun	plus	-	4	public operator fun <K, V> Map<out K, V>.plus(pairs: Array<out Pair<K, V>>): Map<K, V> =	commonMain/kotlin/collections/Maps.kt:670
-	fun	plus	-	4	public operator fun <K, V> Map<out K, V>.plus(pairs: Sequence<Pair<K, V>>): Map<K, V> =	commonMain/kotlin/collections/Maps.kt:679
-	fun	plus	-	4	public operator fun <K, V> Map<out K, V>.plus(map: Map<out K, V>): Map<K, V> =	commonMain/kotlin/collections/Maps.kt:688
-	fun	plusAssign	-	3	public inline operator fun <K, V> MutableMap<in K, in V>.plusAssign(pair: Pair<K, V>) {	commonMain/kotlin/collections/Maps.kt:696
-	fun	plusAssign	-	3	public inline operator fun <K, V> MutableMap<in K, in V>.plusAssign(pairs: Iterable<Pair<K, V>>) {	commonMain/kotlin/collections/Maps.kt:704
-	fun	plusAssign	-	3	public inline operator fun <K, V> MutableMap<in K, in V>.plusAssign(pairs: Array<out Pair<K, V>>) {	commonMain/kotlin/collections/Maps.kt:712
-	fun	plusAssign	-	3	public inline operator fun <K, V> MutableMap<in K, in V>.plusAssign(pairs: Sequence<Pair<K, V>>) {	commonMain/kotlin/collections/Maps.kt:720
-	fun	plusAssign	-	3	public inline operator fun <K, V> MutableMap<in K, in V>.plusAssign(map: Map<K, V>) {	commonMain/kotlin/collections/Maps.kt:728
1.1	fun	minus	-	3	public operator fun <K, V> Map<out K, V>.minus(key: K): Map<K, V> =	commonMain/kotlin/collections/Maps.kt:738
1.1	fun	minus	-	3	public operator fun <K, V> Map<out K, V>.minus(keys: Iterable<K>): Map<K, V> =	commonMain/kotlin/collections/Maps.kt:748
1.1	fun	minus	-	3	public operator fun <K, V> Map<out K, V>.minus(keys: Array<out K>): Map<K, V> =	commonMain/kotlin/collections/Maps.kt:758
1.1	fun	minus	-	3	public operator fun <K, V> Map<out K, V>.minus(keys: Sequence<K>): Map<K, V> =	commonMain/kotlin/collections/Maps.kt:768
1.1	fun	minusAssign	-	2	public inline operator fun <K, V> MutableMap<K, V>.minusAssign(key: K) {	commonMain/kotlin/collections/Maps.kt:776
1.1	fun	minusAssign	-	2	public inline operator fun <K, V> MutableMap<K, V>.minusAssign(keys: Iterable<K>) {	commonMain/kotlin/collections/Maps.kt:785
1.1	fun	minusAssign	-	2	public inline operator fun <K, V> MutableMap<K, V>.minusAssign(keys: Array<out K>) {	commonMain/kotlin/collections/Maps.kt:794
1.1	fun	minusAssign	-	2	public inline operator fun <K, V> MutableMap<K, V>.minusAssign(keys: Sequence<K>) {	commonMain/kotlin/collections/Maps.kt:803
-	fun	optimizeReadOnlyMap	-	2	internal fun <K, V> Map<K, V>.optimizeReadOnlyMap() = when (size) {	commonMain/kotlin/collections/Maps.kt:809
-	fun	getOrImplicitDefault	-	2	internal fun <K, V> Map<K, V>.getOrImplicitDefault(key: K): V {	commonMain/kotlin/collections/MapWithDefault.kt:20
-	fun	withDefault	-	3	public fun <K, V> Map<K, V>.withDefault(defaultValue: (key: K) -> V): Map<K, V> =	commonMain/kotlin/collections/MapWithDefault.kt:38
-	fun	withDefault	-	3	public fun <K, V> MutableMap<K, V>.withDefault(defaultValue: (key: K) -> V): MutableMap<K, V> =	commonMain/kotlin/collections/MapWithDefault.kt:57
-	interface	MapWithDefault	-	2	private interface MapWithDefault<K, out V> : Map<K, V> {	commonMain/kotlin/collections/MapWithDefault.kt:64
-	val	Map	-	1	public val map: Map<K, V>	commonMain/kotlin/collections/MapWithDefault.kt:65
-	fun	getOrImplicitDefault	-	0	public fun getOrImplicitDefault(key: K): V	commonMain/kotlin/collections/MapWithDefault.kt:66
-	interface	MutableMapWithDefault	-	4	private interface MutableMapWithDefault<K, V> : MutableMap<K, V>, MapWithDefault<K, V> {	commonMain/kotlin/collections/MapWithDefault.kt:69
-	class	MapWithDefaultImpl	-	4	private class MapWithDefaultImpl<K, out V>(public override val map: Map<K, V>, private val default: (key: K) -> V) : MapWithDefault<K, V> {	commonMain/kotlin/collections/MapWithDefault.kt:74
-	class	MutableMapWithDefaultImpl	-	4	private class MutableMapWithDefaultImpl<K, V>(public override val map: MutableMap<K, V>, private val default: (key: K) -> V) : MutableMapWithDefault<K, V> {	commonMain/kotlin/collections/MapWithDefault.kt:90
-	fun	remove	-	0	public inline fun <@kotlin.internal.OnlyInputTypes T> MutableCollection<out T>.remove(element: T): Boolean =	commonMain/kotlin/collections/MutableCollections.kt:20
-	fun	removeAll	-	0	public inline fun <@kotlin.internal.OnlyInputTypes T> MutableCollection<out T>.removeAll(elements: Collection<T>): Boolean =	commonMain/kotlin/collections/MutableCollections.kt:31
-	fun	retainAll	-	0	public inline fun <@kotlin.internal.OnlyInputTypes T> MutableCollection<out T>.retainAll(elements: Collection<T>): Boolean =	commonMain/kotlin/collections/MutableCollections.kt:42
-	fun	plusAssign	-	0	public inline operator fun <T> MutableCollection<in T>.plusAssign(element: T) {	commonMain/kotlin/collections/MutableCollections.kt:49
-	fun	plusAssign	-	0	public inline operator fun <T> MutableCollection<in T>.plusAssign(elements: Iterable<T>) {	commonMain/kotlin/collections/MutableCollections.kt:57
-	fun	plusAssign	-	0	public inline operator fun <T> MutableCollection<in T>.plusAssign(elements: Array<T>) {	commonMain/kotlin/collections/MutableCollections.kt:65
-	fun	plusAssign	-	0	public inline operator fun <T> MutableCollection<in T>.plusAssign(elements: Sequence<T>) {	commonMain/kotlin/collections/MutableCollections.kt:73
-	fun	minusAssign	-	0	public inline operator fun <T> MutableCollection<in T>.minusAssign(element: T) {	commonMain/kotlin/collections/MutableCollections.kt:81
-	fun	minusAssign	-	0	public inline operator fun <T> MutableCollection<in T>.minusAssign(elements: Iterable<T>) {	commonMain/kotlin/collections/MutableCollections.kt:89
-	fun	minusAssign	-	0	public inline operator fun <T> MutableCollection<in T>.minusAssign(elements: Array<T>) {	commonMain/kotlin/collections/MutableCollections.kt:97
-	fun	minusAssign	-	0	public inline operator fun <T> MutableCollection<in T>.minusAssign(elements: Sequence<T>) {	commonMain/kotlin/collections/MutableCollections.kt:105
-	fun	addAll	-	0	public fun <T> MutableCollection<in T>.addAll(elements: Iterable<T>): Boolean {	commonMain/kotlin/collections/MutableCollections.kt:112
-	var	Boolean	-	0	var result: Boolean = false	commonMain/kotlin/collections/MutableCollections.kt:116
-	fun	addAll	-	0	public fun <T> MutableCollection<in T>.addAll(elements: Sequence<T>): Boolean {	commonMain/kotlin/collections/MutableCollections.kt:127
-	var	Boolean	-	0	var result: Boolean = false	commonMain/kotlin/collections/MutableCollections.kt:128
-	fun	addAll	-	0	public fun <T> MutableCollection<in T>.addAll(elements: Array<out T>): Boolean {	commonMain/kotlin/collections/MutableCollections.kt:138
-	fun	convertToListIfNotCollection	-	0	internal fun <T> Iterable<T>.convertToListIfNotCollection(): Collection<T> =	commonMain/kotlin/collections/MutableCollections.kt:146
-	fun	removeAll	-	0	public fun <T> MutableCollection<in T>.removeAll(elements: Iterable<T>): Boolean {	commonMain/kotlin/collections/MutableCollections.kt:152
-	fun	removeAll	-	0	public fun <T> MutableCollection<in T>.removeAll(elements: Sequence<T>): Boolean {	commonMain/kotlin/collections/MutableCollections.kt:159
-	val	list	-	0	val list = elements.toList()	commonMain/kotlin/collections/MutableCollections.kt:160
-	fun	removeAll	-	0	public fun <T> MutableCollection<in T>.removeAll(elements: Array<out T>): Boolean {	commonMain/kotlin/collections/MutableCollections.kt:167
-	fun	retainAll	-	0	public fun <T> MutableCollection<in T>.retainAll(elements: Iterable<T>): Boolean {	commonMain/kotlin/collections/MutableCollections.kt:174
-	fun	retainAll	-	0	public fun <T> MutableCollection<in T>.retainAll(elements: Array<out T>): Boolean {	commonMain/kotlin/collections/MutableCollections.kt:181
-	fun	retainAll	-	0	public fun <T> MutableCollection<in T>.retainAll(elements: Sequence<T>): Boolean {	commonMain/kotlin/collections/MutableCollections.kt:191
-	val	list	-	0	val list = elements.toList()	commonMain/kotlin/collections/MutableCollections.kt:192
-	fun	retainNothing	-	0	private fun MutableCollection<*>.retainNothing(): Boolean {	commonMain/kotlin/collections/MutableCollections.kt:199
-	val	result	-	0	val result = isNotEmpty()	commonMain/kotlin/collections/MutableCollections.kt:200
-	fun	removeAll	-	1	public fun <T> MutableIterable<T>.removeAll(predicate: (T) -> Boolean): Boolean = filterInPlace(predicate, true)	commonMain/kotlin/collections/MutableCollections.kt:211
-	fun	retainAll	-	1	public fun <T> MutableIterable<T>.retainAll(predicate: (T) -> Boolean): Boolean = filterInPlace(predicate, false)	commonMain/kotlin/collections/MutableCollections.kt:218
-	fun	filterInPlace	-	1	private fun <T> MutableIterable<T>.filterInPlace(predicate: (T) -> Boolean, predicateResultToRemove: Boolean): Boolean {	commonMain/kotlin/collections/MutableCollections.kt:220
-	var	result	-	0	var result = false	commonMain/kotlin/collections/MutableCollections.kt:221
-	fun	remove	-	0	public inline fun <T> MutableList<T>.remove(index: Int): T = removeAt(index)	commonMain/kotlin/collections/MutableCollections.kt:239
1.4	fun	removeFirst	-	0	public fun <T> MutableList<T>.removeFirst(): T = if (isEmpty()) throw NoSuchElementException("List is empty.") else removeAt(0)	commonMain/kotlin/collections/MutableCollections.kt:245
1.4	fun	removeFirstOrNull	-	0	public fun <T> MutableList<T>.removeFirstOrNull(): T? = if (isEmpty()) null else removeAt(0)	commonMain/kotlin/collections/MutableCollections.kt:251
1.4	fun	removeLast	-	0	public fun <T> MutableList<T>.removeLast(): T = if (isEmpty()) throw NoSuchElementException("List is empty.") else removeAt(lastIndex)	commonMain/kotlin/collections/MutableCollections.kt:257
1.4	fun	removeLastOrNull	-	0	public fun <T> MutableList<T>.removeLastOrNull(): T? = if (isEmpty()) null else removeAt(lastIndex)	commonMain/kotlin/collections/MutableCollections.kt:263
-	fun	removeAll	-	1	public fun <T> MutableList<T>.removeAll(predicate: (T) -> Boolean): Boolean = filterInPlace(predicate, true)	commonMain/kotlin/collections/MutableCollections.kt:270
-	fun	retainAll	-	1	public fun <T> MutableList<T>.retainAll(predicate: (T) -> Boolean): Boolean = filterInPlace(predicate, false)	commonMain/kotlin/collections/MutableCollections.kt:277
-	fun	filterInPlace	-	1	private fun <T> MutableList<T>.filterInPlace(predicate: (T) -> Boolean, predicateResultToRemove: Boolean): Boolean {	commonMain/kotlin/collections/MutableCollections.kt:279
-	var	Int	-	0	var writeIndex: Int = 0	commonMain/kotlin/collections/MutableCollections.kt:283
-	val	element	-	0	val element = this[readIndex]	commonMain/kotlin/collections/MutableCollections.kt:285
-	class	ByteIterator	-	0	public abstract class ByteIterator : Iterator<Byte> {	commonMain/kotlin/collections/PrimitiveIterators.kt:43
-	fun	nextByte	-	0	public abstract fun nextByte(): Byte	commonMain/kotlin/collections/PrimitiveIterators.kt:51
-	class	CharIterator	-	0	public abstract class CharIterator : Iterator<Char> {	commonMain/kotlin/collections/PrimitiveIterators.kt:85
-	fun	nextChar	-	0	public abstract fun nextChar(): Char	commonMain/kotlin/collections/PrimitiveIterators.kt:93
-	class	ShortIterator	-	0	public abstract class ShortIterator : Iterator<Short> {	commonMain/kotlin/collections/PrimitiveIterators.kt:127
-	fun	nextShort	-	0	public abstract fun nextShort(): Short	commonMain/kotlin/collections/PrimitiveIterators.kt:135
-	class	IntIterator	-	0	public abstract class IntIterator : Iterator<Int> {	commonMain/kotlin/collections/PrimitiveIterators.kt:169
-	fun	nextInt	-	0	public abstract fun nextInt(): Int	commonMain/kotlin/collections/PrimitiveIterators.kt:177
-	class	LongIterator	-	0	public abstract class LongIterator : Iterator<Long> {	commonMain/kotlin/collections/PrimitiveIterators.kt:211
-	fun	nextLong	-	0	public abstract fun nextLong(): Long	commonMain/kotlin/collections/PrimitiveIterators.kt:219
-	class	FloatIterator	-	0	public abstract class FloatIterator : Iterator<Float> {	commonMain/kotlin/collections/PrimitiveIterators.kt:253
-	fun	nextFloat	-	0	public abstract fun nextFloat(): Float	commonMain/kotlin/collections/PrimitiveIterators.kt:261
-	class	DoubleIterator	-	0	public abstract class DoubleIterator : Iterator<Double> {	commonMain/kotlin/collections/PrimitiveIterators.kt:295
-	fun	nextDouble	-	0	public abstract fun nextDouble(): Double	commonMain/kotlin/collections/PrimitiveIterators.kt:303
-	class	BooleanIterator	-	0	public abstract class BooleanIterator : Iterator<Boolean> {	commonMain/kotlin/collections/PrimitiveIterators.kt:337
-	fun	nextBoolean	-	0	public abstract fun nextBoolean(): Boolean	commonMain/kotlin/collections/PrimitiveIterators.kt:345
-	class	ReversedListReadOnly	-	0	private open class ReversedListReadOnly<out T>(private val delegate: List<T>) : AbstractList<T>() {	commonMain/kotlin/collections/ReversedViews.kt:11
-	val	delegateIterator	-	0	val delegateIterator = delegate.listIterator(reversePositionIndex(index))	commonMain/kotlin/collections/ReversedViews.kt:19
-	class	ReversedList	-	0	private class ReversedList<T>(private val delegate: MutableList<T>) : AbstractMutableList<T>() {	commonMain/kotlin/collections/ReversedViews.kt:29
-	val	delegateIterator	-	0	val delegateIterator = delegate.listIterator(reversePositionIndex(index))	commonMain/kotlin/collections/ReversedViews.kt:45
-	fun	reverseElementIndex	-	0	private fun List<*>.reverseElementIndex(index: Int) =	commonMain/kotlin/collections/ReversedViews.kt:64
-	fun	reversePositionIndex	-	0	private fun List<*>.reversePositionIndex(index: Int) =	commonMain/kotlin/collections/ReversedViews.kt:67
-	fun	reverseIteratorIndex	-	0	private fun List<*>.reverseIteratorIndex(index: Int) = lastIndex - index	commonMain/kotlin/collections/ReversedViews.kt:70
-	fun	asReversed	-	0	public fun <T> List<T>.asReversed(): List<T> = ReversedListReadOnly(this)	commonMain/kotlin/collections/ReversedViews.kt:77
-	fun	asReversed	-	0	public fun <T> MutableList<T>.asReversed(): MutableList<T> = ReversedList(this)	commonMain/kotlin/collections/ReversedViews.kt:85
-	object	EmptySet	-	1	internal object EmptySet : Set<Nothing>, Serializable {	commonMain/kotlin/collections/Sets.kt:14
-	val	Long	-	0	private const val serialVersionUID: Long = 3406603774387020532	commonMain/kotlin/collections/Sets.kt:15
-	fun	readResolve	-	0	private fun readResolve(): Any = EmptySet	commonMain/kotlin/collections/Sets.kt:28
-	fun	emptySet	-	0	public fun <T> emptySet(): Set<T> = EmptySet	commonMain/kotlin/collections/Sets.kt:36
-	fun	setOf	-	0	public fun <T> setOf(vararg elements: T): Set<T> = elements.toSet()	commonMain/kotlin/collections/Sets.kt:44
1.9	fun	setOf	-	0	public expect fun <T> setOf(element: T): Set<T>	commonMain/kotlin/collections/Sets.kt:54
-	fun	setOf	-	0	public inline fun <T> setOf(): Set<T> = emptySet()	commonMain/kotlin/collections/Sets.kt:61
1.1	fun	mutableSetOf	-	0	public inline fun <T> mutableSetOf(): MutableSet<T> = LinkedHashSet()	commonMain/kotlin/collections/Sets.kt:71
-	fun	mutableSetOf	-	0	public fun <T> mutableSetOf(vararg elements: T): MutableSet<T> = elements.toCollection(LinkedHashSet(mapCapacity(elements.size)))	commonMain/kotlin/collections/Sets.kt:78
1.1	fun	hashSetOf	-	0	public inline fun <T> hashSetOf(): HashSet<T> = HashSet()	commonMain/kotlin/collections/Sets.kt:83
-	fun	hashSetOf	-	0	public fun <T> hashSetOf(vararg elements: T): HashSet<T> = elements.toCollection(HashSet(mapCapacity(elements.size)))	commonMain/kotlin/collections/Sets.kt:86
1.1	fun	linkedSetOf	-	0	public inline fun <T> linkedSetOf(): LinkedHashSet<T> = LinkedHashSet()	commonMain/kotlin/collections/Sets.kt:94
-	fun	linkedSetOf	-	0	public fun <T> linkedSetOf(vararg elements: T): LinkedHashSet<T> = elements.toCollection(LinkedHashSet(mapCapacity(elements.size)))	commonMain/kotlin/collections/Sets.kt:101
1.4	fun	setOfNotNull	-	0	public fun <T : Any> setOfNotNull(element: T?): Set<T> = if (element != null) setOf(element) else emptySet()	commonMain/kotlin/collections/Sets.kt:109
1.4	fun	setOfNotNull	-	0	public fun <T : Any> setOfNotNull(vararg elements: T?): Set<T> {	commonMain/kotlin/collections/Sets.kt:118
1.6	fun	buildSet	-	0	public inline fun <E> buildSet(@BuilderInference builderAction: MutableSet<E>.() -> Unit): Set<E> {	commonMain/kotlin/collections/Sets.kt:138
1.3	fun	buildSetInternal	-	0	internal expect inline fun <E> buildSetInternal(builderAction: MutableSet<E>.() -> Unit): Set<E>	commonMain/kotlin/collections/Sets.kt:146
1.6	fun	buildSet	-	1	public inline fun <E> buildSet(capacity: Int, @BuilderInference builderAction: MutableSet<E>.() -> Unit): Set<E> {	commonMain/kotlin/collections/Sets.kt:168
1.3	fun	buildSetInternal	-	1	internal expect inline fun <E> buildSetInternal(capacity: Int, builderAction: MutableSet<E>.() -> Unit): Set<E>	commonMain/kotlin/collections/Sets.kt:176
-	fun	orEmpty	-	0	public inline fun <T> Set<T>?.orEmpty(): Set<T> = this ?: emptySet()	commonMain/kotlin/collections/Sets.kt:184
-	fun	optimizeReadOnlySet	-	0	internal fun <T> Set<T>.optimizeReadOnlySet() = when (size) {	commonMain/kotlin/collections/Sets.kt:186
-	fun	checkWindowSizeStep	-	1	internal fun checkWindowSizeStep(size: Int, step: Int) {	commonMain/kotlin/collections/SlidingWindow.kt:8
-	fun	windowedSequence	-	3	internal fun <T> Sequence<T>.windowedSequence(size: Int, step: Int, partialWindows: Boolean, reuseBuffer: Boolean): Sequence<List<T>> {	commonMain/kotlin/collections/SlidingWindow.kt:17
-	fun	windowedIterator	-	4	internal fun <T> windowedIterator(iterator: Iterator<T>, size: Int, step: Int, partialWindows: Boolean, reuseBuffer: Boolean): Iterator<List<T>> {	commonMain/kotlin/collections/SlidingWindow.kt:22
-	val	bufferInitialCapacity	-	0	val bufferInitialCapacity = size.coerceAtMost(1024)	commonMain/kotlin/collections/SlidingWindow.kt:25
-	val	gap	-	0	val gap = step - size	commonMain/kotlin/collections/SlidingWindow.kt:26
-	var	buffer	-	0	var buffer = ArrayList<T>(bufferInitialCapacity)	commonMain/kotlin/collections/SlidingWindow.kt:28
-	var	skip	-	0	var skip = 0	commonMain/kotlin/collections/SlidingWindow.kt:29
-	var	buffer	-	0	var buffer = RingBuffer<T>(bufferInitialCapacity)	commonMain/kotlin/collections/SlidingWindow.kt:43
-	class	MovingSubList	-	1	internal class MovingSubList<out E>(private val list: List<E>) : AbstractList<E>(), RandomAccess {	commonMain/kotlin/collections/SlidingWindow.kt:64
-	var	Int	-	0	private var fromIndex: Int = 0	commonMain/kotlin/collections/SlidingWindow.kt:65
-	var	Int	-	0	private var _size: Int = 0	commonMain/kotlin/collections/SlidingWindow.kt:66
-	fun	move	-	1	fun move(fromIndex: Int, toIndex: Int) {	commonMain/kotlin/collections/SlidingWindow.kt:68
-	class	RingBuffer	-	2	private class RingBuffer<T>(private val buffer: Array<Any?>, filledSize: Int) : AbstractList<T>(), RandomAccess {	commonMain/kotlin/collections/SlidingWindow.kt:89
-	val	capacity	-	0	private val capacity = buffer.size	commonMain/kotlin/collections/SlidingWindow.kt:97
-	var	Int	-	0	private var startIndex: Int = 0	commonMain/kotlin/collections/SlidingWindow.kt:98
-	fun	isFull	-	0	fun isFull() = size == capacity	commonMain/kotlin/collections/SlidingWindow.kt:109
-	var	count	-	0	private var count = size	commonMain/kotlin/collections/SlidingWindow.kt:112
-	var	index	-	0	private var index = startIndex	commonMain/kotlin/collections/SlidingWindow.kt:113
-	val	Array	-	0	val result: Array<T?> =	commonMain/kotlin/collections/SlidingWindow.kt:129
-	val	size	-	0	val size = this.size	commonMain/kotlin/collections/SlidingWindow.kt:132
-	var	widx	-	0	var widx = 0	commonMain/kotlin/collections/SlidingWindow.kt:134
-	var	idx	-	0	var idx = startIndex	commonMain/kotlin/collections/SlidingWindow.kt:135
-	fun	expanded	-	0	fun expanded(maxCapacity: Int): RingBuffer<T> {	commonMain/kotlin/collections/SlidingWindow.kt:161
-	val	newCapacity	-	0	val newCapacity = (capacity + (capacity shr 1) + 1).coerceAtMost(maxCapacity)	commonMain/kotlin/collections/SlidingWindow.kt:162
-	val	newBuffer	-	0	val newBuffer = if (startIndex == 0) buffer.copyOf(newCapacity) else toArray(arrayOfNulls(newCapacity))	commonMain/kotlin/collections/SlidingWindow.kt:163
-	fun	add	-	0	fun add(element: T) {	commonMain/kotlin/collections/SlidingWindow.kt:170
-	fun	removeFirst	-	0	fun removeFirst(n: Int) {	commonMain/kotlin/collections/SlidingWindow.kt:182
-	val	start	-	0	val start = startIndex	commonMain/kotlin/collections/SlidingWindow.kt:187
-	val	end	-	0	val end = start.forward(n)	commonMain/kotlin/collections/SlidingWindow.kt:188
-	fun	forward	Int	0	private inline fun Int.forward(n: Int): Int = (this + n) % capacity	commonMain/kotlin/collections/SlidingWindow.kt:204
-	fun	partition	-	0	private fun partition(	commonMain/kotlin/collections/UArraySorting.kt:10
-	var	i	-	0	var i = left	commonMain/kotlin/collections/UArraySorting.kt:12
-	var	j	-	0	var j = right	commonMain/kotlin/collections/UArraySorting.kt:13
-	val	pivot	-	0	val pivot = array[(left + right) / 2]	commonMain/kotlin/collections/UArraySorting.kt:14
-	val	tmp	-	0	val tmp = array[i]	commonMain/kotlin/collections/UArraySorting.kt:21
-	fun	quickSort	-	0	private fun quickSort(	commonMain/kotlin/collections/UArraySorting.kt:32
-	val	index	-	2	val index = partition(array, left, right)	commonMain/kotlin/collections/UArraySorting.kt:34
-	fun	partition	-	0	private fun partition(	commonMain/kotlin/collections/UArraySorting.kt:43
-	var	i	-	0	var i = left	commonMain/kotlin/collections/UArraySorting.kt:45
-	var	j	-	0	var j = right	commonMain/kotlin/collections/UArraySorting.kt:46
-	val	pivot	-	0	val pivot = array[(left + right) / 2]	commonMain/kotlin/collections/UArraySorting.kt:47
-	val	tmp	-	0	val tmp = array[i]	commonMain/kotlin/collections/UArraySorting.kt:54
-	fun	quickSort	-	0	private fun quickSort(	commonMain/kotlin/collections/UArraySorting.kt:65
-	val	index	-	2	val index = partition(array, left, right)	commonMain/kotlin/collections/UArraySorting.kt:67
-	fun	partition	-	0	private fun partition(	commonMain/kotlin/collections/UArraySorting.kt:76
-	var	i	-	0	var i = left	commonMain/kotlin/collections/UArraySorting.kt:78
-	var	j	-	0	var j = right	commonMain/kotlin/collections/UArraySorting.kt:79
-	val	pivot	-	0	val pivot = array[(left + right) / 2]	commonMain/kotlin/collections/UArraySorting.kt:80
-	val	tmp	-	0	val tmp = array[i]	commonMain/kotlin/collections/UArraySorting.kt:87
-	fun	quickSort	-	0	private fun quickSort(	commonMain/kotlin/collections/UArraySorting.kt:98
-	val	index	-	2	val index = partition(array, left, right)	commonMain/kotlin/collections/UArraySorting.kt:100
-	fun	partition	-	0	private fun partition(	commonMain/kotlin/collections/UArraySorting.kt:109
-	var	i	-	0	var i = left	commonMain/kotlin/collections/UArraySorting.kt:111
-	var	j	-	0	var j = right	commonMain/kotlin/collections/UArraySorting.kt:112
-	val	pivot	-	0	val pivot = array[(left + right) / 2]	commonMain/kotlin/collections/UArraySorting.kt:113
-	val	tmp	-	0	val tmp = array[i]	commonMain/kotlin/collections/UArraySorting.kt:120
-	fun	quickSort	-	0	private fun quickSort(	commonMain/kotlin/collections/UArraySorting.kt:131
-	val	index	-	2	val index = partition(array, left, right)	commonMain/kotlin/collections/UArraySorting.kt:133
-	fun	sortArray	-	4	internal fun sortArray(array: UByteArray, fromIndex: Int, toIndex: Int) = quickSort(array, fromIndex, toIndex - 1)	commonMain/kotlin/collections/UArraySorting.kt:146
-	fun	sortArray	-	4	internal fun sortArray(array: UShortArray, fromIndex: Int, toIndex: Int) = quickSort(array, fromIndex, toIndex - 1)	commonMain/kotlin/collections/UArraySorting.kt:148
-	fun	sortArray	-	4	internal fun sortArray(array: UIntArray, fromIndex: Int, toIndex: Int) = quickSort(array, fromIndex, toIndex - 1)	commonMain/kotlin/collections/UArraySorting.kt:150
-	fun	sortArray	-	4	internal fun sortArray(array: ULongArray, fromIndex: Int, toIndex: Int) = quickSort(array, fromIndex, toIndex - 1)	commonMain/kotlin/collections/UArraySorting.kt:152
-	interface	Iterable	-	0	public expect interface Iterable<out T> {	commonMain/kotlin/Collections.kt:14
-	fun	iterator	-	0	public operator fun iterator(): Iterator<T>	commonMain/kotlin/Collections.kt:18
-	interface	MutableIterable	-	0	public expect interface MutableIterable<out T> : Iterable<T> {	commonMain/kotlin/Collections.kt:26
-	interface	Collection	-	0	public expect interface Collection<out E> : Iterable<E> {	commonMain/kotlin/Collections.kt:38
-	val	Int	-	0	public val size: Int	commonMain/kotlin/Collections.kt:43
-	fun	isEmpty	-	0	public fun isEmpty(): Boolean	commonMain/kotlin/Collections.kt:48
-	fun	contains	-	0	public operator fun contains(element: @UnsafeVariance E): Boolean	commonMain/kotlin/Collections.kt:53
-	fun	containsAll	-	0	public fun containsAll(elements: Collection<@UnsafeVariance E>): Boolean	commonMain/kotlin/Collections.kt:61
-	interface	MutableCollection	-	1	public expect interface MutableCollection<E> : Collection<E>, MutableIterable<E> {	commonMain/kotlin/Collections.kt:69
-	fun	add	-	0	public fun add(element: E): Boolean	commonMain/kotlin/Collections.kt:80
-	fun	remove	-	0	public fun remove(element: E): Boolean	commonMain/kotlin/Collections.kt:88
-	fun	addAll	-	0	public fun addAll(elements: Collection<E>): Boolean	commonMain/kotlin/Collections.kt:96
-	fun	removeAll	-	0	public fun removeAll(elements: Collection<E>): Boolean	commonMain/kotlin/Collections.kt:103
-	fun	retainAll	-	0	public fun retainAll(elements: Collection<E>): Boolean	commonMain/kotlin/Collections.kt:110
-	fun	clear	-	0	public fun clear(): Unit	commonMain/kotlin/Collections.kt:115
-	interface	List	-	0	public expect interface List<out E> : Collection<E> {	commonMain/kotlin/Collections.kt:123
-	fun	get	-	0	public operator fun get(index: Int): E	commonMain/kotlin/Collections.kt:138
-	fun	indexOf	-	0	public fun indexOf(element: @UnsafeVariance E): Int	commonMain/kotlin/Collections.kt:145
-	fun	lastIndexOf	-	0	public fun lastIndexOf(element: @UnsafeVariance E): Int	commonMain/kotlin/Collections.kt:151
-	fun	listIterator	-	0	public fun listIterator(): ListIterator<E>	commonMain/kotlin/Collections.kt:157
-	fun	listIterator	-	0	public fun listIterator(index: Int): ListIterator<E>	commonMain/kotlin/Collections.kt:162
-	fun	subList	-	1	public fun subList(fromIndex: Int, toIndex: Int): List<E>	commonMain/kotlin/Collections.kt:171
-	interface	MutableList	-	1	public expect interface MutableList<E> : List<E>, MutableCollection<E> {	commonMain/kotlin/Collections.kt:178
-	fun	addAll	-	1	public fun addAll(index: Int, elements: Collection<E>): Boolean	commonMain/kotlin/Collections.kt:204
-	fun	set	-	1	public operator fun set(index: Int, element: E): E	commonMain/kotlin/Collections.kt:216
-	fun	add	-	1	public fun add(index: Int, element: E): Unit	commonMain/kotlin/Collections.kt:221
-	fun	removeAt	-	0	public fun removeAt(index: Int): E	commonMain/kotlin/Collections.kt:228
-	interface	Set	-	0	public expect interface Set<out E> : Collection<E> {	commonMain/kotlin/Collections.kt:245
-	interface	MutableSet	-	1	public expect interface MutableSet<E> : Set<E>, MutableCollection<E> {	commonMain/kotlin/Collections.kt:262
-	interface	Map	-	1	public expect interface Map<K, out V> {	commonMain/kotlin/Collections.kt:294
-	val	Int	-	0	public val size: Int	commonMain/kotlin/Collections.kt:299
-	fun	isEmpty	-	0	public fun isEmpty(): Boolean	commonMain/kotlin/Collections.kt:304
-	fun	containsKey	-	0	public fun containsKey(key: K): Boolean	commonMain/kotlin/Collections.kt:309
-	fun	containsValue	-	0	public fun containsValue(value: @UnsafeVariance V): Boolean	commonMain/kotlin/Collections.kt:314
-	fun	get	-	0	public operator fun get(key: K): V?	commonMain/kotlin/Collections.kt:319
-	val	Set	-	0	public val keys: Set<K>	commonMain/kotlin/Collections.kt:325
-	val	Collection	-	0	public val values: Collection<V>	commonMain/kotlin/Collections.kt:330
-	interface	Entry	-	1	public interface Entry<out K, out V> {	commonMain/kotlin/Collections.kt:343
-	val	K	-	0	public val key: K	commonMain/kotlin/Collections.kt:347
-	val	V	-	0	public val value: V	commonMain/kotlin/Collections.kt:352
-	interface	MutableMap	-	2	public expect interface MutableMap<K, V> : Map<K, V> {	commonMain/kotlin/Collections.kt:362
-	fun	put	-	1	public fun put(key: K, value: V): V?	commonMain/kotlin/Collections.kt:369
-	fun	remove	-	0	public fun remove(key: K): V?	commonMain/kotlin/Collections.kt:376
-	fun	putAll	-	1	public fun putAll(from: Map<out K, V>): Unit	commonMain/kotlin/Collections.kt:382
-	fun	clear	-	0	public fun clear(): Unit	commonMain/kotlin/Collections.kt:387
-	interface	MutableEntry	-	2	public interface MutableEntry<K, V> : Map.Entry<K, V> {	commonMain/kotlin/Collections.kt:411
-	fun	setValue	-	0	public fun setValue(newValue: V): V	commonMain/kotlin/Collections.kt:417
-	interface	Iterator	-	0	public expect interface Iterator<out T> {	commonMain/kotlin/Iterator.kt:13
-	fun	next	-	0	public operator fun next(): T	commonMain/kotlin/Iterator.kt:19
-	fun	hasNext	-	0	public operator fun hasNext(): Boolean	commonMain/kotlin/Iterator.kt:24
-	interface	MutableIterator	-	0	public expect interface MutableIterator<out T> : Iterator<T> {	commonMain/kotlin/Iterator.kt:31
-	fun	remove	-	0	public fun remove(): Unit	commonMain/kotlin/Iterator.kt:38
-	interface	ListIterator	-	0	public expect interface ListIterator<out T> : Iterator<T> {	commonMain/kotlin/Iterator.kt:45
-	fun	hasPrevious	-	0	public fun hasPrevious(): Boolean	commonMain/kotlin/Iterator.kt:53
-	fun	previous	-	0	public fun previous(): T	commonMain/kotlin/Iterator.kt:60
-	fun	nextIndex	-	0	public fun nextIndex(): Int	commonMain/kotlin/Iterator.kt:67
-	fun	previousIndex	-	0	public fun previousIndex(): Int	commonMain/kotlin/Iterator.kt:74
-	interface	MutableListIterator	-	1	public expect interface MutableListIterator<T> : ListIterator<T>, MutableIterator<T> {	commonMain/kotlin/Iterator.kt:82
-	fun	set	-	0	public fun set(element: T): Unit	commonMain/kotlin/Iterator.kt:102
-	fun	add	-	0	public fun add(element: T): Unit	commonMain/kotlin/Iterator.kt:112
-	fun	elementAt	-	0	public actual inline fun <T> Array<out T>.elementAt(index: Int): T {	jvmMain/generated/_ArraysJvm.kt:25
-	fun	elementAt	ByteArray	0	public actual inline fun ByteArray.elementAt(index: Int): Byte {	jvmMain/generated/_ArraysJvm.kt:35
-	fun	elementAt	ShortArray	0	public actual inline fun ShortArray.elementAt(index: Int): Short {	jvmMain/generated/_ArraysJvm.kt:45
-	fun	elementAt	IntArray	0	public actual inline fun IntArray.elementAt(index: Int): Int {	jvmMain/generated/_ArraysJvm.kt:55
-	fun	elementAt	LongArray	0	public actual inline fun LongArray.elementAt(index: Int): Long {	jvmMain/generated/_ArraysJvm.kt:65
-	fun	elementAt	FloatArray	0	public actual inline fun FloatArray.elementAt(index: Int): Float {	jvmMain/generated/_ArraysJvm.kt:75
-	fun	elementAt	DoubleArray	0	public actual inline fun DoubleArray.elementAt(index: Int): Double {	jvmMain/generated/_ArraysJvm.kt:85
-	fun	elementAt	BooleanArray	0	public actual inline fun BooleanArray.elementAt(index: Int): Boolean {	jvmMain/generated/_ArraysJvm.kt:95
-	fun	elementAt	CharArray	0	public actual inline fun CharArray.elementAt(index: Int): Char {	jvmMain/generated/_ArraysJvm.kt:105
-	fun	filterIsInstance	-	0	public fun <R> Array<*>.filterIsInstance(klass: Class<R>): List<R> {	jvmMain/generated/_ArraysJvm.kt:114
-	fun	filterIsInstanceTo	-	2	public fun <C : MutableCollection<in R>, R> Array<*>.filterIsInstanceTo(destination: C, klass: Class<R>): C {	jvmMain/generated/_ArraysJvm.kt:123
-	fun	asList	-	0	public actual fun <T> Array<out T>.asList(): List<T> {	jvmMain/generated/_ArraysJvm.kt:132
-	fun	asList	ByteArray	0	public actual fun ByteArray.asList(): List<Byte> {	jvmMain/generated/_ArraysJvm.kt:139
-	fun	asList	ShortArray	0	public actual fun ShortArray.asList(): List<Short> {	jvmMain/generated/_ArraysJvm.kt:153
-	fun	asList	IntArray	0	public actual fun IntArray.asList(): List<Int> {	jvmMain/generated/_ArraysJvm.kt:167
-	fun	asList	LongArray	0	public actual fun LongArray.asList(): List<Long> {	jvmMain/generated/_ArraysJvm.kt:181
-	fun	asList	FloatArray	0	public actual fun FloatArray.asList(): List<Float> {	jvmMain/generated/_ArraysJvm.kt:195
-	fun	asList	DoubleArray	0	public actual fun DoubleArray.asList(): List<Double> {	jvmMain/generated/_ArraysJvm.kt:209
-	fun	asList	BooleanArray	0	public actual fun BooleanArray.asList(): List<Boolean> {	jvmMain/generated/_ArraysJvm.kt:223
-	fun	asList	CharArray	0	public actual fun CharArray.asList(): List<Char> {	jvmMain/generated/_ArraysJvm.kt:237
-	fun	binarySearch	-	3	public fun <T> Array<out T>.binarySearch(element: T, comparator: Comparator<in T>, fromIndex: Int = 0, toIndex: Int = size): Int {	jvmMain/generated/_ArraysJvm.kt:267
-	fun	binarySearch	-	2	public fun <T> Array<out T>.binarySearch(element: T, fromIndex: Int = 0, toIndex: Int = size): Int {	jvmMain/generated/_ArraysJvm.kt:289
-	fun	binarySearch	ByteArray	2	public fun ByteArray.binarySearch(element: Byte, fromIndex: Int = 0, toIndex: Int = size): Int {	jvmMain/generated/_ArraysJvm.kt:311
-	fun	binarySearch	ShortArray	2	public fun ShortArray.binarySearch(element: Short, fromIndex: Int = 0, toIndex: Int = size): Int {	jvmMain/generated/_ArraysJvm.kt:333
-	fun	binarySearch	IntArray	2	public fun IntArray.binarySearch(element: Int, fromIndex: Int = 0, toIndex: Int = size): Int {	jvmMain/generated/_ArraysJvm.kt:355
-	fun	binarySearch	LongArray	2	public fun LongArray.binarySearch(element: Long, fromIndex: Int = 0, toIndex: Int = size): Int {	jvmMain/generated/_ArraysJvm.kt:377
-	fun	binarySearch	FloatArray	2	public fun FloatArray.binarySearch(element: Float, fromIndex: Int = 0, toIndex: Int = size): Int {	jvmMain/generated/_ArraysJvm.kt:399
-	fun	binarySearch	DoubleArray	2	public fun DoubleArray.binarySearch(element: Double, fromIndex: Int = 0, toIndex: Int = size): Int {	jvmMain/generated/_ArraysJvm.kt:421
-	fun	binarySearch	CharArray	2	public fun CharArray.binarySearch(element: Char, fromIndex: Int = 0, toIndex: Int = size): Int {	jvmMain/generated/_ArraysJvm.kt:443
1.1	fun	contentDeepEquals	-	0	public actual inline infix fun <T> Array<out T>.contentDeepEquals(other: Array<out T>): Boolean {	jvmMain/generated/_ArraysJvm.kt:466
1.4	fun	contentDeepEquals	-	0	public actual inline infix fun <T> Array<out T>?.contentDeepEquals(other: Array<out T>?): Boolean {	jvmMain/generated/_ArraysJvm.kt:490
1.1	fun	contentDeepHashCode	-	0	public actual inline fun <T> Array<out T>.contentDeepHashCode(): Int {	jvmMain/generated/_ArraysJvm.kt:504
1.4	fun	contentDeepHashCode	-	0	public actual inline fun <T> Array<out T>?.contentDeepHashCode(): Int {	jvmMain/generated/_ArraysJvm.kt:517
1.1	fun	contentDeepToString	-	0	public actual inline fun <T> Array<out T>.contentDeepToString(): String {	jvmMain/generated/_ArraysJvm.kt:534
1.4	fun	contentDeepToString	-	0	public actual inline fun <T> Array<out T>?.contentDeepToString(): String {	jvmMain/generated/_ArraysJvm.kt:550
1.4	fun	contentEquals	-	0	public actual inline infix fun <T> Array<out T>?.contentEquals(other: Array<out T>?): Boolean {	jvmMain/generated/_ArraysJvm.kt:572
1.4	fun	contentEquals	ByteArray	0	public actual inline infix fun ByteArray?.contentEquals(other: ByteArray?): Boolean {	jvmMain/generated/_ArraysJvm.kt:590
1.4	fun	contentEquals	ShortArray	0	public actual inline infix fun ShortArray?.contentEquals(other: ShortArray?): Boolean {	jvmMain/generated/_ArraysJvm.kt:608
1.4	fun	contentEquals	IntArray	0	public actual inline infix fun IntArray?.contentEquals(other: IntArray?): Boolean {	jvmMain/generated/_ArraysJvm.kt:626
1.4	fun	contentEquals	LongArray	0	public actual inline infix fun LongArray?.contentEquals(other: LongArray?): Boolean {	jvmMain/generated/_ArraysJvm.kt:644
1.4	fun	contentEquals	FloatArray	0	public actual inline infix fun FloatArray?.contentEquals(other: FloatArray?): Boolean {	jvmMain/generated/_ArraysJvm.kt:664
1.4	fun	contentEquals	DoubleArray	0	public actual inline infix fun DoubleArray?.contentEquals(other: DoubleArray?): Boolean {	jvmMain/generated/_ArraysJvm.kt:684
1.4	fun	contentEquals	BooleanArray	0	public actual inline infix fun BooleanArray?.contentEquals(other: BooleanArray?): Boolean {	jvmMain/generated/_ArraysJvm.kt:702
1.4	fun	contentEquals	CharArray	0	public actual inline infix fun CharArray?.contentEquals(other: CharArray?): Boolean {	jvmMain/generated/_ArraysJvm.kt:720
1.4	fun	contentHashCode	-	0	public actual inline fun <T> Array<out T>?.contentHashCode(): Int {	jvmMain/generated/_ArraysJvm.kt:729
1.4	fun	contentHashCode	ByteArray	0	public actual inline fun ByteArray?.contentHashCode(): Int {	jvmMain/generated/_ArraysJvm.kt:738
1.4	fun	contentHashCode	ShortArray	0	public actual inline fun ShortArray?.contentHashCode(): Int {	jvmMain/generated/_ArraysJvm.kt:747
1.4	fun	contentHashCode	IntArray	0	public actual inline fun IntArray?.contentHashCode(): Int {	jvmMain/generated/_ArraysJvm.kt:756
1.4	fun	contentHashCode	LongArray	0	public actual inline fun LongArray?.contentHashCode(): Int {	jvmMain/generated/_ArraysJvm.kt:765
1.4	fun	contentHashCode	FloatArray	0	public actual inline fun FloatArray?.contentHashCode(): Int {	jvmMain/generated/_ArraysJvm.kt:774
1.4	fun	contentHashCode	DoubleArray	0	public actual inline fun DoubleArray?.contentHashCode(): Int {	jvmMain/generated/_ArraysJvm.kt:783
1.4	fun	contentHashCode	BooleanArray	0	public actual inline fun BooleanArray?.contentHashCode(): Int {	jvmMain/generated/_ArraysJvm.kt:792
1.4	fun	contentHashCode	CharArray	0	public actual inline fun CharArray?.contentHashCode(): Int {	jvmMain/generated/_ArraysJvm.kt:801
1.4	fun	contentToString	-	0	public actual inline fun <T> Array<out T>?.contentToString(): String {	jvmMain/generated/_ArraysJvm.kt:812
1.4	fun	contentToString	ByteArray	0	public actual inline fun ByteArray?.contentToString(): String {	jvmMain/generated/_ArraysJvm.kt:823
1.4	fun	contentToString	ShortArray	0	public actual inline fun ShortArray?.contentToString(): String {	jvmMain/generated/_ArraysJvm.kt:834
1.4	fun	contentToString	IntArray	0	public actual inline fun IntArray?.contentToString(): String {	jvmMain/generated/_ArraysJvm.kt:845
1.4	fun	contentToString	LongArray	0	public actual inline fun LongArray?.contentToString(): String {	jvmMain/generated/_ArraysJvm.kt:856
1.4	fun	contentToString	FloatArray	0	public actual inline fun FloatArray?.contentToString(): String {	jvmMain/generated/_ArraysJvm.kt:867
1.4	fun	contentToString	DoubleArray	0	public actual inline fun DoubleArray?.contentToString(): String {	jvmMain/generated/_ArraysJvm.kt:878
1.4	fun	contentToString	BooleanArray	0	public actual inline fun BooleanArray?.contentToString(): String {	jvmMain/generated/_ArraysJvm.kt:889
1.4	fun	contentToString	CharArray	0	public actual inline fun CharArray?.contentToString(): String {	jvmMain/generated/_ArraysJvm.kt:900
1.3	fun	copyInto	-	3	public actual fun <T> Array<out T>.copyInto(destination: Array<T>, destinationOffset: Int = 0, startIndex: Int = 0, endIndex: Int = size): Array<T> {	jvmMain/generated/_ArraysJvm.kt:922
1.3	fun	copyInto	ByteArray	3	public actual fun ByteArray.copyInto(destination: ByteArray, destinationOffset: Int = 0, startIndex: Int = 0, endIndex: Int = size): ByteArray {	jvmMain/generated/_ArraysJvm.kt:945
1.3	fun	copyInto	ShortArray	3	public actual fun ShortArray.copyInto(destination: ShortArray, destinationOffset: Int = 0, startIndex: Int = 0, endIndex: Int = size): ShortArray {	jvmMain/generated/_ArraysJvm.kt:968
1.3	fun	copyInto	IntArray	3	public actual fun IntArray.copyInto(destination: IntArray, destinationOffset: Int = 0, startIndex: Int = 0, endIndex: Int = size): IntArray {	jvmMain/generated/_ArraysJvm.kt:991
1.3	fun	copyInto	LongArray	3	public actual fun LongArray.copyInto(destination: LongArray, destinationOffset: Int = 0, startIndex: Int = 0, endIndex: Int = size): LongArray {	jvmMain/generated/_ArraysJvm.kt:1014
1.3	fun	copyInto	FloatArray	3	public actual fun FloatArray.copyInto(destination: FloatArray, destinationOffset: Int = 0, startIndex: Int = 0, endIndex: Int = size): FloatArray {	jvmMain/generated/_ArraysJvm.kt:1037
1.3	fun	copyInto	DoubleArray	3	public actual fun DoubleArray.copyInto(destination: DoubleArray, destinationOffset: Int = 0, startIndex: Int = 0, endIndex: Int = size): DoubleArray {	jvmMain/generated/_ArraysJvm.kt:1060
1.3	fun	copyInto	BooleanArray	3	public actual fun BooleanArray.copyInto(destination: BooleanArray, destinationOffset: Int = 0, startIndex: Int = 0, endIndex: Int = size): BooleanArray {	jvmMain/generated/_ArraysJvm.kt:1083
1.3	fun	copyInto	CharArray	3	public actual fun CharArray.copyInto(destination: CharArray, destinationOffset: Int = 0, startIndex: Int = 0, endIndex: Int = size): CharArray {	jvmMain/generated/_ArraysJvm.kt:1106
-	fun	copyOf	-	0	public actual inline fun <T> Array<T>.copyOf(): Array<T> {	jvmMain/generated/_ArraysJvm.kt:1117
-	fun	copyOf	ByteArray	0	public actual inline fun ByteArray.copyOf(): ByteArray {	jvmMain/generated/_ArraysJvm.kt:1127
-	fun	copyOf	ShortArray	0	public actual inline fun ShortArray.copyOf(): ShortArray {	jvmMain/generated/_ArraysJvm.kt:1137
-	fun	copyOf	IntArray	0	public actual inline fun IntArray.copyOf(): IntArray {	jvmMain/generated/_ArraysJvm.kt:1147
-	fun	copyOf	LongArray	0	public actual inline fun LongArray.copyOf(): LongArray {	jvmMain/generated/_ArraysJvm.kt:1157
-	fun	copyOf	FloatArray	0	public actual inline fun FloatArray.copyOf(): FloatArray {	jvmMain/generated/_ArraysJvm.kt:1167
-	fun	copyOf	DoubleArray	0	public actual inline fun DoubleArray.copyOf(): DoubleArray {	jvmMain/generated/_ArraysJvm.kt:1177
-	fun	copyOf	BooleanArray	0	public actual inline fun BooleanArray.copyOf(): BooleanArray {	jvmMain/generated/_ArraysJvm.kt:1187
-	fun	copyOf	CharArray	0	public actual inline fun CharArray.copyOf(): CharArray {	jvmMain/generated/_ArraysJvm.kt:1197
-	fun	copyOf	ByteArray	0	public actual inline fun ByteArray.copyOf(newSize: Int): ByteArray {	jvmMain/generated/_ArraysJvm.kt:1211
-	fun	copyOf	ShortArray	0	public actual inline fun ShortArray.copyOf(newSize: Int): ShortArray {	jvmMain/generated/_ArraysJvm.kt:1225
-	fun	copyOf	IntArray	0	public actual inline fun IntArray.copyOf(newSize: Int): IntArray {	jvmMain/generated/_ArraysJvm.kt:1239
-	fun	copyOf	LongArray	0	public actual inline fun LongArray.copyOf(newSize: Int): LongArray {	jvmMain/generated/_ArraysJvm.kt:1253
-	fun	copyOf	FloatArray	0	public actual inline fun FloatArray.copyOf(newSize: Int): FloatArray {	jvmMain/generated/_ArraysJvm.kt:1267
-	fun	copyOf	DoubleArray	0	public actual inline fun DoubleArray.copyOf(newSize: Int): DoubleArray {	jvmMain/generated/_ArraysJvm.kt:1281
-	fun	copyOf	BooleanArray	0	public actual inline fun BooleanArray.copyOf(newSize: Int): BooleanArray {	jvmMain/generated/_ArraysJvm.kt:1295
-	fun	copyOf	CharArray	0	public actual inline fun CharArray.copyOf(newSize: Int): CharArray {	jvmMain/generated/_ArraysJvm.kt:1309
-	fun	copyOf	-	0	public actual inline fun <T> Array<T>.copyOf(newSize: Int): Array<T?> {	jvmMain/generated/_ArraysJvm.kt:1323
-	fun	copyOfRange	-	1	public actual inline fun <T> Array<T>.copyOfRange(fromIndex: Int, toIndex: Int): Array<T> {	jvmMain/generated/_ArraysJvm.kt:1338
-	fun	copyOfRange	ByteArray	1	public actual inline fun ByteArray.copyOfRange(fromIndex: Int, toIndex: Int): ByteArray {	jvmMain/generated/_ArraysJvm.kt:1353
-	fun	copyOfRange	ShortArray	1	public actual inline fun ShortArray.copyOfRange(fromIndex: Int, toIndex: Int): ShortArray {	jvmMain/generated/_ArraysJvm.kt:1368
-	fun	copyOfRange	IntArray	1	public actual inline fun IntArray.copyOfRange(fromIndex: Int, toIndex: Int): IntArray {	jvmMain/generated/_ArraysJvm.kt:1383
-	fun	copyOfRange	LongArray	1	public actual inline fun LongArray.copyOfRange(fromIndex: Int, toIndex: Int): LongArray {	jvmMain/generated/_ArraysJvm.kt:1398
-	fun	copyOfRange	FloatArray	1	public actual inline fun FloatArray.copyOfRange(fromIndex: Int, toIndex: Int): FloatArray {	jvmMain/generated/_ArraysJvm.kt:1413
-	fun	copyOfRange	DoubleArray	1	public actual inline fun DoubleArray.copyOfRange(fromIndex: Int, toIndex: Int): DoubleArray {	jvmMain/generated/_ArraysJvm.kt:1428
-	fun	copyOfRange	BooleanArray	1	public actual inline fun BooleanArray.copyOfRange(fromIndex: Int, toIndex: Int): BooleanArray {	jvmMain/generated/_ArraysJvm.kt:1443
-	fun	copyOfRange	CharArray	1	public actual inline fun CharArray.copyOfRange(fromIndex: Int, toIndex: Int): CharArray {	jvmMain/generated/_ArraysJvm.kt:1458
1.3	fun	copyOfRangeImpl	-	1	internal fun <T> Array<T>.copyOfRangeImpl(fromIndex: Int, toIndex: Int): Array<T> {	jvmMain/generated/_ArraysJvm.kt:1465
1.3	fun	copyOfRangeImpl	ByteArray	1	internal fun ByteArray.copyOfRangeImpl(fromIndex: Int, toIndex: Int): ByteArray {	jvmMain/generated/_ArraysJvm.kt:1473
1.3	fun	copyOfRangeImpl	ShortArray	1	internal fun ShortArray.copyOfRangeImpl(fromIndex: Int, toIndex: Int): ShortArray {	jvmMain/generated/_ArraysJvm.kt:1481
1.3	fun	copyOfRangeImpl	IntArray	1	internal fun IntArray.copyOfRangeImpl(fromIndex: Int, toIndex: Int): IntArray {	jvmMain/generated/_ArraysJvm.kt:1489
1.3	fun	copyOfRangeImpl	LongArray	1	internal fun LongArray.copyOfRangeImpl(fromIndex: Int, toIndex: Int): LongArray {	jvmMain/generated/_ArraysJvm.kt:1497
1.3	fun	copyOfRangeImpl	FloatArray	1	internal fun FloatArray.copyOfRangeImpl(fromIndex: Int, toIndex: Int): FloatArray {	jvmMain/generated/_ArraysJvm.kt:1505
1.3	fun	copyOfRangeImpl	DoubleArray	1	internal fun DoubleArray.copyOfRangeImpl(fromIndex: Int, toIndex: Int): DoubleArray {	jvmMain/generated/_ArraysJvm.kt:1513
1.3	fun	copyOfRangeImpl	BooleanArray	1	internal fun BooleanArray.copyOfRangeImpl(fromIndex: Int, toIndex: Int): BooleanArray {	jvmMain/generated/_ArraysJvm.kt:1521
1.3	fun	copyOfRangeImpl	CharArray	1	internal fun CharArray.copyOfRangeImpl(fromIndex: Int, toIndex: Int): CharArray {	jvmMain/generated/_ArraysJvm.kt:1529
-	fun	fill	-	2	public actual fun <T> Array<T>.fill(element: T, fromIndex: Int = 0, toIndex: Int = size): Unit {	jvmMain/generated/_ArraysJvm.kt:1544
-	fun	fill	ByteArray	2	public actual fun ByteArray.fill(element: Byte, fromIndex: Int = 0, toIndex: Int = size): Unit {	jvmMain/generated/_ArraysJvm.kt:1558
-	fun	fill	ShortArray	2	public actual fun ShortArray.fill(element: Short, fromIndex: Int = 0, toIndex: Int = size): Unit {	jvmMain/generated/_ArraysJvm.kt:1572
-	fun	fill	IntArray	2	public actual fun IntArray.fill(element: Int, fromIndex: Int = 0, toIndex: Int = size): Unit {	jvmMain/generated/_ArraysJvm.kt:1586
-	fun	fill	LongArray	2	public actual fun LongArray.fill(element: Long, fromIndex: Int = 0, toIndex: Int = size): Unit {	jvmMain/generated/_ArraysJvm.kt:1600
-	fun	fill	FloatArray	2	public actual fun FloatArray.fill(element: Float, fromIndex: Int = 0, toIndex: Int = size): Unit {	jvmMain/generated/_ArraysJvm.kt:1614
-	fun	fill	DoubleArray	2	public actual fun DoubleArray.fill(element: Double, fromIndex: Int = 0, toIndex: Int = size): Unit {	jvmMain/generated/_ArraysJvm.kt:1628
-	fun	fill	BooleanArray	2	public actual fun BooleanArray.fill(element: Boolean, fromIndex: Int = 0, toIndex: Int = size): Unit {	jvmMain/generated/_ArraysJvm.kt:1642
-	fun	fill	CharArray	2	public actual fun CharArray.fill(element: Char, fromIndex: Int = 0, toIndex: Int = size): Unit {	jvmMain/generated/_ArraysJvm.kt:1656
-	fun	plus	-	0	public actual operator fun <T> Array<T>.plus(element: T): Array<T> {	jvmMain/generated/_ArraysJvm.kt:1663
-	val	index	-	0	val index = size	jvmMain/generated/_ArraysJvm.kt:1664
-	val	result	-	1	val result = java.util.Arrays.copyOf(this, index + 1)	jvmMain/generated/_ArraysJvm.kt:1665
-	fun	plus	ByteArray	0	public actual operator fun ByteArray.plus(element: Byte): ByteArray {	jvmMain/generated/_ArraysJvm.kt:1673
-	val	index	-	0	val index = size	jvmMain/generated/_ArraysJvm.kt:1674
-	val	result	-	1	val result = java.util.Arrays.copyOf(this, index + 1)	jvmMain/generated/_ArraysJvm.kt:1675
-	fun	plus	ShortArray	0	public actual operator fun ShortArray.plus(element: Short): ShortArray {	jvmMain/generated/_ArraysJvm.kt:1683
-	val	index	-	0	val index = size	jvmMain/generated/_ArraysJvm.kt:1684
-	val	result	-	1	val result = java.util.Arrays.copyOf(this, index + 1)	jvmMain/generated/_ArraysJvm.kt:1685
-	fun	plus	IntArray	0	public actual operator fun IntArray.plus(element: Int): IntArray {	jvmMain/generated/_ArraysJvm.kt:1693
-	val	index	-	0	val index = size	jvmMain/generated/_ArraysJvm.kt:1694
-	val	result	-	1	val result = java.util.Arrays.copyOf(this, index + 1)	jvmMain/generated/_ArraysJvm.kt:1695
-	fun	plus	LongArray	0	public actual operator fun LongArray.plus(element: Long): LongArray {	jvmMain/generated/_ArraysJvm.kt:1703
-	val	index	-	0	val index = size	jvmMain/generated/_ArraysJvm.kt:1704
-	val	result	-	1	val result = java.util.Arrays.copyOf(this, index + 1)	jvmMain/generated/_ArraysJvm.kt:1705
-	fun	plus	FloatArray	0	public actual operator fun FloatArray.plus(element: Float): FloatArray {	jvmMain/generated/_ArraysJvm.kt:1713
-	val	index	-	0	val index = size	jvmMain/generated/_ArraysJvm.kt:1714
-	val	result	-	1	val result = java.util.Arrays.copyOf(this, index + 1)	jvmMain/generated/_ArraysJvm.kt:1715
-	fun	plus	DoubleArray	0	public actual operator fun DoubleArray.plus(element: Double): DoubleArray {	jvmMain/generated/_ArraysJvm.kt:1723
-	val	index	-	0	val index = size	jvmMain/generated/_ArraysJvm.kt:1724
-	val	result	-	1	val result = java.util.Arrays.copyOf(this, index + 1)	jvmMain/generated/_ArraysJvm.kt:1725
-	fun	plus	BooleanArray	0	public actual operator fun BooleanArray.plus(element: Boolean): BooleanArray {	jvmMain/generated/_ArraysJvm.kt:1733
-	val	index	-	0	val index = size	jvmMain/generated/_ArraysJvm.kt:1734
-	val	result	-	1	val result = java.util.Arrays.copyOf(this, index + 1)	jvmMain/generated/_ArraysJvm.kt:1735
-	fun	plus	CharArray	0	public actual operator fun CharArray.plus(element: Char): CharArray {	jvmMain/generated/_ArraysJvm.kt:1743
-	val	index	-	0	val index = size	jvmMain/generated/_ArraysJvm.kt:1744
-	val	result	-	1	val result = java.util.Arrays.copyOf(this, index + 1)	jvmMain/generated/_ArraysJvm.kt:1745
-	fun	plus	-	0	public actual operator fun <T> Array<T>.plus(elements: Collection<T>): Array<T> {	jvmMain/generated/_ArraysJvm.kt:1753
-	var	index	-	0	var index = size	jvmMain/generated/_ArraysJvm.kt:1754
-	val	result	-	1	val result = java.util.Arrays.copyOf(this, index + elements.size)	jvmMain/generated/_ArraysJvm.kt:1755
-	fun	plus	ByteArray	0	public actual operator fun ByteArray.plus(elements: Collection<Byte>): ByteArray {	jvmMain/generated/_ArraysJvm.kt:1763
-	var	index	-	0	var index = size	jvmMain/generated/_ArraysJvm.kt:1764
-	val	result	-	1	val result = java.util.Arrays.copyOf(this, index + elements.size)	jvmMain/generated/_ArraysJvm.kt:1765
-	fun	plus	ShortArray	0	public actual operator fun ShortArray.plus(elements: Collection<Short>): ShortArray {	jvmMain/generated/_ArraysJvm.kt:1773
-	var	index	-	0	var index = size	jvmMain/generated/_ArraysJvm.kt:1774
-	val	result	-	1	val result = java.util.Arrays.copyOf(this, index + elements.size)	jvmMain/generated/_ArraysJvm.kt:1775
-	fun	plus	IntArray	0	public actual operator fun IntArray.plus(elements: Collection<Int>): IntArray {	jvmMain/generated/_ArraysJvm.kt:1783
-	var	index	-	0	var index = size	jvmMain/generated/_ArraysJvm.kt:1784
-	val	result	-	1	val result = java.util.Arrays.copyOf(this, index + elements.size)	jvmMain/generated/_ArraysJvm.kt:1785
-	fun	plus	LongArray	0	public actual operator fun LongArray.plus(elements: Collection<Long>): LongArray {	jvmMain/generated/_ArraysJvm.kt:1793
-	var	index	-	0	var index = size	jvmMain/generated/_ArraysJvm.kt:1794
-	val	result	-	1	val result = java.util.Arrays.copyOf(this, index + elements.size)	jvmMain/generated/_ArraysJvm.kt:1795
-	fun	plus	FloatArray	0	public actual operator fun FloatArray.plus(elements: Collection<Float>): FloatArray {	jvmMain/generated/_ArraysJvm.kt:1803
-	var	index	-	0	var index = size	jvmMain/generated/_ArraysJvm.kt:1804
-	val	result	-	1	val result = java.util.Arrays.copyOf(this, index + elements.size)	jvmMain/generated/_ArraysJvm.kt:1805
-	fun	plus	DoubleArray	0	public actual operator fun DoubleArray.plus(elements: Collection<Double>): DoubleArray {	jvmMain/generated/_ArraysJvm.kt:1813
-	var	index	-	0	var index = size	jvmMain/generated/_ArraysJvm.kt:1814
-	val	result	-	1	val result = java.util.Arrays.copyOf(this, index + elements.size)	jvmMain/generated/_ArraysJvm.kt:1815
-	fun	plus	BooleanArray	0	public actual operator fun BooleanArray.plus(elements: Collection<Boolean>): BooleanArray {	jvmMain/generated/_ArraysJvm.kt:1823
-	var	index	-	0	var index = size	jvmMain/generated/_ArraysJvm.kt:1824
-	val	result	-	1	val result = java.util.Arrays.copyOf(this, index + elements.size)	jvmMain/generated/_ArraysJvm.kt:1825
-	fun	plus	CharArray	0	public actual operator fun CharArray.plus(elements: Collection<Char>): CharArray {	jvmMain/generated/_ArraysJvm.kt:1833
-	var	index	-	0	var index = size	jvmMain/generated/_ArraysJvm.kt:1834
-	val	result	-	1	val result = java.util.Arrays.copyOf(this, index + elements.size)	jvmMain/generated/_ArraysJvm.kt:1835
-	fun	plus	-	0	public actual operator fun <T> Array<T>.plus(elements: Array<out T>): Array<T> {	jvmMain/generated/_ArraysJvm.kt:1843
-	val	thisSize	-	0	val thisSize = size	jvmMain/generated/_ArraysJvm.kt:1844
-	val	arraySize	-	0	val arraySize = elements.size	jvmMain/generated/_ArraysJvm.kt:1845
-	val	result	-	1	val result = java.util.Arrays.copyOf(this, thisSize + arraySize)	jvmMain/generated/_ArraysJvm.kt:1846
-	fun	plus	ByteArray	0	public actual operator fun ByteArray.plus(elements: ByteArray): ByteArray {	jvmMain/generated/_ArraysJvm.kt:1854
-	val	thisSize	-	0	val thisSize = size	jvmMain/generated/_ArraysJvm.kt:1855
-	val	arraySize	-	0	val arraySize = elements.size	jvmMain/generated/_ArraysJvm.kt:1856
-	val	result	-	1	val result = java.util.Arrays.copyOf(this, thisSize + arraySize)	jvmMain/generated/_ArraysJvm.kt:1857
-	fun	plus	ShortArray	0	public actual operator fun ShortArray.plus(elements: ShortArray): ShortArray {	jvmMain/generated/_ArraysJvm.kt:1865
-	val	thisSize	-	0	val thisSize = size	jvmMain/generated/_ArraysJvm.kt:1866
-	val	arraySize	-	0	val arraySize = elements.size	jvmMain/generated/_ArraysJvm.kt:1867
-	val	result	-	1	val result = java.util.Arrays.copyOf(this, thisSize + arraySize)	jvmMain/generated/_ArraysJvm.kt:1868
-	fun	plus	IntArray	0	public actual operator fun IntArray.plus(elements: IntArray): IntArray {	jvmMain/generated/_ArraysJvm.kt:1876
-	val	thisSize	-	0	val thisSize = size	jvmMain/generated/_ArraysJvm.kt:1877
-	val	arraySize	-	0	val arraySize = elements.size	jvmMain/generated/_ArraysJvm.kt:1878
-	val	result	-	1	val result = java.util.Arrays.copyOf(this, thisSize + arraySize)	jvmMain/generated/_ArraysJvm.kt:1879
-	fun	plus	LongArray	0	public actual operator fun LongArray.plus(elements: LongArray): LongArray {	jvmMain/generated/_ArraysJvm.kt:1887
-	val	thisSize	-	0	val thisSize = size	jvmMain/generated/_ArraysJvm.kt:1888
-	val	arraySize	-	0	val arraySize = elements.size	jvmMain/generated/_ArraysJvm.kt:1889
-	val	result	-	1	val result = java.util.Arrays.copyOf(this, thisSize + arraySize)	jvmMain/generated/_ArraysJvm.kt:1890
-	fun	plus	FloatArray	0	public actual operator fun FloatArray.plus(elements: FloatArray): FloatArray {	jvmMain/generated/_ArraysJvm.kt:1898
-	val	thisSize	-	0	val thisSize = size	jvmMain/generated/_ArraysJvm.kt:1899
-	val	arraySize	-	0	val arraySize = elements.size	jvmMain/generated/_ArraysJvm.kt:1900
-	val	result	-	1	val result = java.util.Arrays.copyOf(this, thisSize + arraySize)	jvmMain/generated/_ArraysJvm.kt:1901
-	fun	plus	DoubleArray	0	public actual operator fun DoubleArray.plus(elements: DoubleArray): DoubleArray {	jvmMain/generated/_ArraysJvm.kt:1909
-	val	thisSize	-	0	val thisSize = size	jvmMain/generated/_ArraysJvm.kt:1910
-	val	arraySize	-	0	val arraySize = elements.size	jvmMain/generated/_ArraysJvm.kt:1911
-	val	result	-	1	val result = java.util.Arrays.copyOf(this, thisSize + arraySize)	jvmMain/generated/_ArraysJvm.kt:1912
-	fun	plus	BooleanArray	0	public actual operator fun BooleanArray.plus(elements: BooleanArray): BooleanArray {	jvmMain/generated/_ArraysJvm.kt:1920
-	val	thisSize	-	0	val thisSize = size	jvmMain/generated/_ArraysJvm.kt:1921
-	val	arraySize	-	0	val arraySize = elements.size	jvmMain/generated/_ArraysJvm.kt:1922
-	val	result	-	1	val result = java.util.Arrays.copyOf(this, thisSize + arraySize)	jvmMain/generated/_ArraysJvm.kt:1923
-	fun	plus	CharArray	0	public actual operator fun CharArray.plus(elements: CharArray): CharArray {	jvmMain/generated/_ArraysJvm.kt:1931
-	val	thisSize	-	0	val thisSize = size	jvmMain/generated/_ArraysJvm.kt:1932
-	val	arraySize	-	0	val arraySize = elements.size	jvmMain/generated/_ArraysJvm.kt:1933
-	val	result	-	1	val result = java.util.Arrays.copyOf(this, thisSize + arraySize)	jvmMain/generated/_ArraysJvm.kt:1934
-	fun	plusElement	-	0	public actual inline fun <T> Array<T>.plusElement(element: T): Array<T> {	jvmMain/generated/_ArraysJvm.kt:1943
-	fun	sort	IntArray	0	public actual fun IntArray.sort(): Unit {	jvmMain/generated/_ArraysJvm.kt:1952
-	fun	sort	LongArray	0	public actual fun LongArray.sort(): Unit {	jvmMain/generated/_ArraysJvm.kt:1961
-	fun	sort	ByteArray	0	public actual fun ByteArray.sort(): Unit {	jvmMain/generated/_ArraysJvm.kt:1970
-	fun	sort	ShortArray	0	public actual fun ShortArray.sort(): Unit {	jvmMain/generated/_ArraysJvm.kt:1979
-	fun	sort	DoubleArray	0	public actual fun DoubleArray.sort(): Unit {	jvmMain/generated/_ArraysJvm.kt:1988
-	fun	sort	FloatArray	0	public actual fun FloatArray.sort(): Unit {	jvmMain/generated/_ArraysJvm.kt:1997
-	fun	sort	CharArray	0	public actual fun CharArray.sort(): Unit {	jvmMain/generated/_ArraysJvm.kt:2006
-	fun	sort	-	0	public actual inline fun <T : Comparable<T>> Array<out T>.sort(): Unit {	jvmMain/generated/_ArraysJvm.kt:2018
-	fun	sort	-	0	public fun <T> Array<out T>.sort(): Unit {	jvmMain/generated/_ArraysJvm.kt:2030
1.4	fun	sort	-	1	public actual fun <T : Comparable<T>> Array<out T>.sort(fromIndex: Int = 0, toIndex: Int = size): Unit {	jvmMain/generated/_ArraysJvm.kt:2049
-	fun	sort	ByteArray	1	public actual fun ByteArray.sort(fromIndex: Int = 0, toIndex: Int = size): Unit {	jvmMain/generated/_ArraysJvm.kt:2065
-	fun	sort	ShortArray	1	public actual fun ShortArray.sort(fromIndex: Int = 0, toIndex: Int = size): Unit {	jvmMain/generated/_ArraysJvm.kt:2081
-	fun	sort	IntArray	1	public actual fun IntArray.sort(fromIndex: Int = 0, toIndex: Int = size): Unit {	jvmMain/generated/_ArraysJvm.kt:2097
-	fun	sort	LongArray	1	public actual fun LongArray.sort(fromIndex: Int = 0, toIndex: Int = size): Unit {	jvmMain/generated/_ArraysJvm.kt:2113
-	fun	sort	FloatArray	1	public actual fun FloatArray.sort(fromIndex: Int = 0, toIndex: Int = size): Unit {	jvmMain/generated/_ArraysJvm.kt:2129
-	fun	sort	DoubleArray	1	public actual fun DoubleArray.sort(fromIndex: Int = 0, toIndex: Int = size): Unit {	jvmMain/generated/_ArraysJvm.kt:2145
-	fun	sort	CharArray	1	public actual fun CharArray.sort(fromIndex: Int = 0, toIndex: Int = size): Unit {	jvmMain/generated/_ArraysJvm.kt:2161
-	fun	sort	-	1	public fun <T> Array<out T>.sort(fromIndex: Int = 0, toIndex: Int = size): Unit {	jvmMain/generated/_ArraysJvm.kt:2178
-	fun	sortWith	-	0	public actual fun <T> Array<out T>.sortWith(comparator: Comparator<in T>): Unit {	jvmMain/generated/_ArraysJvm.kt:2187
-	fun	sortWith	-	2	public actual fun <T> Array<out T>.sortWith(comparator: Comparator<in T>, fromIndex: Int = 0, toIndex: Int = size): Unit {	jvmMain/generated/_ArraysJvm.kt:2203
-	fun	toTypedArray	ByteArray	0	public actual fun ByteArray.toTypedArray(): Array<Byte> {	jvmMain/generated/_ArraysJvm.kt:2210
-	val	result	-	0	val result = arrayOfNulls<Byte>(size)	jvmMain/generated/_ArraysJvm.kt:2211
-	fun	toTypedArray	ShortArray	0	public actual fun ShortArray.toTypedArray(): Array<Short> {	jvmMain/generated/_ArraysJvm.kt:2221
-	val	result	-	0	val result = arrayOfNulls<Short>(size)	jvmMain/generated/_ArraysJvm.kt:2222
-	fun	toTypedArray	IntArray	0	public actual fun IntArray.toTypedArray(): Array<Int> {	jvmMain/generated/_ArraysJvm.kt:2232
-	val	result	-	0	val result = arrayOfNulls<Int>(size)	jvmMain/generated/_ArraysJvm.kt:2233
-	fun	toTypedArray	LongArray	0	public actual fun LongArray.toTypedArray(): Array<Long> {	jvmMain/generated/_ArraysJvm.kt:2243
-	val	result	-	0	val result = arrayOfNulls<Long>(size)	jvmMain/generated/_ArraysJvm.kt:2244
-	fun	toTypedArray	FloatArray	0	public actual fun FloatArray.toTypedArray(): Array<Float> {	jvmMain/generated/_ArraysJvm.kt:2254
-	val	result	-	0	val result = arrayOfNulls<Float>(size)	jvmMain/generated/_ArraysJvm.kt:2255
-	fun	toTypedArray	DoubleArray	0	public actual fun DoubleArray.toTypedArray(): Array<Double> {	jvmMain/generated/_ArraysJvm.kt:2265
-	val	result	-	0	val result = arrayOfNulls<Double>(size)	jvmMain/generated/_ArraysJvm.kt:2266
-	fun	toTypedArray	BooleanArray	0	public actual fun BooleanArray.toTypedArray(): Array<Boolean> {	jvmMain/generated/_ArraysJvm.kt:2276
-	val	result	-	0	val result = arrayOfNulls<Boolean>(size)	jvmMain/generated/_ArraysJvm.kt:2277
-	fun	toTypedArray	CharArray	0	public actual fun CharArray.toTypedArray(): Array<Char> {	jvmMain/generated/_ArraysJvm.kt:2287
-	val	result	-	0	val result = arrayOfNulls<Char>(size)	jvmMain/generated/_ArraysJvm.kt:2288
-	fun	toSortedSet	-	0	public fun <T : Comparable<T>> Array<out T>.toSortedSet(): java.util.SortedSet<T> {	jvmMain/generated/_ArraysJvm.kt:2298
-	fun	toSortedSet	ByteArray	0	public fun ByteArray.toSortedSet(): java.util.SortedSet<Byte> {	jvmMain/generated/_ArraysJvm.kt:2305
-	fun	toSortedSet	ShortArray	0	public fun ShortArray.toSortedSet(): java.util.SortedSet<Short> {	jvmMain/generated/_ArraysJvm.kt:2312
-	fun	toSortedSet	IntArray	0	public fun IntArray.toSortedSet(): java.util.SortedSet<Int> {	jvmMain/generated/_ArraysJvm.kt:2319
-	fun	toSortedSet	LongArray	0	public fun LongArray.toSortedSet(): java.util.SortedSet<Long> {	jvmMain/generated/_ArraysJvm.kt:2326
-	fun	toSortedSet	FloatArray	0	public fun FloatArray.toSortedSet(): java.util.SortedSet<Float> {	jvmMain/generated/_ArraysJvm.kt:2333
-	fun	toSortedSet	DoubleArray	0	public fun DoubleArray.toSortedSet(): java.util.SortedSet<Double> {	jvmMain/generated/_ArraysJvm.kt:2340
-	fun	toSortedSet	BooleanArray	0	public fun BooleanArray.toSortedSet(): java.util.SortedSet<Boolean> {	jvmMain/generated/_ArraysJvm.kt:2347
-	fun	toSortedSet	CharArray	0	public fun CharArray.toSortedSet(): java.util.SortedSet<Char> {	jvmMain/generated/_ArraysJvm.kt:2354
-	fun	toSortedSet	-	0	public fun <T> Array<out T>.toSortedSet(comparator: Comparator<in T>): java.util.SortedSet<T> {	jvmMain/generated/_ArraysJvm.kt:2363
1.1	fun	max	-	0	public fun Array<out Double>.max(): Double? {	jvmMain/generated/_ArraysJvm.kt:2371
1.1	fun	max	-	0	public fun Array<out Float>.max(): Float? {	jvmMain/generated/_ArraysJvm.kt:2379
-	fun	max	-	0	public fun <T : Comparable<T>> Array<out T>.max(): T? {	jvmMain/generated/_ArraysJvm.kt:2386
-	fun	max	ByteArray	0	public fun ByteArray.max(): Byte? {	jvmMain/generated/_ArraysJvm.kt:2393
-	fun	max	ShortArray	0	public fun ShortArray.max(): Short? {	jvmMain/generated/_ArraysJvm.kt:2400
-	fun	max	IntArray	0	public fun IntArray.max(): Int? {	jvmMain/generated/_ArraysJvm.kt:2407
-	fun	max	LongArray	0	public fun LongArray.max(): Long? {	jvmMain/generated/_ArraysJvm.kt:2414
-	fun	max	FloatArray	0	public fun FloatArray.max(): Float? {	jvmMain/generated/_ArraysJvm.kt:2421
-	fun	max	DoubleArray	0	public fun DoubleArray.max(): Double? {	jvmMain/generated/_ArraysJvm.kt:2428
-	fun	max	CharArray	0	public fun CharArray.max(): Char? {	jvmMain/generated/_ArraysJvm.kt:2435
-	fun	maxBy	-	1	public inline fun <T, R : Comparable<R>> Array<out T>.maxBy(selector: (T) -> R): T? {	jvmMain/generated/_ArraysJvm.kt:2442
-	fun	maxBy	ByteArray	0	public inline fun <R : Comparable<R>> ByteArray.maxBy(selector: (Byte) -> R): Byte? {	jvmMain/generated/_ArraysJvm.kt:2449
-	fun	maxBy	ShortArray	0	public inline fun <R : Comparable<R>> ShortArray.maxBy(selector: (Short) -> R): Short? {	jvmMain/generated/_ArraysJvm.kt:2456
-	fun	maxBy	IntArray	0	public inline fun <R : Comparable<R>> IntArray.maxBy(selector: (Int) -> R): Int? {	jvmMain/generated/_ArraysJvm.kt:2463
-	fun	maxBy	LongArray	0	public inline fun <R : Comparable<R>> LongArray.maxBy(selector: (Long) -> R): Long? {	jvmMain/generated/_ArraysJvm.kt:2470
-	fun	maxBy	FloatArray	0	public inline fun <R : Comparable<R>> FloatArray.maxBy(selector: (Float) -> R): Float? {	jvmMain/generated/_ArraysJvm.kt:2477
-	fun	maxBy	DoubleArray	0	public inline fun <R : Comparable<R>> DoubleArray.maxBy(selector: (Double) -> R): Double? {	jvmMain/generated/_ArraysJvm.kt:2484
-	fun	maxBy	BooleanArray	0	public inline fun <R : Comparable<R>> BooleanArray.maxBy(selector: (Boolean) -> R): Boolean? {	jvmMain/generated/_ArraysJvm.kt:2491
-	fun	maxBy	CharArray	0	public inline fun <R : Comparable<R>> CharArray.maxBy(selector: (Char) -> R): Char? {	jvmMain/generated/_ArraysJvm.kt:2498
-	fun	maxWith	-	0	public fun <T> Array<out T>.maxWith(comparator: Comparator<in T>): T? {	jvmMain/generated/_ArraysJvm.kt:2505
-	fun	maxWith	ByteArray	0	public fun ByteArray.maxWith(comparator: Comparator<in Byte>): Byte? {	jvmMain/generated/_ArraysJvm.kt:2512
-	fun	maxWith	ShortArray	0	public fun ShortArray.maxWith(comparator: Comparator<in Short>): Short? {	jvmMain/generated/_ArraysJvm.kt:2519
-	fun	maxWith	IntArray	0	public fun IntArray.maxWith(comparator: Comparator<in Int>): Int? {	jvmMain/generated/_ArraysJvm.kt:2526
-	fun	maxWith	LongArray	0	public fun LongArray.maxWith(comparator: Comparator<in Long>): Long? {	jvmMain/generated/_ArraysJvm.kt:2533
-	fun	maxWith	FloatArray	0	public fun FloatArray.maxWith(comparator: Comparator<in Float>): Float? {	jvmMain/generated/_ArraysJvm.kt:2540
-	fun	maxWith	DoubleArray	0	public fun DoubleArray.maxWith(comparator: Comparator<in Double>): Double? {	jvmMain/generated/_ArraysJvm.kt:2547
-	fun	maxWith	BooleanArray	0	public fun BooleanArray.maxWith(comparator: Comparator<in Boolean>): Boolean? {	jvmMain/generated/_ArraysJvm.kt:2554
-	fun	maxWith	CharArray	0	public fun CharArray.maxWith(comparator: Comparator<in Char>): Char? {	jvmMain/generated/_ArraysJvm.kt:2561
1.1	fun	min	-	0	public fun Array<out Double>.min(): Double? {	jvmMain/generated/_ArraysJvm.kt:2569
1.1	fun	min	-	0	public fun Array<out Float>.min(): Float? {	jvmMain/generated/_ArraysJvm.kt:2577
-	fun	min	-	0	public fun <T : Comparable<T>> Array<out T>.min(): T? {	jvmMain/generated/_ArraysJvm.kt:2584
-	fun	min	ByteArray	0	public fun ByteArray.min(): Byte? {	jvmMain/generated/_ArraysJvm.kt:2591
-	fun	min	ShortArray	0	public fun ShortArray.min(): Short? {	jvmMain/generated/_ArraysJvm.kt:2598
-	fun	min	IntArray	0	public fun IntArray.min(): Int? {	jvmMain/generated/_ArraysJvm.kt:2605
-	fun	min	LongArray	0	public fun LongArray.min(): Long? {	jvmMain/generated/_ArraysJvm.kt:2612
-	fun	min	FloatArray	0	public fun FloatArray.min(): Float? {	jvmMain/generated/_ArraysJvm.kt:2619
-	fun	min	DoubleArray	0	public fun DoubleArray.min(): Double? {	jvmMain/generated/_ArraysJvm.kt:2626
-	fun	min	CharArray	0	public fun CharArray.min(): Char? {	jvmMain/generated/_ArraysJvm.kt:2633
-	fun	minBy	-	1	public inline fun <T, R : Comparable<R>> Array<out T>.minBy(selector: (T) -> R): T? {	jvmMain/generated/_ArraysJvm.kt:2640
-	fun	minBy	ByteArray	0	public inline fun <R : Comparable<R>> ByteArray.minBy(selector: (Byte) -> R): Byte? {	jvmMain/generated/_ArraysJvm.kt:2647
-	fun	minBy	ShortArray	0	public inline fun <R : Comparable<R>> ShortArray.minBy(selector: (Short) -> R): Short? {	jvmMain/generated/_ArraysJvm.kt:2654
-	fun	minBy	IntArray	0	public inline fun <R : Comparable<R>> IntArray.minBy(selector: (Int) -> R): Int? {	jvmMain/generated/_ArraysJvm.kt:2661
-	fun	minBy	LongArray	0	public inline fun <R : Comparable<R>> LongArray.minBy(selector: (Long) -> R): Long? {	jvmMain/generated/_ArraysJvm.kt:2668
-	fun	minBy	FloatArray	0	public inline fun <R : Comparable<R>> FloatArray.minBy(selector: (Float) -> R): Float? {	jvmMain/generated/_ArraysJvm.kt:2675
-	fun	minBy	DoubleArray	0	public inline fun <R : Comparable<R>> DoubleArray.minBy(selector: (Double) -> R): Double? {	jvmMain/generated/_ArraysJvm.kt:2682
-	fun	minBy	BooleanArray	0	public inline fun <R : Comparable<R>> BooleanArray.minBy(selector: (Boolean) -> R): Boolean? {	jvmMain/generated/_ArraysJvm.kt:2689
-	fun	minBy	CharArray	0	public inline fun <R : Comparable<R>> CharArray.minBy(selector: (Char) -> R): Char? {	jvmMain/generated/_ArraysJvm.kt:2696
-	fun	minWith	-	0	public fun <T> Array<out T>.minWith(comparator: Comparator<in T>): T? {	jvmMain/generated/_ArraysJvm.kt:2703
-	fun	minWith	ByteArray	0	public fun ByteArray.minWith(comparator: Comparator<in Byte>): Byte? {	jvmMain/generated/_ArraysJvm.kt:2710
-	fun	minWith	ShortArray	0	public fun ShortArray.minWith(comparator: Comparator<in Short>): Short? {	jvmMain/generated/_ArraysJvm.kt:2717
-	fun	minWith	IntArray	0	public fun IntArray.minWith(comparator: Comparator<in Int>): Int? {	jvmMain/generated/_ArraysJvm.kt:2724
-	fun	minWith	LongArray	0	public fun LongArray.minWith(comparator: Comparator<in Long>): Long? {	jvmMain/generated/_ArraysJvm.kt:2731
-	fun	minWith	FloatArray	0	public fun FloatArray.minWith(comparator: Comparator<in Float>): Float? {	jvmMain/generated/_ArraysJvm.kt:2738
-	fun	minWith	DoubleArray	0	public fun DoubleArray.minWith(comparator: Comparator<in Double>): Double? {	jvmMain/generated/_ArraysJvm.kt:2745
-	fun	minWith	BooleanArray	0	public fun BooleanArray.minWith(comparator: Comparator<in Boolean>): Boolean? {	jvmMain/generated/_ArraysJvm.kt:2752
-	fun	minWith	CharArray	0	public fun CharArray.minWith(comparator: Comparator<in Char>): Char? {	jvmMain/generated/_ArraysJvm.kt:2759
1.4	fun	sumOf	-	0	public inline fun <T> Array<out T>.sumOf(selector: (T) -> java.math.BigDecimal): java.math.BigDecimal {	jvmMain/generated/_ArraysJvm.kt:2771
-	var	BigDecimal	java.math	0	var sum: java.math.BigDecimal = 0.toBigDecimal()	jvmMain/generated/_ArraysJvm.kt:2772
1.4	fun	sumOf	ByteArray	0	public inline fun ByteArray.sumOf(selector: (Byte) -> java.math.BigDecimal): java.math.BigDecimal {	jvmMain/generated/_ArraysJvm.kt:2787
-	var	BigDecimal	java.math	0	var sum: java.math.BigDecimal = 0.toBigDecimal()	jvmMain/generated/_ArraysJvm.kt:2788
1.4	fun	sumOf	ShortArray	0	public inline fun ShortArray.sumOf(selector: (Short) -> java.math.BigDecimal): java.math.BigDecimal {	jvmMain/generated/_ArraysJvm.kt:2803
-	var	BigDecimal	java.math	0	var sum: java.math.BigDecimal = 0.toBigDecimal()	jvmMain/generated/_ArraysJvm.kt:2804
1.4	fun	sumOf	IntArray	0	public inline fun IntArray.sumOf(selector: (Int) -> java.math.BigDecimal): java.math.BigDecimal {	jvmMain/generated/_ArraysJvm.kt:2819
-	var	BigDecimal	java.math	0	var sum: java.math.BigDecimal = 0.toBigDecimal()	jvmMain/generated/_ArraysJvm.kt:2820
1.4	fun	sumOf	LongArray	0	public inline fun LongArray.sumOf(selector: (Long) -> java.math.BigDecimal): java.math.BigDecimal {	jvmMain/generated/_ArraysJvm.kt:2835
-	var	BigDecimal	java.math	0	var sum: java.math.BigDecimal = 0.toBigDecimal()	jvmMain/generated/_ArraysJvm.kt:2836
1.4	fun	sumOf	FloatArray	0	public inline fun FloatArray.sumOf(selector: (Float) -> java.math.BigDecimal): java.math.BigDecimal {	jvmMain/generated/_ArraysJvm.kt:2851
-	var	BigDecimal	java.math	0	var sum: java.math.BigDecimal = 0.toBigDecimal()	jvmMain/generated/_ArraysJvm.kt:2852
1.4	fun	sumOf	DoubleArray	0	public inline fun DoubleArray.sumOf(selector: (Double) -> java.math.BigDecimal): java.math.BigDecimal {	jvmMain/generated/_ArraysJvm.kt:2867
-	var	BigDecimal	java.math	0	var sum: java.math.BigDecimal = 0.toBigDecimal()	jvmMain/generated/_ArraysJvm.kt:2868
1.4	fun	sumOf	BooleanArray	0	public inline fun BooleanArray.sumOf(selector: (Boolean) -> java.math.BigDecimal): java.math.BigDecimal {	jvmMain/generated/_ArraysJvm.kt:2883
-	var	BigDecimal	java.math	0	var sum: java.math.BigDecimal = 0.toBigDecimal()	jvmMain/generated/_ArraysJvm.kt:2884
1.4	fun	sumOf	CharArray	0	public inline fun CharArray.sumOf(selector: (Char) -> java.math.BigDecimal): java.math.BigDecimal {	jvmMain/generated/_ArraysJvm.kt:2899
-	var	BigDecimal	java.math	0	var sum: java.math.BigDecimal = 0.toBigDecimal()	jvmMain/generated/_ArraysJvm.kt:2900
1.4	fun	sumOf	-	0	public inline fun <T> Array<out T>.sumOf(selector: (T) -> java.math.BigInteger): java.math.BigInteger {	jvmMain/generated/_ArraysJvm.kt:2915
-	var	BigInteger	java.math	0	var sum: java.math.BigInteger = 0.toBigInteger()	jvmMain/generated/_ArraysJvm.kt:2916
1.4	fun	sumOf	ByteArray	0	public inline fun ByteArray.sumOf(selector: (Byte) -> java.math.BigInteger): java.math.BigInteger {	jvmMain/generated/_ArraysJvm.kt:2931
-	var	BigInteger	java.math	0	var sum: java.math.BigInteger = 0.toBigInteger()	jvmMain/generated/_ArraysJvm.kt:2932
1.4	fun	sumOf	ShortArray	0	public inline fun ShortArray.sumOf(selector: (Short) -> java.math.BigInteger): java.math.BigInteger {	jvmMain/generated/_ArraysJvm.kt:2947
-	var	BigInteger	java.math	0	var sum: java.math.BigInteger = 0.toBigInteger()	jvmMain/generated/_ArraysJvm.kt:2948
1.4	fun	sumOf	IntArray	0	public inline fun IntArray.sumOf(selector: (Int) -> java.math.BigInteger): java.math.BigInteger {	jvmMain/generated/_ArraysJvm.kt:2963
-	var	BigInteger	java.math	0	var sum: java.math.BigInteger = 0.toBigInteger()	jvmMain/generated/_ArraysJvm.kt:2964
1.4	fun	sumOf	LongArray	0	public inline fun LongArray.sumOf(selector: (Long) -> java.math.BigInteger): java.math.BigInteger {	jvmMain/generated/_ArraysJvm.kt:2979
-	var	BigInteger	java.math	0	var sum: java.math.BigInteger = 0.toBigInteger()	jvmMain/generated/_ArraysJvm.kt:2980
1.4	fun	sumOf	FloatArray	0	public inline fun FloatArray.sumOf(selector: (Float) -> java.math.BigInteger): java.math.BigInteger {	jvmMain/generated/_ArraysJvm.kt:2995
-	var	BigInteger	java.math	0	var sum: java.math.BigInteger = 0.toBigInteger()	jvmMain/generated/_ArraysJvm.kt:2996
1.4	fun	sumOf	DoubleArray	0	public inline fun DoubleArray.sumOf(selector: (Double) -> java.math.BigInteger): java.math.BigInteger {	jvmMain/generated/_ArraysJvm.kt:3011
-	var	BigInteger	java.math	0	var sum: java.math.BigInteger = 0.toBigInteger()	jvmMain/generated/_ArraysJvm.kt:3012
1.4	fun	sumOf	BooleanArray	0	public inline fun BooleanArray.sumOf(selector: (Boolean) -> java.math.BigInteger): java.math.BigInteger {	jvmMain/generated/_ArraysJvm.kt:3027
-	var	BigInteger	java.math	0	var sum: java.math.BigInteger = 0.toBigInteger()	jvmMain/generated/_ArraysJvm.kt:3028
1.4	fun	sumOf	CharArray	0	public inline fun CharArray.sumOf(selector: (Char) -> java.math.BigInteger): java.math.BigInteger {	jvmMain/generated/_ArraysJvm.kt:3043
-	var	BigInteger	java.math	0	var sum: java.math.BigInteger = 0.toBigInteger()	jvmMain/generated/_ArraysJvm.kt:3044
-	fun	filterIsInstance	-	0	public fun <R> Iterable<*>.filterIsInstance(klass: Class<R>): List<R> {	jvmMain/generated/_CollectionsJvm.kt:24
-	fun	filterIsInstanceTo	-	2	public fun <C : MutableCollection<in R>, R> Iterable<*>.filterIsInstanceTo(destination: C, klass: Class<R>): C {	jvmMain/generated/_CollectionsJvm.kt:33
-	fun	reverse	-	0	public actual fun <T> MutableList<T>.reverse(): Unit {	jvmMain/generated/_CollectionsJvm.kt:42
-	fun	toSortedSet	-	0	public fun <T : Comparable<T>> Iterable<T>.toSortedSet(): java.util.SortedSet<T> {	jvmMain/generated/_CollectionsJvm.kt:49
-	fun	toSortedSet	-	0	public fun <T> Iterable<T>.toSortedSet(comparator: Comparator<in T>): java.util.SortedSet<T> {	jvmMain/generated/_CollectionsJvm.kt:58
1.1	fun	max	-	0	public fun Iterable<Double>.max(): Double? {	jvmMain/generated/_CollectionsJvm.kt:66
1.1	fun	max	-	0	public fun Iterable<Float>.max(): Float? {	jvmMain/generated/_CollectionsJvm.kt:74
-	fun	max	-	0	public fun <T : Comparable<T>> Iterable<T>.max(): T? {	jvmMain/generated/_CollectionsJvm.kt:81
-	fun	maxBy	-	1	public inline fun <T, R : Comparable<R>> Iterable<T>.maxBy(selector: (T) -> R): T? {	jvmMain/generated/_CollectionsJvm.kt:88
-	fun	maxWith	-	0	public fun <T> Iterable<T>.maxWith(comparator: Comparator<in T>): T? {	jvmMain/generated/_CollectionsJvm.kt:95
1.1	fun	min	-	0	public fun Iterable<Double>.min(): Double? {	jvmMain/generated/_CollectionsJvm.kt:103
1.1	fun	min	-	0	public fun Iterable<Float>.min(): Float? {	jvmMain/generated/_CollectionsJvm.kt:111
-	fun	min	-	0	public fun <T : Comparable<T>> Iterable<T>.min(): T? {	jvmMain/generated/_CollectionsJvm.kt:118
-	fun	minBy	-	1	public inline fun <T, R : Comparable<R>> Iterable<T>.minBy(selector: (T) -> R): T? {	jvmMain/generated/_CollectionsJvm.kt:125
-	fun	minWith	-	0	public fun <T> Iterable<T>.minWith(comparator: Comparator<in T>): T? {	jvmMain/generated/_CollectionsJvm.kt:132
1.4	fun	sumOf	-	0	public inline fun <T> Iterable<T>.sumOf(selector: (T) -> java.math.BigDecimal): java.math.BigDecimal {	jvmMain/generated/_CollectionsJvm.kt:144
-	var	BigDecimal	java.math	0	var sum: java.math.BigDecimal = 0.toBigDecimal()	jvmMain/generated/_CollectionsJvm.kt:145
1.4	fun	sumOf	-	0	public inline fun <T> Iterable<T>.sumOf(selector: (T) -> java.math.BigInteger): java.math.BigInteger {	jvmMain/generated/_CollectionsJvm.kt:160
-	var	BigInteger	java.math	0	var sum: java.math.BigInteger = 0.toBigInteger()	jvmMain/generated/_CollectionsJvm.kt:161
-	fun	maxBy	-	5	public inline fun <K, V, R : Comparable<R>> Map<out K, V>.maxBy(selector: (Map.Entry<K, V>) -> R): Map.Entry<K, V>? {	jvmMain/generated/_MapsJvm.kt:23
-	fun	maxWith	-	4	public inline fun <K, V> Map<out K, V>.maxWith(comparator: Comparator<in Map.Entry<K, V>>): Map.Entry<K, V>? {	jvmMain/generated/_MapsJvm.kt:31
-	fun	minBy	-	5	public inline fun <K, V, R : Comparable<R>> Map<out K, V>.minBy(selector: (Map.Entry<K, V>) -> R): Map.Entry<K, V>? {	jvmMain/generated/_MapsJvm.kt:38
-	fun	minWith	-	4	public fun <K, V> Map<out K, V>.minWith(comparator: Comparator<in Map.Entry<K, V>>): Map.Entry<K, V>? {	jvmMain/generated/_MapsJvm.kt:45
1.3	fun	elementAt	UIntArray	0	public actual inline fun UIntArray.elementAt(index: Int): UInt {	jvmMain/generated/_UArraysJvm.kt:28
1.3	fun	elementAt	ULongArray	0	public actual inline fun ULongArray.elementAt(index: Int): ULong {	jvmMain/generated/_UArraysJvm.kt:40
1.3	fun	elementAt	UByteArray	0	public actual inline fun UByteArray.elementAt(index: Int): UByte {	jvmMain/generated/_UArraysJvm.kt:52
1.3	fun	elementAt	UShortArray	0	public actual inline fun UShortArray.elementAt(index: Int): UShort {	jvmMain/generated/_UArraysJvm.kt:64
1.3	fun	asList	UIntArray	0	public actual fun UIntArray.asList(): List<UInt> {	jvmMain/generated/_UArraysJvm.kt:73
1.3	fun	asList	ULongArray	0	public actual fun ULongArray.asList(): List<ULong> {	jvmMain/generated/_UArraysJvm.kt:89
1.3	fun	asList	UByteArray	0	public actual fun UByteArray.asList(): List<UByte> {	jvmMain/generated/_UArraysJvm.kt:105
1.3	fun	asList	UShortArray	0	public actual fun UShortArray.asList(): List<UShort> {	jvmMain/generated/_UArraysJvm.kt:121
1.3	fun	binarySearch	UIntArray	2	public fun UIntArray.binarySearch(element: UInt, fromIndex: Int = 0, toIndex: Int = size): Int {	jvmMain/generated/_UArraysJvm.kt:152
-	val	signedElement	-	0	val signedElement = element.toInt()	jvmMain/generated/_UArraysJvm.kt:154
-	var	low	-	0	var low = fromIndex	jvmMain/generated/_UArraysJvm.kt:155
-	var	high	-	0	var high = toIndex - 1	jvmMain/generated/_UArraysJvm.kt:156
-	val	mid	-	0	val mid = (low + high).ushr(1)	jvmMain/generated/_UArraysJvm.kt:158
-	val	midVal	-	0	val midVal = storage[mid]	jvmMain/generated/_UArraysJvm.kt:159
-	val	cmp	-	1	val cmp = uintCompare(midVal, signedElement)	jvmMain/generated/_UArraysJvm.kt:160
1.3	fun	binarySearch	ULongArray	2	public fun ULongArray.binarySearch(element: ULong, fromIndex: Int = 0, toIndex: Int = size): Int {	jvmMain/generated/_UArraysJvm.kt:191
-	val	signedElement	-	0	val signedElement = element.toLong()	jvmMain/generated/_UArraysJvm.kt:193
-	var	low	-	0	var low = fromIndex	jvmMain/generated/_UArraysJvm.kt:194
-	var	high	-	0	var high = toIndex - 1	jvmMain/generated/_UArraysJvm.kt:195
-	val	mid	-	0	val mid = (low + high).ushr(1)	jvmMain/generated/_UArraysJvm.kt:197
-	val	midVal	-	0	val midVal = storage[mid]	jvmMain/generated/_UArraysJvm.kt:198
-	val	cmp	-	1	val cmp = ulongCompare(midVal, signedElement)	jvmMain/generated/_UArraysJvm.kt:199
1.3	fun	binarySearch	UByteArray	2	public fun UByteArray.binarySearch(element: UByte, fromIndex: Int = 0, toIndex: Int = size): Int {	jvmMain/generated/_UArraysJvm.kt:230
-	val	signedElement	-	0	val signedElement = element.toInt()	jvmMain/generated/_UArraysJvm.kt:232
-	var	low	-	0	var low = fromIndex	jvmMain/generated/_UArraysJvm.kt:233
-	var	high	-	0	var high = toIndex - 1	jvmMain/generated/_UArraysJvm.kt:234
-	val	mid	-	0	val mid = (low + high).ushr(1)	jvmMain/generated/_UArraysJvm.kt:236
-	val	midVal	-	0	val midVal = storage[mid]	jvmMain/generated/_UArraysJvm.kt:237
-	val	cmp	-	1	val cmp = uintCompare(midVal.toInt(), signedElement)	jvmMain/generated/_UArraysJvm.kt:238
1.3	fun	binarySearch	UShortArray	2	public fun UShortArray.binarySearch(element: UShort, fromIndex: Int = 0, toIndex: Int = size): Int {	jvmMain/generated/_UArraysJvm.kt:269
-	val	signedElement	-	0	val signedElement = element.toInt()	jvmMain/generated/_UArraysJvm.kt:271
-	var	low	-	0	var low = fromIndex	jvmMain/generated/_UArraysJvm.kt:272
-	var	high	-	0	var high = toIndex - 1	jvmMain/generated/_UArraysJvm.kt:273
-	val	mid	-	0	val mid = (low + high).ushr(1)	jvmMain/generated/_UArraysJvm.kt:275
-	val	midVal	-	0	val midVal = storage[mid]	jvmMain/generated/_UArraysJvm.kt:276
-	val	cmp	-	1	val cmp = uintCompare(midVal.toInt(), signedElement)	jvmMain/generated/_UArraysJvm.kt:277
1.3	fun	max	UIntArray	0	public fun UIntArray.max(): UInt? {	jvmMain/generated/_UArraysJvm.kt:293
1.3	fun	max	ULongArray	0	public fun ULongArray.max(): ULong? {	jvmMain/generated/_UArraysJvm.kt:302
1.3	fun	max	UByteArray	0	public fun UByteArray.max(): UByte? {	jvmMain/generated/_UArraysJvm.kt:311
1.3	fun	max	UShortArray	0	public fun UShortArray.max(): UShort? {	jvmMain/generated/_UArraysJvm.kt:320
1.3	fun	maxBy	UIntArray	0	public inline fun <R : Comparable<R>> UIntArray.maxBy(selector: (UInt) -> R): UInt? {	jvmMain/generated/_UArraysJvm.kt:330
1.3	fun	maxBy	ULongArray	0	public inline fun <R : Comparable<R>> ULongArray.maxBy(selector: (ULong) -> R): ULong? {	jvmMain/generated/_UArraysJvm.kt:340
1.3	fun	maxBy	UByteArray	0	public inline fun <R : Comparable<R>> UByteArray.maxBy(selector: (UByte) -> R): UByte? {	jvmMain/generated/_UArraysJvm.kt:350
1.3	fun	maxBy	UShortArray	0	public inline fun <R : Comparable<R>> UShortArray.maxBy(selector: (UShort) -> R): UShort? {	jvmMain/generated/_UArraysJvm.kt:360
1.3	fun	maxWith	UIntArray	0	public fun UIntArray.maxWith(comparator: Comparator<in UInt>): UInt? {	jvmMain/generated/_UArraysJvm.kt:369
1.3	fun	maxWith	ULongArray	0	public fun ULongArray.maxWith(comparator: Comparator<in ULong>): ULong? {	jvmMain/generated/_UArraysJvm.kt:378
1.3	fun	maxWith	UByteArray	0	public fun UByteArray.maxWith(comparator: Comparator<in UByte>): UByte? {	jvmMain/generated/_UArraysJvm.kt:387
1.3	fun	maxWith	UShortArray	0	public fun UShortArray.maxWith(comparator: Comparator<in UShort>): UShort? {	jvmMain/generated/_UArraysJvm.kt:396
1.3	fun	min	UIntArray	0	public fun UIntArray.min(): UInt? {	jvmMain/generated/_UArraysJvm.kt:405
1.3	fun	min	ULongArray	0	public fun ULongArray.min(): ULong? {	jvmMain/generated/_UArraysJvm.kt:414
1.3	fun	min	UByteArray	0	public fun UByteArray.min(): UByte? {	jvmMain/generated/_UArraysJvm.kt:423
1.3	fun	min	UShortArray	0	public fun UShortArray.min(): UShort? {	jvmMain/generated/_UArraysJvm.kt:432
1.3	fun	minBy	UIntArray	0	public inline fun <R : Comparable<R>> UIntArray.minBy(selector: (UInt) -> R): UInt? {	jvmMain/generated/_UArraysJvm.kt:442
1.3	fun	minBy	ULongArray	0	public inline fun <R : Comparable<R>> ULongArray.minBy(selector: (ULong) -> R): ULong? {	jvmMain/generated/_UArraysJvm.kt:452
1.3	fun	minBy	UByteArray	0	public inline fun <R : Comparable<R>> UByteArray.minBy(selector: (UByte) -> R): UByte? {	jvmMain/generated/_UArraysJvm.kt:462
1.3	fun	minBy	UShortArray	0	public inline fun <R : Comparable<R>> UShortArray.minBy(selector: (UShort) -> R): UShort? {	jvmMain/generated/_UArraysJvm.kt:472
1.3	fun	minWith	UIntArray	0	public fun UIntArray.minWith(comparator: Comparator<in UInt>): UInt? {	jvmMain/generated/_UArraysJvm.kt:481
1.3	fun	minWith	ULongArray	0	public fun ULongArray.minWith(comparator: Comparator<in ULong>): ULong? {	jvmMain/generated/_UArraysJvm.kt:490
1.3	fun	minWith	UByteArray	0	public fun UByteArray.minWith(comparator: Comparator<in UByte>): UByte? {	jvmMain/generated/_UArraysJvm.kt:499
1.3	fun	minWith	UShortArray	0	public fun UShortArray.minWith(comparator: Comparator<in UShort>): UShort? {	jvmMain/generated/_UArraysJvm.kt:508
-	fun	sumOf	UIntArray	0	public inline fun UIntArray.sumOf(selector: (UInt) -> java.math.BigDecimal): java.math.BigDecimal {	jvmMain/generated/_UArraysJvm.kt:522
-	var	BigDecimal	java.math	0	var sum: java.math.BigDecimal = 0.toBigDecimal()	jvmMain/generated/_UArraysJvm.kt:523
-	fun	sumOf	ULongArray	0	public inline fun ULongArray.sumOf(selector: (ULong) -> java.math.BigDecimal): java.math.BigDecimal {	jvmMain/generated/_UArraysJvm.kt:540
-	var	BigDecimal	java.math	0	var sum: java.math.BigDecimal = 0.toBigDecimal()	jvmMain/generated/_UArraysJvm.kt:541
-	fun	sumOf	UByteArray	0	public inline fun UByteArray.sumOf(selector: (UByte) -> java.math.BigDecimal): java.math.BigDecimal {	jvmMain/generated/_UArraysJvm.kt:558
-	var	BigDecimal	java.math	0	var sum: java.math.BigDecimal = 0.toBigDecimal()	jvmMain/generated/_UArraysJvm.kt:559
-	fun	sumOf	UShortArray	0	public inline fun UShortArray.sumOf(selector: (UShort) -> java.math.BigDecimal): java.math.BigDecimal {	jvmMain/generated/_UArraysJvm.kt:576
-	var	BigDecimal	java.math	0	var sum: java.math.BigDecimal = 0.toBigDecimal()	jvmMain/generated/_UArraysJvm.kt:577
-	fun	sumOf	UIntArray	0	public inline fun UIntArray.sumOf(selector: (UInt) -> java.math.BigInteger): java.math.BigInteger {	jvmMain/generated/_UArraysJvm.kt:594
-	var	BigInteger	java.math	0	var sum: java.math.BigInteger = 0.toBigInteger()	jvmMain/generated/_UArraysJvm.kt:595
-	fun	sumOf	ULongArray	0	public inline fun ULongArray.sumOf(selector: (ULong) -> java.math.BigInteger): java.math.BigInteger {	jvmMain/generated/_UArraysJvm.kt:612
-	var	BigInteger	java.math	0	var sum: java.math.BigInteger = 0.toBigInteger()	jvmMain/generated/_UArraysJvm.kt:613
-	fun	sumOf	UByteArray	0	public inline fun UByteArray.sumOf(selector: (UByte) -> java.math.BigInteger): java.math.BigInteger {	jvmMain/generated/_UArraysJvm.kt:630
-	var	BigInteger	java.math	0	var sum: java.math.BigInteger = 0.toBigInteger()	jvmMain/generated/_UArraysJvm.kt:631
-	fun	sumOf	UShortArray	0	public inline fun UShortArray.sumOf(selector: (UShort) -> java.math.BigInteger): java.math.BigInteger {	jvmMain/generated/_UArraysJvm.kt:648
-	var	BigInteger	java.math	0	var sum: java.math.BigInteger = 0.toBigInteger()	jvmMain/generated/_UArraysJvm.kt:649
1.2	fun	getOrDefault	-	3	public inline fun <@kotlin.internal.OnlyInputTypes K, V> Map<out K, V>.getOrDefault(key: K, defaultValue: V): V =	jvmMain/jdk8/kotlin/collections/Collections.kt:29
1.2	fun	remove	-	3	public inline fun <@kotlin.internal.OnlyInputTypes K, @kotlin.internal.OnlyInputTypes V> MutableMap<out K, out V>.remove(key: K, value: V): Boolean =	jvmMain/jdk8/kotlin/collections/Collections.kt:39
1.1	class	AbstractMutableCollection	-	1	public actual abstract class AbstractMutableCollection<E> protected actual constructor() : MutableCollection<E>, AbstractCollection<E>() {	jvmMain/kotlin/collections/AbstractMutableCollection.kt:16
1.1	class	AbstractMutableList	-	1	public actual abstract class AbstractMutableList<E> protected actual constructor() : MutableList<E>, AbstractList<E>() {	jvmMain/kotlin/collections/AbstractMutableList.kt:18
1.1	class	AbstractMutableMap	-	4	public actual abstract class AbstractMutableMap<K, V> protected actual constructor() : MutableMap<K, V>, AbstractMap<K, V>() {	jvmMain/kotlin/collections/AbstractMutableMap.kt:19
1.1	class	AbstractMutableSet	-	1	public actual abstract class AbstractMutableSet<E> protected actual constructor() : MutableSet<E>, AbstractSet<E>() {	jvmMain/kotlin/collections/AbstractMutableSet.kt:16
-	fun	orEmpty	-	0	public actual inline fun <reified T> Array<out T>?.orEmpty(): Array<out T> = this ?: emptyArray<T>()	jvmMain/kotlin/collections/ArraysJVM.kt:18
-	fun	toString	ByteArray	1	public inline fun ByteArray.toString(charset: Charset): String = String(this, charset)	jvmMain/kotlin/collections/ArraysJVM.kt:25
-	fun	toTypedArray	-	0	public actual inline fun <reified T> Collection<T>.toTypedArray(): Array<T> {	jvmMain/kotlin/collections/ArraysJVM.kt:35
-	val	thisCollection	-	0	val thisCollection = this as java.util.Collection<T>	jvmMain/kotlin/collections/ArraysJVM.kt:37
-	fun	arrayOfNulls	-	1	internal actual fun <T> arrayOfNulls(reference: Array<T>, size: Int): Array<T> {	jvmMain/kotlin/collections/ArraysJVM.kt:42
1.3	fun	copyOfRangeToIndexCheck	-	1	internal fun copyOfRangeToIndexCheck(toIndex: Int, size: Int) {	jvmMain/kotlin/collections/ArraysJVM.kt:48
1.3	fun	contentDeepHashCodeImpl	-	0	internal fun <T> Array<out T>?.contentDeepHashCodeImpl(): Int =	jvmMain/kotlin/collections/ArraysJVM.kt:56
-	fun	listOf	-	0	public actual fun <T> listOf(element: T): List<T> = java.util.Collections.singletonList(element)	jvmMain/kotlin/collections/CollectionsJVM.kt:21
-	fun	asArrayList	-	0	internal actual inline fun <T> Array<out T>.asArrayList(): ArrayList<T> =	jvmMain/kotlin/collections/CollectionsJVM.kt:27
1.3	fun	buildListInternal	-	0	internal actual inline fun <E> buildListInternal(builderAction: MutableList<E>.() -> Unit): List<E> {	jvmMain/kotlin/collections/CollectionsJVM.kt:33
1.3	fun	buildListInternal	-	1	internal actual inline fun <E> buildListInternal(capacity: Int, builderAction: MutableList<E>.() -> Unit): List<E> {	jvmMain/kotlin/collections/CollectionsJVM.kt:40
1.3	fun	createListBuilder	-	0	internal fun <E> createListBuilder(): MutableList<E> {	jvmMain/kotlin/collections/CollectionsJVM.kt:46
1.3	fun	createListBuilder	-	0	internal fun <E> createListBuilder(capacity: Int): MutableList<E> {	jvmMain/kotlin/collections/CollectionsJVM.kt:52
1.3	fun	build	-	0	internal fun <E> build(builder: MutableList<E>): List<E> {	jvmMain/kotlin/collections/CollectionsJVM.kt:58
-	fun	toList	-	0	public inline fun <T> java.util.Enumeration<T>.toList(): List<T> = java.util.Collections.list(this)	jvmMain/kotlin/collections/CollectionsJVM.kt:68
1.2	fun	shuffled	-	0	public actual fun <T> Iterable<T>.shuffled(): List<T> = toMutableList().apply { shuffle() }	jvmMain/kotlin/collections/CollectionsJVM.kt:75
1.2	fun	shuffled	-	0	public fun <T> Iterable<T>.shuffled(random: java.util.Random): List<T> = toMutableList().apply { shuffle(random) }	jvmMain/kotlin/collections/CollectionsJVM.kt:82
-	fun	collectionToArray	-	0	internal actual inline fun collectionToArray(collection: Collection<*>): Array<Any?> =	jvmMain/kotlin/collections/CollectionsJVM.kt:87
-	fun	collectionToArray	-	1	internal actual inline fun <T> collectionToArray(collection: Collection<*>, array: Array<T>): Array<T> =	jvmMain/kotlin/collections/CollectionsJVM.kt:92
-	fun	terminateCollectionToArray	-	1	internal actual fun <T> terminateCollectionToArray(collectionSize: Int, array: Array<T>): Array<T> {	jvmMain/kotlin/collections/CollectionsJVM.kt:95
-	fun	copyToArrayOfAny	-	0	internal actual fun <T> Array<out T>.copyToArrayOfAny(isVarargs: Boolean): Array<out Any?> =	jvmMain/kotlin/collections/CollectionsJVM.kt:104
1.3	fun	checkIndexOverflow	-	0	internal actual inline fun checkIndexOverflow(index: Int): Int {	jvmMain/kotlin/collections/CollectionsJVM.kt:115
1.3	fun	checkCountOverflow	-	0	internal actual inline fun checkCountOverflow(count: Int): Int {	jvmMain/kotlin/collections/CollectionsJVM.kt:125
1.1	fun	eachCount	-	3	public actual fun <T, K> Grouping<T, K>.eachCount(): Map<K, Int> =	jvmMain/kotlin/collections/GroupingJVM.kt:20
-	fun	eachSumOf	-	3	public inline fun <T, K> Grouping<T, K>.eachSumOf(valueSelector: (T) -> Int): Map<K, Int> =	jvmMain/kotlin/collections/GroupingJVM.kt:34
-	fun	mapValuesInPlace	-	5	internal inline fun <K, V, R> MutableMap<K, V>.mapValuesInPlace(f: (Map.Entry<K, V>) -> R): MutableMap<K, R> {	jvmMain/kotlin/collections/GroupingJVM.kt:47
-	fun	iterator	-	0	public operator fun <T> java.util.Enumeration<T>.iterator(): Iterator<T> = object : Iterator<T> {	jvmMain/kotlin/collections/IteratorsJVM.kt:15
-	fun	mapOf	-	4	public actual fun <K, V> mapOf(pair: Pair<K, V>): Map<K, V> = java.util.Collections.singletonMap(pair.first, pair.second)	jvmMain/kotlin/collections/MapsJVM.kt:26
1.3	fun	buildMapInternal	-	3	internal actual inline fun <K, V> buildMapInternal(builderAction: MutableMap<K, V>.() -> Unit): Map<K, V> {	jvmMain/kotlin/collections/MapsJVM.kt:31
1.3	fun	buildMapInternal	-	4	internal actual inline fun <K, V> buildMapInternal(capacity: Int, builderAction: MutableMap<K, V>.() -> Unit): Map<K, V> {	jvmMain/kotlin/collections/MapsJVM.kt:38
1.3	fun	createMapBuilder	-	2	internal fun <K, V> createMapBuilder(): MutableMap<K, V> {	jvmMain/kotlin/collections/MapsJVM.kt:44
1.3	fun	createMapBuilder	-	2	internal fun <K, V> createMapBuilder(capacity: Int): MutableMap<K, V> {	jvmMain/kotlin/collections/MapsJVM.kt:50
1.3	fun	build	-	3	internal fun <K, V> build(builder: MutableMap<K, V>): Map<K, V> {	jvmMain/kotlin/collections/MapsJVM.kt:56
-	fun	getOrPut	-	3	public inline fun <K, V> ConcurrentMap<K, V>.getOrPut(key: K, defaultValue: () -> V): V {	jvmMain/kotlin/collections/MapsJVM.kt:70
-	fun	toSortedMap	-	3	public fun <K : Comparable<K>, V> Map<out K, V>.toSortedMap(): SortedMap<K, V> = TreeMap(this)	jvmMain/kotlin/collections/MapsJVM.kt:87
-	fun	toSortedMap	-	3	public fun <K, V> Map<out K, V>.toSortedMap(comparator: Comparator<in K>): SortedMap<K, V> =	jvmMain/kotlin/collections/MapsJVM.kt:96
-	fun	sortedMapOf	-	3	public fun <K : Comparable<K>, V> sortedMapOf(vararg pairs: Pair<K, V>): SortedMap<K, V> =	jvmMain/kotlin/collections/MapsJVM.kt:107
1.4	fun	sortedMapOf	-	4	public fun <K, V> sortedMapOf(comparator: Comparator<in K>, vararg pairs: Pair<K, V>): SortedMap<K, V> =	jvmMain/kotlin/collections/MapsJVM.kt:119
-	fun	toProperties	-	1	public inline fun Map<String, String>.toProperties(): Properties =	jvmMain/kotlin/collections/MapsJVM.kt:129
-	fun	toSingletonMapOrSelf	-	3	internal actual inline fun <K, V> Map<K, V>.toSingletonMapOrSelf(): Map<K, V> = toSingletonMap()	jvmMain/kotlin/collections/MapsJVM.kt:135
-	fun	toSingletonMap	-	3	internal actual fun <K, V> Map<out K, V>.toSingletonMap(): Map<K, V> =	jvmMain/kotlin/collections/MapsJVM.kt:138
-	fun	mapCapacity	-	0	internal actual fun mapCapacity(expectedSize: Int): Int = when {	jvmMain/kotlin/collections/MapsJVM.kt:147
-	val	Int	-	0	private const val INT_MAX_POWER_OF_TWO: Int = 1 shl (Int.SIZE_BITS - 2)	jvmMain/kotlin/collections/MapsJVM.kt:156
-	fun	sort	-	0	public inline fun <T> MutableList<T>.sort(comparator: Comparator<in T>): Unit = throw NotImplementedError()	jvmMain/kotlin/collections/MutableCollectionsJVM.kt:15
-	fun	sort	-	1	public inline fun <T> MutableList<T>.sort(comparison: (T, T) -> Int): Unit = throw NotImplementedError()	jvmMain/kotlin/collections/MutableCollectionsJVM.kt:20
-	fun	sort	-	0	public actual fun <T : Comparable<T>> MutableList<T>.sort(): Unit {	jvmMain/kotlin/collections/MutableCollectionsJVM.kt:30
-	fun	sortWith	-	0	public actual fun <T> MutableList<T>.sortWith(comparator: Comparator<in T>): Unit {	jvmMain/kotlin/collections/MutableCollectionsJVM.kt:41
1.2	fun	fill	-	0	public actual inline fun <T> MutableList<T>.fill(value: T) {	jvmMain/kotlin/collections/MutableCollectionsJVM.kt:52
1.2	fun	shuffle	-	0	public actual inline fun <T> MutableList<T>.shuffle() {	jvmMain/kotlin/collections/MutableCollectionsJVM.kt:62
1.2	fun	shuffle	-	0	public inline fun <T> MutableList<T>.shuffle(random: java.util.Random) {	jvmMain/kotlin/collections/MutableCollectionsJVM.kt:71
-	fun	setOf	-	0	public actual fun <T> setOf(element: T): Set<T> = java.util.Collections.singleton(element)	jvmMain/kotlin/collections/SetsJVM.kt:20
1.3	fun	buildSetInternal	-	0	internal actual inline fun <E> buildSetInternal(builderAction: MutableSet<E>.() -> Unit): Set<E> {	jvmMain/kotlin/collections/SetsJVM.kt:25
1.3	fun	buildSetInternal	-	1	internal actual inline fun <E> buildSetInternal(capacity: Int, builderAction: MutableSet<E>.() -> Unit): Set<E> {	jvmMain/kotlin/collections/SetsJVM.kt:32
1.3	fun	createSetBuilder	-	0	internal fun <E> createSetBuilder(): MutableSet<E> {	jvmMain/kotlin/collections/SetsJVM.kt:38
1.3	fun	createSetBuilder	-	0	internal fun <E> createSetBuilder(capacity: Int): MutableSet<E> {	jvmMain/kotlin/collections/SetsJVM.kt:44
1.3	fun	build	-	0	internal fun <E> build(builder: MutableSet<E>): Set<E> {	jvmMain/kotlin/collections/SetsJVM.kt:50
-	fun	sortedSetOf	-	0	public fun <T> sortedSetOf(vararg elements: T): java.util.TreeSet<T> = elements.toCollection(java.util.TreeSet<T>())	jvmMain/kotlin/collections/SetsJVM.kt:58
-	fun	sortedSetOf	-	1	public fun <T> sortedSetOf(comparator: Comparator<in T>, vararg elements: T): java.util.TreeSet<T> = elements.toCollection(java.util.TreeSet<T>(comparator))	jvmMain/kotlin/collections/SetsJVM.kt:63
1.1	typealias	RandomAccess	-	0	@SinceKotlin("1.1") public actual typealias RandomAccess = java.util.RandomAccess	jvmMain/kotlin/collections/TypeAliases.kt:13
1.1	typealias	ArrayList	-	0	@SinceKotlin("1.1") public actual typealias ArrayList<E> = java.util.ArrayList<E>	jvmMain/kotlin/collections/TypeAliases.kt:16
1.1	typealias	LinkedHashMap	-	2	@SinceKotlin("1.1") public actual typealias LinkedHashMap<K, V> = java.util.LinkedHashMap<K, V>	jvmMain/kotlin/collections/TypeAliases.kt:17
1.1	typealias	HashMap	-	2	@SinceKotlin("1.1") public actual typealias HashMap<K, V> = java.util.HashMap<K, V>	jvmMain/kotlin/collections/TypeAliases.kt:18
1.1	typealias	LinkedHashSet	-	0	@SinceKotlin("1.1") public actual typealias LinkedHashSet<E> = java.util.LinkedHashSet<E>	jvmMain/kotlin/collections/TypeAliases.kt:19
1.1	typealias	HashSet	-	0	@SinceKotlin("1.1") public actual typealias HashSet<E> = java.util.HashSet<E>	jvmMain/kotlin/collections/TypeAliases.kt:20
-	interface	Iterable	-	0	public actual interface Iterable<out T> {	jvmMain/kotlin/Collections.kt:18
-	fun	iterator	-	0	public actual operator fun iterator(): Iterator<T>	jvmMain/kotlin/Collections.kt:22
-	interface	MutableIterable	-	0	public actual interface MutableIterable<out T> : Iterable<T> {	jvmMain/kotlin/Collections.kt:30
-	interface	Collection	-	0	public actual interface Collection<out E> : Iterable<E> {	jvmMain/kotlin/Collections.kt:42
-	val	Int	-	0	public actual val size: Int	jvmMain/kotlin/Collections.kt:47
-	fun	isEmpty	-	0	public actual fun isEmpty(): Boolean	jvmMain/kotlin/Collections.kt:52
-	fun	contains	-	0	public actual operator fun contains(element: @UnsafeVariance E): Boolean	jvmMain/kotlin/Collections.kt:57
-	fun	containsAll	-	0	public actual fun containsAll(elements: Collection<@UnsafeVariance E>): Boolean	jvmMain/kotlin/Collections.kt:65
-	interface	MutableCollection	-	1	public actual interface MutableCollection<E> : Collection<E>, MutableIterable<E> {	jvmMain/kotlin/Collections.kt:73
-	fun	add	-	0	public actual fun add(element: E): Boolean	jvmMain/kotlin/Collections.kt:84
-	fun	remove	-	0	public actual fun remove(element: E): Boolean	jvmMain/kotlin/Collections.kt:92
-	fun	addAll	-	0	public actual fun addAll(elements: Collection<E>): Boolean	jvmMain/kotlin/Collections.kt:100
-	fun	removeAll	-	0	public actual fun removeAll(elements: Collection<E>): Boolean	jvmMain/kotlin/Collections.kt:107
-	fun	retainAll	-	0	public actual fun retainAll(elements: Collection<E>): Boolean	jvmMain/kotlin/Collections.kt:114
-	fun	clear	-	0	public actual fun clear(): Unit	jvmMain/kotlin/Collections.kt:119
-	interface	List	-	0	public actual interface List<out E> : Collection<E> {	jvmMain/kotlin/Collections.kt:127
-	fun	get	-	0	public actual operator fun get(index: Int): E	jvmMain/kotlin/Collections.kt:142
-	fun	indexOf	-	0	public actual fun indexOf(element: @UnsafeVariance E): Int	jvmMain/kotlin/Collections.kt:149
-	fun	lastIndexOf	-	0	public actual fun lastIndexOf(element: @UnsafeVariance E): Int	jvmMain/kotlin/Collections.kt:155
-	fun	listIterator	-	0	public actual fun listIterator(): ListIterator<E>	jvmMain/kotlin/Collections.kt:161
-	fun	listIterator	-	0	public actual fun listIterator(index: Int): ListIterator<E>	jvmMain/kotlin/Collections.kt:166
-	fun	subList	-	1	public actual fun subList(fromIndex: Int, toIndex: Int): List<E>	jvmMain/kotlin/Collections.kt:175
-	interface	MutableList	-	1	public actual interface MutableList<E> : List<E>, MutableCollection<E> {	jvmMain/kotlin/Collections.kt:182
-	fun	addAll	-	1	public actual fun addAll(index: Int, elements: Collection<E>): Boolean	jvmMain/kotlin/Collections.kt:208
-	fun	set	-	1	public actual operator fun set(index: Int, element: E): E	jvmMain/kotlin/Collections.kt:220
-	fun	add	-	1	public actual fun add(index: Int, element: E): Unit	jvmMain/kotlin/Collections.kt:225
-	fun	removeAt	-	0	public actual fun removeAt(index: Int): E	jvmMain/kotlin/Collections.kt:232
-	interface	Set	-	0	public actual interface Set<out E> : Collection<E> {	jvmMain/kotlin/Collections.kt:249
-	interface	MutableSet	-	1	public actual interface MutableSet<E> : Set<E>, MutableCollection<E> {	jvmMain/kotlin/Collections.kt:266
-	interface	Map	-	1	public actual interface Map<K, out V> {	jvmMain/kotlin/Collections.kt:298
-	val	Int	-	0	public actual val size: Int	jvmMain/kotlin/Collections.kt:303
-	fun	isEmpty	-	0	public actual fun isEmpty(): Boolean	jvmMain/kotlin/Collections.kt:308
-	fun	containsKey	-	0	public actual fun containsKey(key: K): Boolean	jvmMain/kotlin/Collections.kt:313
-	fun	containsValue	-	0	public actual fun containsValue(value: @UnsafeVariance V): Boolean	jvmMain/kotlin/Collections.kt:318
-	fun	get	-	0	public actual operator fun get(key: K): V?	jvmMain/kotlin/Collections.kt:323
1.1	fun	getOrDefault	-	1	public fun getOrDefault(key: K, defaultValue: @UnsafeVariance V): V {	jvmMain/kotlin/Collections.kt:332
-	val	Set	-	0	public actual val keys: Set<K>	jvmMain/kotlin/Collections.kt:341
-	val	Collection	-	0	public actual val values: Collection<V>	jvmMain/kotlin/Collections.kt:346
-	interface	Entry	-	1	public actual interface Entry<out K, out V> {	jvmMain/kotlin/Collections.kt:359
-	val	K	-	0	public actual val key: K	jvmMain/kotlin/Collections.kt:363
-	val	V	-	0	public actual val value: V	jvmMain/kotlin/Collections.kt:368
-	interface	MutableMap	-	2	public actual interface MutableMap<K, V> : Map<K, V> {	jvmMain/kotlin/Collections.kt:378
-	fun	put	-	1	public actual fun put(key: K, value: V): V?	jvmMain/kotlin/Collections.kt:385
-	fun	remove	-	0	public actual fun remove(key: K): V?	jvmMain/kotlin/Collections.kt:392
1.1	fun	remove	-	1	public fun remove(key: K, value: V): Boolean {	jvmMain/kotlin/Collections.kt:401
-	fun	putAll	-	1	public actual fun putAll(from: Map<out K, V>): Unit	jvmMain/kotlin/Collections.kt:410
-	fun	clear	-	0	public actual fun clear(): Unit	jvmMain/kotlin/Collections.kt:415
-	interface	MutableEntry	-	2	public actual interface MutableEntry<K, V> : Map.Entry<K, V> {	jvmMain/kotlin/Collections.kt:439
-	fun	setValue	-	0	public actual fun setValue(newValue: V): V	jvmMain/kotlin/Collections.kt:445
-	interface	Iterator	-	0	public actual interface Iterator<out T> {	jvmMain/kotlin/Iterator.kt:15
-	fun	next	-	0	public actual operator fun next(): T	jvmMain/kotlin/Iterator.kt:21
-	fun	hasNext	-	0	public actual operator fun hasNext(): Boolean	jvmMain/kotlin/Iterator.kt:26
-	interface	MutableIterator	-	0	public actual interface MutableIterator<out T> : Iterator<T> {	jvmMain/kotlin/Iterator.kt:33
-	fun	remove	-	0	public actual fun remove(): Unit	jvmMain/kotlin/Iterator.kt:40
-	interface	ListIterator	-	0	public actual interface ListIterator<out T> : Iterator<T> {	jvmMain/kotlin/Iterator.kt:47
-	fun	hasPrevious	-	0	public actual fun hasPrevious(): Boolean	jvmMain/kotlin/Iterator.kt:55
-	fun	previous	-	0	public actual fun previous(): T	jvmMain/kotlin/Iterator.kt:62
-	fun	nextIndex	-	0	public actual fun nextIndex(): Int	jvmMain/kotlin/Iterator.kt:69
-	fun	previousIndex	-	0	public actual fun previousIndex(): Int	jvmMain/kotlin/Iterator.kt:76
-	interface	MutableListIterator	-	1	public actual interface MutableListIterator<T> : ListIterator<T>, MutableIterator<T> {	jvmMain/kotlin/Iterator.kt:84
-	fun	set	-	0	public actual fun set(element: T): Unit	jvmMain/kotlin/Iterator.kt:104
-	fun	add	-	0	public actual fun add(element: T): Unit	jvmMain/kotlin/Iterator.kt:114
